[{"path":"src/main/java/Deadline.java","fileType":"java","lines":[{"lineNumber":1,"author":{"gitId":"jeffrey4512"},"content":"public class Deadline extends Task {","lastModifiedDate":"2023-03-09"},{"lineNumber":2,"author":{"gitId":"jeffrey4512"},"content":"    protected String taskType;","lastModifiedDate":"2023-02-03"},{"lineNumber":3,"author":{"gitId":"jeffrey4512"},"content":"    protected String by;","lastModifiedDate":"2023-02-03"},{"lineNumber":4,"author":{"gitId":"jeffrey4512"},"content":"","lastModifiedDate":"2023-03-14"},{"lineNumber":5,"author":{"gitId":"jeffrey4512"},"content":"    public Deadline(String description, String taskType, String by) {","lastModifiedDate":"2023-03-09"},{"lineNumber":6,"author":{"gitId":"jeffrey4512"},"content":"        super(description);","lastModifiedDate":"2023-02-03"},{"lineNumber":7,"author":{"gitId":"jeffrey4512"},"content":"        this.taskType \u003d taskType;","lastModifiedDate":"2023-02-03"},{"lineNumber":8,"author":{"gitId":"jeffrey4512"},"content":"        this.by \u003d by;","lastModifiedDate":"2023-02-03"},{"lineNumber":9,"author":{"gitId":"jeffrey4512"},"content":"    }","lastModifiedDate":"2023-02-03"},{"lineNumber":10,"author":{"gitId":"jeffrey4512"},"content":"","lastModifiedDate":"2023-02-03"},{"lineNumber":11,"author":{"gitId":"jeffrey4512"},"content":"    //Getter Methods","lastModifiedDate":"2023-02-03"},{"lineNumber":12,"author":{"gitId":"jeffrey4512"},"content":"    public String getTaskType() {","lastModifiedDate":"2023-02-03"},{"lineNumber":13,"author":{"gitId":"jeffrey4512"},"content":"        return taskType;","lastModifiedDate":"2023-02-03"},{"lineNumber":14,"author":{"gitId":"jeffrey4512"},"content":"    }","lastModifiedDate":"2023-02-03"},{"lineNumber":15,"author":{"gitId":"jeffrey4512"},"content":"","lastModifiedDate":"2023-02-03"},{"lineNumber":16,"author":{"gitId":"jeffrey4512"},"content":"    public String getBy() {","lastModifiedDate":"2023-02-03"},{"lineNumber":17,"author":{"gitId":"jeffrey4512"},"content":"        return by;","lastModifiedDate":"2023-02-03"},{"lineNumber":18,"author":{"gitId":"jeffrey4512"},"content":"    }","lastModifiedDate":"2023-02-03"},{"lineNumber":19,"author":{"gitId":"jeffrey4512"},"content":"","lastModifiedDate":"2023-02-03"},{"lineNumber":20,"author":{"gitId":"jeffrey4512"},"content":"    //Setter Methods","lastModifiedDate":"2023-03-14"},{"lineNumber":21,"author":{"gitId":"jeffrey4512"},"content":"    public void setBy(String by) {","lastModifiedDate":"2023-03-14"},{"lineNumber":22,"author":{"gitId":"jeffrey4512"},"content":"        this.by \u003d by;","lastModifiedDate":"2023-03-14"},{"lineNumber":23,"author":{"gitId":"jeffrey4512"},"content":"    }","lastModifiedDate":"2023-03-14"},{"lineNumber":24,"author":{"gitId":"jeffrey4512"},"content":"","lastModifiedDate":"2023-03-14"},{"lineNumber":25,"author":{"gitId":"jeffrey4512"},"content":"    public String toString() {","lastModifiedDate":"2023-02-03"},{"lineNumber":26,"author":{"gitId":"jeffrey4512"},"content":"        return super.toString() + \"(by: \" + by + \")\";","lastModifiedDate":"2023-02-03"},{"lineNumber":27,"author":{"gitId":"jeffrey4512"},"content":"    }","lastModifiedDate":"2023-02-03"},{"lineNumber":28,"author":{"gitId":"jeffrey4512"},"content":"}","lastModifiedDate":"2023-02-03"}],"authorContributionMap":{"jeffrey4512":28}},{"path":"src/main/java/Duke.java","fileType":"java","lines":[{"lineNumber":1,"author":{"gitId":"jeffrey4512"},"content":"import java.io.File;","lastModifiedDate":"2023-03-09"},{"lineNumber":2,"author":{"gitId":"jeffrey4512"},"content":"import java.util.List;","lastModifiedDate":"2023-01-21"},{"lineNumber":3,"author":{"gitId":"jeffrey4512"},"content":"","lastModifiedDate":"2023-01-21"},{"lineNumber":4,"author":{"gitId":"jeffrey4512"},"content":"/**","lastModifiedDate":"2023-03-14"},{"lineNumber":5,"author":{"gitId":"jeffrey4512"},"content":" * @author Ng Kwang Hai Jeffrey (A0227137H)","lastModifiedDate":"2023-03-14"},{"lineNumber":6,"author":{"gitId":"jeffrey4512"},"content":" */","lastModifiedDate":"2023-03-14"},{"lineNumber":7,"author":{"gitId":"-"},"content":"public class Duke {","lastModifiedDate":"2019-07-29"},{"lineNumber":8,"author":{"gitId":"jeffrey4512"},"content":"    private Storage storage;","lastModifiedDate":"2023-03-09"},{"lineNumber":9,"author":{"gitId":"jeffrey4512"},"content":"    private List\u003cTask\u003e tasks;","lastModifiedDate":"2023-03-09"},{"lineNumber":10,"author":{"gitId":"jeffrey4512"},"content":"    private Ui ui;","lastModifiedDate":"2023-03-14"},{"lineNumber":11,"author":{"gitId":"jeffrey4512"},"content":"","lastModifiedDate":"2023-03-14"},{"lineNumber":12,"author":{"gitId":"jeffrey4512"},"content":"    /**","lastModifiedDate":"2023-03-14"},{"lineNumber":13,"author":{"gitId":"jeffrey4512"},"content":"     * The Duke class represents the main component of the Duke application.","lastModifiedDate":"2023-03-14"},{"lineNumber":14,"author":{"gitId":"jeffrey4512"},"content":"     *","lastModifiedDate":"2023-03-14"},{"lineNumber":15,"author":{"gitId":"jeffrey4512"},"content":"     * @param filename the name of the file to store the data.","lastModifiedDate":"2023-03-14"},{"lineNumber":16,"author":{"gitId":"jeffrey4512"},"content":"     * @throws DukeException if there is an error creating the directory or initializing the storage.","lastModifiedDate":"2023-03-14"},{"lineNumber":17,"author":{"gitId":"jeffrey4512"},"content":"     */","lastModifiedDate":"2023-03-14"},{"lineNumber":18,"author":{"gitId":"jeffrey4512"},"content":"    public Duke(String filename) throws DukeException {","lastModifiedDate":"2023-03-14"},{"lineNumber":19,"author":{"gitId":"jeffrey4512"},"content":"        ui \u003d new Ui();","lastModifiedDate":"2023-03-14"},{"lineNumber":20,"author":{"gitId":"jeffrey4512"},"content":"        File directory \u003d new File(\"data\"); //The directory of the save file.","lastModifiedDate":"2023-03-14"},{"lineNumber":21,"author":{"gitId":"jeffrey4512"},"content":"        if (!directory.exists()) {","lastModifiedDate":"2023-03-09"},{"lineNumber":22,"author":{"gitId":"jeffrey4512"},"content":"            System.out.println(\"Directory doesn\u0027t exist, creating it now\");","lastModifiedDate":"2023-03-09"},{"lineNumber":23,"author":{"gitId":"jeffrey4512"},"content":"            boolean isDirCreated \u003d directory.mkdir();","lastModifiedDate":"2023-03-14"},{"lineNumber":24,"author":{"gitId":"jeffrey4512"},"content":"            if (isDirCreated) {","lastModifiedDate":"2023-03-14"},{"lineNumber":25,"author":{"gitId":"jeffrey4512"},"content":"                System.out.println(\"Directory created!\");","lastModifiedDate":"2023-03-14"},{"lineNumber":26,"author":{"gitId":"jeffrey4512"},"content":"            } else {","lastModifiedDate":"2023-03-14"},{"lineNumber":27,"author":{"gitId":"jeffrey4512"},"content":"                throw new DukeException(\"OOPS! Failed to create directory, please check your folder permission!\");","lastModifiedDate":"2023-03-14"},{"lineNumber":28,"author":{"gitId":"jeffrey4512"},"content":"            }","lastModifiedDate":"2023-03-14"},{"lineNumber":29,"author":{"gitId":"jeffrey4512"},"content":"        }","lastModifiedDate":"2023-02-03"},{"lineNumber":30,"author":{"gitId":"jeffrey4512"},"content":"        storage \u003d new Storage(filename);","lastModifiedDate":"2023-03-10"},{"lineNumber":31,"author":{"gitId":"jeffrey4512"},"content":"    }","lastModifiedDate":"2023-01-30"},{"lineNumber":32,"author":{"gitId":"jeffrey4512"},"content":"","lastModifiedDate":"2023-02-03"},{"lineNumber":33,"author":{"gitId":"jeffrey4512"},"content":"    public static void main(String[] args) throws DukeException {","lastModifiedDate":"2023-03-14"},{"lineNumber":34,"author":{"gitId":"jeffrey4512"},"content":"        new Duke(\"data/duke.txt\").run();","lastModifiedDate":"2023-03-14"},{"lineNumber":35,"author":{"gitId":"jeffrey4512"},"content":"    }","lastModifiedDate":"2023-03-14"},{"lineNumber":36,"author":{"gitId":"jeffrey4512"},"content":"","lastModifiedDate":"2023-03-09"},{"lineNumber":37,"author":{"gitId":"jeffrey4512"},"content":"    /**","lastModifiedDate":"2023-03-14"},{"lineNumber":38,"author":{"gitId":"jeffrey4512"},"content":"     * The run method handles the main functionality of the Duke application.","lastModifiedDate":"2023-03-14"},{"lineNumber":39,"author":{"gitId":"jeffrey4512"},"content":"     * It reads user input and performs the actions based on the command entered by the user.","lastModifiedDate":"2023-03-14"},{"lineNumber":40,"author":{"gitId":"jeffrey4512"},"content":"     */","lastModifiedDate":"2023-03-14"},{"lineNumber":41,"author":{"gitId":"jeffrey4512"},"content":"    public void run() {","lastModifiedDate":"2023-03-10"},{"lineNumber":42,"author":{"gitId":"jeffrey4512"},"content":"        ui.showWelcome(); //Display logo","lastModifiedDate":"2023-03-14"},{"lineNumber":43,"author":{"gitId":"jeffrey4512"},"content":"        Parser parser \u003d new Parser();","lastModifiedDate":"2023-03-10"},{"lineNumber":44,"author":{"gitId":"jeffrey4512"},"content":"        String userInput \u003d \"\";","lastModifiedDate":"2023-01-21"},{"lineNumber":45,"author":{"gitId":"jeffrey4512"},"content":"        Task t;","lastModifiedDate":"2023-03-09"},{"lineNumber":46,"author":{"gitId":"jeffrey4512"},"content":"        TaskList tasks \u003d new TaskList();","lastModifiedDate":"2023-03-09"},{"lineNumber":47,"author":{"gitId":"jeffrey4512"},"content":"        try {","lastModifiedDate":"2023-03-14"},{"lineNumber":48,"author":{"gitId":"jeffrey4512"},"content":"            tasks \u003d new TaskList(storage.load());","lastModifiedDate":"2023-03-14"},{"lineNumber":49,"author":{"gitId":"jeffrey4512"},"content":"        } catch (Exception e) {","lastModifiedDate":"2023-03-14"},{"lineNumber":50,"author":{"gitId":"jeffrey4512"},"content":"            System.out.println(e.getMessage());","lastModifiedDate":"2023-03-14"},{"lineNumber":51,"author":{"gitId":"jeffrey4512"},"content":"            ui.showLoadingError();","lastModifiedDate":"2023-03-14"},{"lineNumber":52,"author":{"gitId":"jeffrey4512"},"content":"        }","lastModifiedDate":"2023-03-14"},{"lineNumber":53,"author":{"gitId":"jeffrey4512"},"content":"","lastModifiedDate":"2023-03-14"},{"lineNumber":54,"author":{"gitId":"jeffrey4512"},"content":"        while (!userInput.equals(\"bye\")) {","lastModifiedDate":"2023-01-21"},{"lineNumber":55,"author":{"gitId":"jeffrey4512"},"content":"            //Read user input.","lastModifiedDate":"2023-01-30"},{"lineNumber":56,"author":{"gitId":"jeffrey4512"},"content":"            userInput \u003d ui.readCommand();","lastModifiedDate":"2023-03-14"},{"lineNumber":57,"author":{"gitId":"jeffrey4512"},"content":"            ui.showLine(); // show the divider line (\"_______\")","lastModifiedDate":"2023-03-14"},{"lineNumber":58,"author":{"gitId":"jeffrey4512"},"content":"","lastModifiedDate":"2023-03-14"},{"lineNumber":59,"author":{"gitId":"jeffrey4512"},"content":"            try {","lastModifiedDate":"2023-02-08"},{"lineNumber":60,"author":{"gitId":"jeffrey4512"},"content":"                //Exit the chatbot.","lastModifiedDate":"2023-01-21"},{"lineNumber":61,"author":{"gitId":"jeffrey4512"},"content":"                if (userInput.equals(\"bye\")) {","lastModifiedDate":"2023-01-21"},{"lineNumber":62,"author":{"gitId":"jeffrey4512"},"content":"                    System.out.println(\"Bye. Hope to see you again soon!\");","lastModifiedDate":"2023-01-21"},{"lineNumber":63,"author":{"gitId":"jeffrey4512"},"content":"                } else if (parser.isListCommand(userInput)) {","lastModifiedDate":"2023-03-09"},{"lineNumber":64,"author":{"gitId":"jeffrey4512"},"content":"                    //List out all the elements stored.","lastModifiedDate":"2023-03-10"},{"lineNumber":65,"author":{"gitId":"jeffrey4512"},"content":"                    tasks.listTasks();","lastModifiedDate":"2023-03-09"},{"lineNumber":66,"author":{"gitId":"jeffrey4512"},"content":"                } else if (parser.isDeleteCommand(userInput)) {","lastModifiedDate":"2023-03-09"},{"lineNumber":67,"author":{"gitId":"jeffrey4512"},"content":"                    //Deletes a task.","lastModifiedDate":"2023-02-09"},{"lineNumber":68,"author":{"gitId":"jeffrey4512"},"content":"                    tasks.updateTask(userInput);","lastModifiedDate":"2023-03-10"},{"lineNumber":69,"author":{"gitId":"jeffrey4512"},"content":"                } else if (parser.isMarkCommand(userInput)) {","lastModifiedDate":"2023-03-09"},{"lineNumber":70,"author":{"gitId":"jeffrey4512"},"content":"                    //Marks a task as done.","lastModifiedDate":"2023-01-30"},{"lineNumber":71,"author":{"gitId":"jeffrey4512"},"content":"                    tasks.updateTask(userInput);","lastModifiedDate":"2023-03-10"},{"lineNumber":72,"author":{"gitId":"jeffrey4512"},"content":"                } else if (parser.isUnmarkCommand(userInput)) {","lastModifiedDate":"2023-03-09"},{"lineNumber":73,"author":{"gitId":"jeffrey4512"},"content":"                    //unmarks a task as not done.","lastModifiedDate":"2023-01-30"},{"lineNumber":74,"author":{"gitId":"jeffrey4512"},"content":"                    tasks.updateTask(userInput);","lastModifiedDate":"2023-03-10"},{"lineNumber":75,"author":{"gitId":"jeffrey4512"},"content":"                } else if (parser.isToDoCommand(userInput)) {","lastModifiedDate":"2023-03-09"},{"lineNumber":76,"author":{"gitId":"jeffrey4512"},"content":"                    //Create to-do task","lastModifiedDate":"2023-02-09"},{"lineNumber":77,"author":{"gitId":"jeffrey4512"},"content":"                    t \u003d parser.createToDo(userInput);","lastModifiedDate":"2023-03-09"},{"lineNumber":78,"author":{"gitId":"jeffrey4512"},"content":"                    tasks.addTask(t);","lastModifiedDate":"2023-03-09"},{"lineNumber":79,"author":{"gitId":"jeffrey4512"},"content":"                } else if (parser.isDeadlineCommand(userInput)) {","lastModifiedDate":"2023-03-09"},{"lineNumber":80,"author":{"gitId":"jeffrey4512"},"content":"                    //Create Deadline task","lastModifiedDate":"2023-02-09"},{"lineNumber":81,"author":{"gitId":"jeffrey4512"},"content":"                    t \u003d parser.createDeadline(userInput);","lastModifiedDate":"2023-03-09"},{"lineNumber":82,"author":{"gitId":"jeffrey4512"},"content":"                    tasks.addTask(t);","lastModifiedDate":"2023-03-09"},{"lineNumber":83,"author":{"gitId":"jeffrey4512"},"content":"","lastModifiedDate":"2023-02-03"},{"lineNumber":84,"author":{"gitId":"jeffrey4512"},"content":"                } else if (parser.isEventCommand(userInput)) {","lastModifiedDate":"2023-03-09"},{"lineNumber":85,"author":{"gitId":"jeffrey4512"},"content":"                    //Create event task","lastModifiedDate":"2023-02-09"},{"lineNumber":86,"author":{"gitId":"jeffrey4512"},"content":"                    t \u003d parser.createEvent(userInput);","lastModifiedDate":"2023-03-09"},{"lineNumber":87,"author":{"gitId":"jeffrey4512"},"content":"                    tasks.addTask(t);","lastModifiedDate":"2023-03-09"},{"lineNumber":88,"author":{"gitId":"jeffrey4512"},"content":"","lastModifiedDate":"2023-02-03"},{"lineNumber":89,"author":{"gitId":"jeffrey4512"},"content":"                } else {","lastModifiedDate":"2023-02-08"},{"lineNumber":90,"author":{"gitId":"jeffrey4512"},"content":"                    throw new DukeException(\"☹ OOPS!!! I\u0027m sorry, but I don\u0027t know what that means :-(\");","lastModifiedDate":"2023-02-08"},{"lineNumber":91,"author":{"gitId":"jeffrey4512"},"content":"                }","lastModifiedDate":"2023-02-08"},{"lineNumber":92,"author":{"gitId":"jeffrey4512"},"content":"            } catch (Exception e) {","lastModifiedDate":"2023-02-08"},{"lineNumber":93,"author":{"gitId":"jeffrey4512"},"content":"                System.out.println(e.getMessage());","lastModifiedDate":"2023-03-14"},{"lineNumber":94,"author":{"gitId":"jeffrey4512"},"content":"            } finally {","lastModifiedDate":"2023-03-14"},{"lineNumber":95,"author":{"gitId":"jeffrey4512"},"content":"                ui.showLine();","lastModifiedDate":"2023-03-14"},{"lineNumber":96,"author":{"gitId":"jeffrey4512"},"content":"                //Save the task into the file.","lastModifiedDate":"2023-03-10"},{"lineNumber":97,"author":{"gitId":"jeffrey4512"},"content":"                storage.save(tasks);","lastModifiedDate":"2023-03-10"},{"lineNumber":98,"author":{"gitId":"jeffrey4512"},"content":"","lastModifiedDate":"2023-03-14"},{"lineNumber":99,"author":{"gitId":"jeffrey4512"},"content":"            }","lastModifiedDate":"2023-01-27"},{"lineNumber":100,"author":{"gitId":"jeffrey4512"},"content":"        }","lastModifiedDate":"2023-01-21"},{"lineNumber":101,"author":{"gitId":"-"},"content":"    }","lastModifiedDate":"2023-03-10"},{"lineNumber":102,"author":{"gitId":"-"},"content":"}","lastModifiedDate":"2019-07-29"}],"authorContributionMap":{"jeffrey4512":99,"-":3}},{"path":"src/main/java/DukeException.java","fileType":"java","lines":[{"lineNumber":1,"author":{"gitId":"jeffrey4512"},"content":"public class DukeException extends Exception {","lastModifiedDate":"2023-02-08"},{"lineNumber":2,"author":{"gitId":"jeffrey4512"},"content":"    /**","lastModifiedDate":"2023-03-14"},{"lineNumber":3,"author":{"gitId":"jeffrey4512"},"content":"     * Constructor for DukeException class.","lastModifiedDate":"2023-03-14"},{"lineNumber":4,"author":{"gitId":"jeffrey4512"},"content":"     *","lastModifiedDate":"2023-03-14"},{"lineNumber":5,"author":{"gitId":"jeffrey4512"},"content":"     * @param message the error message to be displayed","lastModifiedDate":"2023-03-14"},{"lineNumber":6,"author":{"gitId":"jeffrey4512"},"content":"     */","lastModifiedDate":"2023-03-14"},{"lineNumber":7,"author":{"gitId":"jeffrey4512"},"content":"    public DukeException(String message) {","lastModifiedDate":"2023-02-08"},{"lineNumber":8,"author":{"gitId":"jeffrey4512"},"content":"        super(message);","lastModifiedDate":"2023-03-14"},{"lineNumber":9,"author":{"gitId":"jeffrey4512"},"content":"    }","lastModifiedDate":"2023-03-09"},{"lineNumber":10,"author":{"gitId":"jeffrey4512"},"content":"","lastModifiedDate":"2023-03-09"},{"lineNumber":11,"author":{"gitId":"jeffrey4512"},"content":"    public String toString() {","lastModifiedDate":"2023-03-14"},{"lineNumber":12,"author":{"gitId":"jeffrey4512"},"content":"        return getMessage(); // return only the exception message","lastModifiedDate":"2023-03-14"},{"lineNumber":13,"author":{"gitId":"jeffrey4512"},"content":"    }","lastModifiedDate":"2023-03-14"},{"lineNumber":14,"author":{"gitId":"jeffrey4512"},"content":"}","lastModifiedDate":"2023-02-08"}],"authorContributionMap":{"jeffrey4512":14}},{"path":"src/main/java/Event.java","fileType":"java","lines":[{"lineNumber":1,"author":{"gitId":"jeffrey4512"},"content":"public class Event extends Task {","lastModifiedDate":"2023-03-09"},{"lineNumber":2,"author":{"gitId":"jeffrey4512"},"content":"    protected String taskType;","lastModifiedDate":"2023-02-03"},{"lineNumber":3,"author":{"gitId":"jeffrey4512"},"content":"    protected String from;","lastModifiedDate":"2023-02-03"},{"lineNumber":4,"author":{"gitId":"jeffrey4512"},"content":"    protected String to;","lastModifiedDate":"2023-02-03"},{"lineNumber":5,"author":{"gitId":"jeffrey4512"},"content":"","lastModifiedDate":"2023-03-14"},{"lineNumber":6,"author":{"gitId":"jeffrey4512"},"content":"    public Event(String description, String taskType, String from, String to) {","lastModifiedDate":"2023-03-09"},{"lineNumber":7,"author":{"gitId":"jeffrey4512"},"content":"        super(description);","lastModifiedDate":"2023-02-03"},{"lineNumber":8,"author":{"gitId":"jeffrey4512"},"content":"        this.taskType \u003d taskType;","lastModifiedDate":"2023-02-03"},{"lineNumber":9,"author":{"gitId":"jeffrey4512"},"content":"        this.from \u003d from;","lastModifiedDate":"2023-02-03"},{"lineNumber":10,"author":{"gitId":"jeffrey4512"},"content":"        this.to \u003d to;","lastModifiedDate":"2023-02-03"},{"lineNumber":11,"author":{"gitId":"jeffrey4512"},"content":"    }","lastModifiedDate":"2023-02-03"},{"lineNumber":12,"author":{"gitId":"jeffrey4512"},"content":"","lastModifiedDate":"2023-02-03"},{"lineNumber":13,"author":{"gitId":"jeffrey4512"},"content":"    //Getter Methods","lastModifiedDate":"2023-02-03"},{"lineNumber":14,"author":{"gitId":"jeffrey4512"},"content":"    public String getTaskType() {","lastModifiedDate":"2023-02-03"},{"lineNumber":15,"author":{"gitId":"jeffrey4512"},"content":"        return taskType;","lastModifiedDate":"2023-02-03"},{"lineNumber":16,"author":{"gitId":"jeffrey4512"},"content":"    }","lastModifiedDate":"2023-02-03"},{"lineNumber":17,"author":{"gitId":"jeffrey4512"},"content":"","lastModifiedDate":"2023-03-14"},{"lineNumber":18,"author":{"gitId":"jeffrey4512"},"content":"    public String getFrom() {","lastModifiedDate":"2023-02-03"},{"lineNumber":19,"author":{"gitId":"jeffrey4512"},"content":"        return from;","lastModifiedDate":"2023-02-03"},{"lineNumber":20,"author":{"gitId":"jeffrey4512"},"content":"    }","lastModifiedDate":"2023-02-03"},{"lineNumber":21,"author":{"gitId":"jeffrey4512"},"content":"","lastModifiedDate":"2023-03-14"},{"lineNumber":22,"author":{"gitId":"jeffrey4512"},"content":"    public String getTo() {","lastModifiedDate":"2023-02-03"},{"lineNumber":23,"author":{"gitId":"jeffrey4512"},"content":"        return to;","lastModifiedDate":"2023-02-03"},{"lineNumber":24,"author":{"gitId":"jeffrey4512"},"content":"    }","lastModifiedDate":"2023-02-03"},{"lineNumber":25,"author":{"gitId":"jeffrey4512"},"content":"","lastModifiedDate":"2023-02-03"},{"lineNumber":26,"author":{"gitId":"jeffrey4512"},"content":"    public String toString() {","lastModifiedDate":"2023-02-03"},{"lineNumber":27,"author":{"gitId":"jeffrey4512"},"content":"        return super.toString() + \"(from: \" + from + \" to: \" + to + \")\";","lastModifiedDate":"2023-02-03"},{"lineNumber":28,"author":{"gitId":"jeffrey4512"},"content":"    }","lastModifiedDate":"2023-02-03"},{"lineNumber":29,"author":{"gitId":"jeffrey4512"},"content":"}","lastModifiedDate":"2023-02-03"}],"authorContributionMap":{"jeffrey4512":29}},{"path":"src/main/java/Parser.java","fileType":"java","lines":[{"lineNumber":1,"author":{"gitId":"jeffrey4512"},"content":"import java.text.DateFormat;","lastModifiedDate":"2023-03-14"},{"lineNumber":2,"author":{"gitId":"jeffrey4512"},"content":"import java.text.ParseException;","lastModifiedDate":"2023-03-14"},{"lineNumber":3,"author":{"gitId":"jeffrey4512"},"content":"import java.text.SimpleDateFormat;","lastModifiedDate":"2023-03-14"},{"lineNumber":4,"author":{"gitId":"jeffrey4512"},"content":"import java.util.Date;","lastModifiedDate":"2023-03-14"},{"lineNumber":5,"author":{"gitId":"jeffrey4512"},"content":"","lastModifiedDate":"2023-03-14"},{"lineNumber":6,"author":{"gitId":"jeffrey4512"},"content":"public class Parser {","lastModifiedDate":"2023-03-09"},{"lineNumber":7,"author":{"gitId":"jeffrey4512"},"content":"    /**","lastModifiedDate":"2023-03-14"},{"lineNumber":8,"author":{"gitId":"jeffrey4512"},"content":"     * This method formats the user input based on the given status of the task.","lastModifiedDate":"2023-03-14"},{"lineNumber":9,"author":{"gitId":"jeffrey4512"},"content":"     *","lastModifiedDate":"2023-03-14"},{"lineNumber":10,"author":{"gitId":"jeffrey4512"},"content":"     * @param userInput A string representing the user input.","lastModifiedDate":"2023-03-14"},{"lineNumber":11,"author":{"gitId":"jeffrey4512"},"content":"     * @param status    A string representing the status of the task (\"todo\", \"deadline\" or \"event\").","lastModifiedDate":"2023-03-14"},{"lineNumber":12,"author":{"gitId":"jeffrey4512"},"content":"     * @return A string array containing the formatted user input.","lastModifiedDate":"2023-03-14"},{"lineNumber":13,"author":{"gitId":"jeffrey4512"},"content":"     * @throws DukeException If the input is invalid, an exception will be thrown with an appropriate error message.","lastModifiedDate":"2023-03-14"},{"lineNumber":14,"author":{"gitId":"jeffrey4512"},"content":"     */","lastModifiedDate":"2023-03-14"},{"lineNumber":15,"author":{"gitId":"jeffrey4512"},"content":"    public static String[] formatString(String userInput, String status) throws DukeException {","lastModifiedDate":"2023-03-14"},{"lineNumber":16,"author":{"gitId":"jeffrey4512"},"content":"        String formatString;","lastModifiedDate":"2023-03-14"},{"lineNumber":17,"author":{"gitId":"jeffrey4512"},"content":"        String[] stringSplit \u003d new String[3];","lastModifiedDate":"2023-03-14"},{"lineNumber":18,"author":{"gitId":"jeffrey4512"},"content":"        switch (status) {","lastModifiedDate":"2023-03-14"},{"lineNumber":19,"author":{"gitId":"jeffrey4512"},"content":"            case \"todo\":","lastModifiedDate":"2023-03-14"},{"lineNumber":20,"author":{"gitId":"jeffrey4512"},"content":"                stringSplit[0] \u003d userInput.replace(\"todo\", \"\").trim();","lastModifiedDate":"2023-03-14"},{"lineNumber":21,"author":{"gitId":"jeffrey4512"},"content":"                if (stringSplit[0].equals(\"\")) {","lastModifiedDate":"2023-03-14"},{"lineNumber":22,"author":{"gitId":"jeffrey4512"},"content":"                    throw new DukeException(\"☹ OOPS!!! The description of a todo cannot be empty.\");","lastModifiedDate":"2023-03-14"},{"lineNumber":23,"author":{"gitId":"jeffrey4512"},"content":"                }","lastModifiedDate":"2023-03-14"},{"lineNumber":24,"author":{"gitId":"jeffrey4512"},"content":"                break;","lastModifiedDate":"2023-03-14"},{"lineNumber":25,"author":{"gitId":"jeffrey4512"},"content":"            case \"deadline\":","lastModifiedDate":"2023-03-14"},{"lineNumber":26,"author":{"gitId":"jeffrey4512"},"content":"                formatString \u003d userInput.replace(\"deadline\", \"\").trim();","lastModifiedDate":"2023-03-14"},{"lineNumber":27,"author":{"gitId":"jeffrey4512"},"content":"                String[] formatDeadlineSplit \u003d formatString.split(\"/by\");","lastModifiedDate":"2023-03-14"},{"lineNumber":28,"author":{"gitId":"jeffrey4512"},"content":"                formatDeadlineSplit[0] \u003d formatDeadlineSplit[0].trim();","lastModifiedDate":"2023-03-14"},{"lineNumber":29,"author":{"gitId":"jeffrey4512"},"content":"","lastModifiedDate":"2023-03-14"},{"lineNumber":30,"author":{"gitId":"jeffrey4512"},"content":"                if (formatDeadlineSplit.length \u003c 2) {","lastModifiedDate":"2023-03-14"},{"lineNumber":31,"author":{"gitId":"jeffrey4512"},"content":"                    throw new DukeException(\"deadline is missing by details, please try again\");","lastModifiedDate":"2023-03-14"},{"lineNumber":32,"author":{"gitId":"jeffrey4512"},"content":"                } else if (formatDeadlineSplit.length \u003e 2) {","lastModifiedDate":"2023-03-14"},{"lineNumber":33,"author":{"gitId":"jeffrey4512"},"content":"                    throw new DukeException(\"deadline has too many parameters, please try again\");","lastModifiedDate":"2023-03-14"},{"lineNumber":34,"author":{"gitId":"jeffrey4512"},"content":"                } else {","lastModifiedDate":"2023-03-14"},{"lineNumber":35,"author":{"gitId":"jeffrey4512"},"content":"                    formatDeadlineSplit[1] \u003d formatDeadlineSplit[1].replace(\"by\", \"\").trim();","lastModifiedDate":"2023-03-14"},{"lineNumber":36,"author":{"gitId":"jeffrey4512"},"content":"                    return formatDeadlineSplit;","lastModifiedDate":"2023-03-14"},{"lineNumber":37,"author":{"gitId":"jeffrey4512"},"content":"                }","lastModifiedDate":"2023-03-14"},{"lineNumber":38,"author":{"gitId":"jeffrey4512"},"content":"","lastModifiedDate":"2023-03-14"},{"lineNumber":39,"author":{"gitId":"jeffrey4512"},"content":"            case \"event\":","lastModifiedDate":"2023-03-14"},{"lineNumber":40,"author":{"gitId":"jeffrey4512"},"content":"                formatString \u003d userInput.replace(\"event\", \"\").trim();","lastModifiedDate":"2023-03-14"},{"lineNumber":41,"author":{"gitId":"jeffrey4512"},"content":"                String[] formatEventSplit \u003d formatString.split(\"/from | /to\");","lastModifiedDate":"2023-03-14"},{"lineNumber":42,"author":{"gitId":"jeffrey4512"},"content":"                if (formatEventSplit.length \u003c 3) {","lastModifiedDate":"2023-03-14"},{"lineNumber":43,"author":{"gitId":"jeffrey4512"},"content":"                    throw new DukeException(\"Event is missing either from or to, please try again\");","lastModifiedDate":"2023-03-14"},{"lineNumber":44,"author":{"gitId":"jeffrey4512"},"content":"                } else if (formatEventSplit.length \u003e 3) {","lastModifiedDate":"2023-03-14"},{"lineNumber":45,"author":{"gitId":"jeffrey4512"},"content":"                    throw new DukeException(\"Event has too many parameters, please try again\");","lastModifiedDate":"2023-03-14"},{"lineNumber":46,"author":{"gitId":"jeffrey4512"},"content":"                } else {","lastModifiedDate":"2023-03-14"},{"lineNumber":47,"author":{"gitId":"jeffrey4512"},"content":"                    formatEventSplit[0] \u003d formatEventSplit[0].trim();","lastModifiedDate":"2023-03-14"},{"lineNumber":48,"author":{"gitId":"jeffrey4512"},"content":"                    formatEventSplit[1] \u003d formatEventSplit[1].trim();","lastModifiedDate":"2023-03-14"},{"lineNumber":49,"author":{"gitId":"jeffrey4512"},"content":"                    formatEventSplit[2] \u003d formatEventSplit[2].trim();","lastModifiedDate":"2023-03-14"},{"lineNumber":50,"author":{"gitId":"jeffrey4512"},"content":"","lastModifiedDate":"2023-03-09"},{"lineNumber":51,"author":{"gitId":"jeffrey4512"},"content":"                    return formatEventSplit;","lastModifiedDate":"2023-03-14"},{"lineNumber":52,"author":{"gitId":"jeffrey4512"},"content":"","lastModifiedDate":"2023-03-14"},{"lineNumber":53,"author":{"gitId":"jeffrey4512"},"content":"                }","lastModifiedDate":"2023-03-14"},{"lineNumber":54,"author":{"gitId":"jeffrey4512"},"content":"            default:","lastModifiedDate":"2023-03-14"},{"lineNumber":55,"author":{"gitId":"jeffrey4512"},"content":"                break;","lastModifiedDate":"2023-03-14"},{"lineNumber":56,"author":{"gitId":"jeffrey4512"},"content":"        }","lastModifiedDate":"2023-03-14"},{"lineNumber":57,"author":{"gitId":"jeffrey4512"},"content":"        return stringSplit;","lastModifiedDate":"2023-03-14"},{"lineNumber":58,"author":{"gitId":"jeffrey4512"},"content":"    }","lastModifiedDate":"2023-03-14"},{"lineNumber":59,"author":{"gitId":"jeffrey4512"},"content":"","lastModifiedDate":"2023-03-14"},{"lineNumber":60,"author":{"gitId":"jeffrey4512"},"content":"    /**","lastModifiedDate":"2023-03-14"},{"lineNumber":61,"author":{"gitId":"jeffrey4512"},"content":"     * This 7 command method check if the user input starts with the list of commands","lastModifiedDate":"2023-03-14"},{"lineNumber":62,"author":{"gitId":"jeffrey4512"},"content":"     *","lastModifiedDate":"2023-03-14"},{"lineNumber":63,"author":{"gitId":"jeffrey4512"},"content":"     * @param userInput A string representing the user input.","lastModifiedDate":"2023-03-14"},{"lineNumber":64,"author":{"gitId":"jeffrey4512"},"content":"     * @return A boolean value indicating whether the user input is a command or not.","lastModifiedDate":"2023-03-14"},{"lineNumber":65,"author":{"gitId":"jeffrey4512"},"content":"     */","lastModifiedDate":"2023-03-14"},{"lineNumber":66,"author":{"gitId":"jeffrey4512"},"content":"    public boolean isListCommand(String userInput) {","lastModifiedDate":"2023-03-09"},{"lineNumber":67,"author":{"gitId":"jeffrey4512"},"content":"        return userInput.equals(\"list\");","lastModifiedDate":"2023-03-09"},{"lineNumber":68,"author":{"gitId":"jeffrey4512"},"content":"    }","lastModifiedDate":"2023-03-09"},{"lineNumber":69,"author":{"gitId":"jeffrey4512"},"content":"","lastModifiedDate":"2023-03-14"},{"lineNumber":70,"author":{"gitId":"jeffrey4512"},"content":"    public boolean isDeleteCommand(String userInput) {","lastModifiedDate":"2023-03-09"},{"lineNumber":71,"author":{"gitId":"jeffrey4512"},"content":"        return userInput.startsWith(\"delete\");","lastModifiedDate":"2023-03-09"},{"lineNumber":72,"author":{"gitId":"jeffrey4512"},"content":"    }","lastModifiedDate":"2023-03-09"},{"lineNumber":73,"author":{"gitId":"jeffrey4512"},"content":"","lastModifiedDate":"2023-03-14"},{"lineNumber":74,"author":{"gitId":"jeffrey4512"},"content":"    public boolean isMarkCommand(String userInput) {","lastModifiedDate":"2023-03-09"},{"lineNumber":75,"author":{"gitId":"jeffrey4512"},"content":"        return userInput.startsWith(\"mark\");","lastModifiedDate":"2023-03-09"},{"lineNumber":76,"author":{"gitId":"jeffrey4512"},"content":"    }","lastModifiedDate":"2023-03-09"},{"lineNumber":77,"author":{"gitId":"jeffrey4512"},"content":"","lastModifiedDate":"2023-03-14"},{"lineNumber":78,"author":{"gitId":"jeffrey4512"},"content":"    public boolean isUnmarkCommand(String userInput) {","lastModifiedDate":"2023-03-09"},{"lineNumber":79,"author":{"gitId":"jeffrey4512"},"content":"        return userInput.startsWith(\"unmark\");","lastModifiedDate":"2023-03-09"},{"lineNumber":80,"author":{"gitId":"jeffrey4512"},"content":"    }","lastModifiedDate":"2023-03-09"},{"lineNumber":81,"author":{"gitId":"jeffrey4512"},"content":"","lastModifiedDate":"2023-03-14"},{"lineNumber":82,"author":{"gitId":"jeffrey4512"},"content":"    public boolean isToDoCommand(String userInput) {","lastModifiedDate":"2023-03-09"},{"lineNumber":83,"author":{"gitId":"jeffrey4512"},"content":"        return userInput.startsWith(\"todo\");","lastModifiedDate":"2023-03-09"},{"lineNumber":84,"author":{"gitId":"jeffrey4512"},"content":"    }","lastModifiedDate":"2023-03-09"},{"lineNumber":85,"author":{"gitId":"jeffrey4512"},"content":"","lastModifiedDate":"2023-03-14"},{"lineNumber":86,"author":{"gitId":"jeffrey4512"},"content":"    public boolean isDeadlineCommand(String userInput) {","lastModifiedDate":"2023-03-09"},{"lineNumber":87,"author":{"gitId":"jeffrey4512"},"content":"        return userInput.startsWith(\"deadline\");","lastModifiedDate":"2023-03-09"},{"lineNumber":88,"author":{"gitId":"jeffrey4512"},"content":"    }","lastModifiedDate":"2023-03-09"},{"lineNumber":89,"author":{"gitId":"jeffrey4512"},"content":"","lastModifiedDate":"2023-03-14"},{"lineNumber":90,"author":{"gitId":"jeffrey4512"},"content":"    public boolean isEventCommand(String userInput) {","lastModifiedDate":"2023-03-09"},{"lineNumber":91,"author":{"gitId":"jeffrey4512"},"content":"        return userInput.startsWith(\"event\");","lastModifiedDate":"2023-03-09"},{"lineNumber":92,"author":{"gitId":"jeffrey4512"},"content":"    }","lastModifiedDate":"2023-03-09"},{"lineNumber":93,"author":{"gitId":"jeffrey4512"},"content":"","lastModifiedDate":"2023-03-09"},{"lineNumber":94,"author":{"gitId":"jeffrey4512"},"content":"    /**","lastModifiedDate":"2023-03-14"},{"lineNumber":95,"author":{"gitId":"jeffrey4512"},"content":"     * The createToDo method creates a To Do task based on the user input.","lastModifiedDate":"2023-03-14"},{"lineNumber":96,"author":{"gitId":"jeffrey4512"},"content":"     * It extracts the description of the task from the user input and creates a new To Do task with that description.","lastModifiedDate":"2023-03-14"},{"lineNumber":97,"author":{"gitId":"jeffrey4512"},"content":"     *","lastModifiedDate":"2023-03-14"},{"lineNumber":98,"author":{"gitId":"jeffrey4512"},"content":"     * @param userInput the user input to be parsed.","lastModifiedDate":"2023-03-14"},{"lineNumber":99,"author":{"gitId":"jeffrey4512"},"content":"     * @return the new To Do task that was created.","lastModifiedDate":"2023-03-14"},{"lineNumber":100,"author":{"gitId":"jeffrey4512"},"content":"     * @throws DukeException if the description of the To Do task is empty.","lastModifiedDate":"2023-03-14"},{"lineNumber":101,"author":{"gitId":"jeffrey4512"},"content":"     */","lastModifiedDate":"2023-03-14"},{"lineNumber":102,"author":{"gitId":"jeffrey4512"},"content":"    public Task createToDo(String userInput) throws DukeException {","lastModifiedDate":"2023-03-09"},{"lineNumber":103,"author":{"gitId":"jeffrey4512"},"content":"        String[] stringSplit \u003d new String[1];","lastModifiedDate":"2023-03-09"},{"lineNumber":104,"author":{"gitId":"jeffrey4512"},"content":"        stringSplit[0] \u003d userInput.replace(\"todo\", \"\").trim();","lastModifiedDate":"2023-03-09"},{"lineNumber":105,"author":{"gitId":"jeffrey4512"},"content":"        if (stringSplit[0].equals(\"\")) {","lastModifiedDate":"2023-03-09"},{"lineNumber":106,"author":{"gitId":"jeffrey4512"},"content":"            throw new DukeException(\"☹ OOPS!!! The description of a todo cannot be empty.\");","lastModifiedDate":"2023-03-09"},{"lineNumber":107,"author":{"gitId":"jeffrey4512"},"content":"        } else {","lastModifiedDate":"2023-03-09"},{"lineNumber":108,"author":{"gitId":"jeffrey4512"},"content":"            return new ToDo(stringSplit[0], \"T\");","lastModifiedDate":"2023-03-09"},{"lineNumber":109,"author":{"gitId":"jeffrey4512"},"content":"        }","lastModifiedDate":"2023-03-09"},{"lineNumber":110,"author":{"gitId":"jeffrey4512"},"content":"    }","lastModifiedDate":"2023-03-09"},{"lineNumber":111,"author":{"gitId":"jeffrey4512"},"content":"","lastModifiedDate":"2023-03-09"},{"lineNumber":112,"author":{"gitId":"jeffrey4512"},"content":"    /**","lastModifiedDate":"2023-03-14"},{"lineNumber":113,"author":{"gitId":"jeffrey4512"},"content":"     * The createDeadline method creates a Deadline task based on the user input.","lastModifiedDate":"2023-03-14"},{"lineNumber":114,"author":{"gitId":"jeffrey4512"},"content":"     *","lastModifiedDate":"2023-03-14"},{"lineNumber":115,"author":{"gitId":"jeffrey4512"},"content":"     * @param userInput the user input to be parsed.","lastModifiedDate":"2023-03-14"},{"lineNumber":116,"author":{"gitId":"jeffrey4512"},"content":"     * @return the new Deadline task that was created.","lastModifiedDate":"2023-03-14"},{"lineNumber":117,"author":{"gitId":"jeffrey4512"},"content":"     * @throws DukeException if the description of the Deadline task is empty.","lastModifiedDate":"2023-03-14"},{"lineNumber":118,"author":{"gitId":"jeffrey4512"},"content":"     */","lastModifiedDate":"2023-03-14"},{"lineNumber":119,"author":{"gitId":"jeffrey4512"},"content":"    public Task createDeadline(String userInput) throws DukeException {","lastModifiedDate":"2023-03-09"},{"lineNumber":120,"author":{"gitId":"jeffrey4512"},"content":"        String[] formattedString \u003d formatString(userInput, \"deadline\");","lastModifiedDate":"2023-03-14"},{"lineNumber":121,"author":{"gitId":"jeffrey4512"},"content":"        String description \u003d formattedString[0];","lastModifiedDate":"2023-03-14"},{"lineNumber":122,"author":{"gitId":"jeffrey4512"},"content":"","lastModifiedDate":"2023-03-09"},{"lineNumber":123,"author":{"gitId":"jeffrey4512"},"content":"        String by \u003d convertToDateTime(formattedString[1]);","lastModifiedDate":"2023-03-14"},{"lineNumber":124,"author":{"gitId":"jeffrey4512"},"content":"","lastModifiedDate":"2023-03-09"},{"lineNumber":125,"author":{"gitId":"jeffrey4512"},"content":"        return new Deadline(description, \"D\", by);","lastModifiedDate":"2023-03-09"},{"lineNumber":126,"author":{"gitId":"jeffrey4512"},"content":"    }","lastModifiedDate":"2023-03-09"},{"lineNumber":127,"author":{"gitId":"jeffrey4512"},"content":"","lastModifiedDate":"2023-03-09"},{"lineNumber":128,"author":{"gitId":"jeffrey4512"},"content":"    /**","lastModifiedDate":"2023-03-14"},{"lineNumber":129,"author":{"gitId":"jeffrey4512"},"content":"     * The createEvent method creates a Event task based on the user input.","lastModifiedDate":"2023-03-14"},{"lineNumber":130,"author":{"gitId":"jeffrey4512"},"content":"     *","lastModifiedDate":"2023-03-14"},{"lineNumber":131,"author":{"gitId":"jeffrey4512"},"content":"     * @param userInput the user input to be parsed.","lastModifiedDate":"2023-03-14"},{"lineNumber":132,"author":{"gitId":"jeffrey4512"},"content":"     * @return the new Event task that was created.","lastModifiedDate":"2023-03-14"},{"lineNumber":133,"author":{"gitId":"jeffrey4512"},"content":"     * @throws DukeException if the description of the Event task is empty.","lastModifiedDate":"2023-03-14"},{"lineNumber":134,"author":{"gitId":"jeffrey4512"},"content":"     */","lastModifiedDate":"2023-03-14"},{"lineNumber":135,"author":{"gitId":"jeffrey4512"},"content":"    public Task createEvent(String userInput) throws DukeException {","lastModifiedDate":"2023-03-09"},{"lineNumber":136,"author":{"gitId":"jeffrey4512"},"content":"        String[] formattedString \u003d formatString(userInput, \"event\");","lastModifiedDate":"2023-03-14"},{"lineNumber":137,"author":{"gitId":"jeffrey4512"},"content":"        String description \u003d formattedString[0];","lastModifiedDate":"2023-03-14"},{"lineNumber":138,"author":{"gitId":"jeffrey4512"},"content":"","lastModifiedDate":"2023-03-09"},{"lineNumber":139,"author":{"gitId":"jeffrey4512"},"content":"        String from \u003d convertToDateTime(formattedString[1]);","lastModifiedDate":"2023-03-14"},{"lineNumber":140,"author":{"gitId":"jeffrey4512"},"content":"        String to \u003d convertToDateTime(formattedString[2]);","lastModifiedDate":"2023-03-14"},{"lineNumber":141,"author":{"gitId":"jeffrey4512"},"content":"        return new Event(description, \"E\", from, to);","lastModifiedDate":"2023-03-09"},{"lineNumber":142,"author":{"gitId":"jeffrey4512"},"content":"    }","lastModifiedDate":"2023-03-09"},{"lineNumber":143,"author":{"gitId":"jeffrey4512"},"content":"","lastModifiedDate":"2023-03-09"},{"lineNumber":144,"author":{"gitId":"jeffrey4512"},"content":"","lastModifiedDate":"2023-03-14"},{"lineNumber":145,"author":{"gitId":"jeffrey4512"},"content":"    /**","lastModifiedDate":"2023-03-14"},{"lineNumber":146,"author":{"gitId":"jeffrey4512"},"content":"     * This method converts a date string in the format \"d/M/yyyy HHmm\" to a more readable format of \"dd MMM yyyy haa\".","lastModifiedDate":"2023-03-14"},{"lineNumber":147,"author":{"gitId":"jeffrey4512"},"content":"     *","lastModifiedDate":"2023-03-14"},{"lineNumber":148,"author":{"gitId":"jeffrey4512"},"content":"     * @param datetime A string representing a date and time in the format \"d/M/yyyy HHmm\". e.g.(2/12/2023 2000)","lastModifiedDate":"2023-03-14"},{"lineNumber":149,"author":{"gitId":"jeffrey4512"},"content":"     * @return A string representing the converted date and time in the format \"dd MMM yyyy haa\". e.g.(02 Dec 2023 8PM)","lastModifiedDate":"2023-03-14"},{"lineNumber":150,"author":{"gitId":"jeffrey4512"},"content":"     */","lastModifiedDate":"2023-03-14"},{"lineNumber":151,"author":{"gitId":"jeffrey4512"},"content":"    public String convertToDateTime(String datetime) throws DukeException {","lastModifiedDate":"2023-03-14"},{"lineNumber":152,"author":{"gitId":"jeffrey4512"},"content":"","lastModifiedDate":"2023-03-10"},{"lineNumber":153,"author":{"gitId":"jeffrey4512"},"content":"        DateFormat df \u003d new SimpleDateFormat(\"d/M/yyyy HHmm\");","lastModifiedDate":"2023-03-14"},{"lineNumber":154,"author":{"gitId":"jeffrey4512"},"content":"        DateFormat outputformat \u003d new SimpleDateFormat(\"dd MMM yyyy haa\");","lastModifiedDate":"2023-03-14"},{"lineNumber":155,"author":{"gitId":"jeffrey4512"},"content":"","lastModifiedDate":"2023-03-09"},{"lineNumber":156,"author":{"gitId":"jeffrey4512"},"content":"        String output;","lastModifiedDate":"2023-03-14"},{"lineNumber":157,"author":{"gitId":"jeffrey4512"},"content":"        Date date;","lastModifiedDate":"2023-03-14"},{"lineNumber":158,"author":{"gitId":"jeffrey4512"},"content":"        try {","lastModifiedDate":"2023-03-14"},{"lineNumber":159,"author":{"gitId":"jeffrey4512"},"content":"            date \u003d df.parse(datetime);","lastModifiedDate":"2023-03-14"},{"lineNumber":160,"author":{"gitId":"jeffrey4512"},"content":"            output \u003d outputformat.format(date);","lastModifiedDate":"2023-03-14"},{"lineNumber":161,"author":{"gitId":"jeffrey4512"},"content":"        } catch (ParseException e) {","lastModifiedDate":"2023-03-14"},{"lineNumber":162,"author":{"gitId":"jeffrey4512"},"content":"            throw new DukeException(\"Invalid DateTime format, Please follow this format: d/M/yyyy HHmm\");","lastModifiedDate":"2023-03-14"},{"lineNumber":163,"author":{"gitId":"jeffrey4512"},"content":"        }","lastModifiedDate":"2023-03-14"},{"lineNumber":164,"author":{"gitId":"jeffrey4512"},"content":"        return output;","lastModifiedDate":"2023-03-14"},{"lineNumber":165,"author":{"gitId":"jeffrey4512"},"content":"    }","lastModifiedDate":"2023-03-09"},{"lineNumber":166,"author":{"gitId":"jeffrey4512"},"content":"","lastModifiedDate":"2023-03-09"},{"lineNumber":167,"author":{"gitId":"jeffrey4512"},"content":"}","lastModifiedDate":"2023-03-09"}],"authorContributionMap":{"jeffrey4512":167}},{"path":"src/main/java/Priority.java","fileType":"java","lines":[{"lineNumber":1,"author":{"gitId":"jeffrey4512"},"content":"public enum Priority {","lastModifiedDate":"2023-03-14"},{"lineNumber":2,"author":{"gitId":"jeffrey4512"},"content":"    LOW,MEDIUM,HIGH","lastModifiedDate":"2023-03-14"},{"lineNumber":3,"author":{"gitId":"jeffrey4512"},"content":"}","lastModifiedDate":"2023-03-14"}],"authorContributionMap":{"jeffrey4512":3}},{"path":"src/main/java/Storage.java","fileType":"java","lines":[{"lineNumber":1,"author":{"gitId":"jeffrey4512"},"content":"import java.io.File;","lastModifiedDate":"2023-03-09"},{"lineNumber":2,"author":{"gitId":"jeffrey4512"},"content":"import java.io.FileWriter;","lastModifiedDate":"2023-03-10"},{"lineNumber":3,"author":{"gitId":"jeffrey4512"},"content":"import java.io.IOException;","lastModifiedDate":"2023-03-09"},{"lineNumber":4,"author":{"gitId":"jeffrey4512"},"content":"import java.util.ArrayList;","lastModifiedDate":"2023-03-09"},{"lineNumber":5,"author":{"gitId":"jeffrey4512"},"content":"import java.util.List;","lastModifiedDate":"2023-03-09"},{"lineNumber":6,"author":{"gitId":"jeffrey4512"},"content":"import java.util.Scanner;","lastModifiedDate":"2023-03-09"},{"lineNumber":7,"author":{"gitId":"jeffrey4512"},"content":"","lastModifiedDate":"2023-03-09"},{"lineNumber":8,"author":{"gitId":"jeffrey4512"},"content":"/**","lastModifiedDate":"2023-03-14"},{"lineNumber":9,"author":{"gitId":"jeffrey4512"},"content":" * This is a storage class that creates/saves duke\u0027s file","lastModifiedDate":"2023-03-14"},{"lineNumber":10,"author":{"gitId":"jeffrey4512"},"content":" */","lastModifiedDate":"2023-03-14"},{"lineNumber":11,"author":{"gitId":"jeffrey4512"},"content":"public class Storage {","lastModifiedDate":"2023-03-09"},{"lineNumber":12,"author":{"gitId":"jeffrey4512"},"content":"    private String filename;","lastModifiedDate":"2023-03-09"},{"lineNumber":13,"author":{"gitId":"jeffrey4512"},"content":"    private final File duke_save;","lastModifiedDate":"2023-03-14"},{"lineNumber":14,"author":{"gitId":"jeffrey4512"},"content":"","lastModifiedDate":"2023-03-14"},{"lineNumber":15,"author":{"gitId":"jeffrey4512"},"content":"    /**","lastModifiedDate":"2023-03-14"},{"lineNumber":16,"author":{"gitId":"jeffrey4512"},"content":"     * Constructor for Storage class","lastModifiedDate":"2023-03-14"},{"lineNumber":17,"author":{"gitId":"jeffrey4512"},"content":"     * @param filename the name of the file to be created if it doesn\u0027t exist","lastModifiedDate":"2023-03-14"},{"lineNumber":18,"author":{"gitId":"jeffrey4512"},"content":"     */","lastModifiedDate":"2023-03-14"},{"lineNumber":19,"author":{"gitId":"jeffrey4512"},"content":"    public Storage(String filename) {","lastModifiedDate":"2023-03-09"},{"lineNumber":20,"author":{"gitId":"jeffrey4512"},"content":"        this.filename \u003d filename;","lastModifiedDate":"2023-03-09"},{"lineNumber":21,"author":{"gitId":"jeffrey4512"},"content":"        this.duke_save \u003d new File(filename);","lastModifiedDate":"2023-03-10"},{"lineNumber":22,"author":{"gitId":"jeffrey4512"},"content":"","lastModifiedDate":"2023-03-10"},{"lineNumber":23,"author":{"gitId":"jeffrey4512"},"content":"        if (!duke_save.exists()) {","lastModifiedDate":"2023-03-10"},{"lineNumber":24,"author":{"gitId":"jeffrey4512"},"content":"            try {","lastModifiedDate":"2023-03-10"},{"lineNumber":25,"author":{"gitId":"jeffrey4512"},"content":"                //create a new save file","lastModifiedDate":"2023-03-10"},{"lineNumber":26,"author":{"gitId":"jeffrey4512"},"content":"               boolean isFileCreated \u003d duke_save.createNewFile();","lastModifiedDate":"2023-03-14"},{"lineNumber":27,"author":{"gitId":"jeffrey4512"},"content":"","lastModifiedDate":"2023-03-14"},{"lineNumber":28,"author":{"gitId":"jeffrey4512"},"content":"               if (isFileCreated){","lastModifiedDate":"2023-03-14"},{"lineNumber":29,"author":{"gitId":"jeffrey4512"},"content":"                   System.out.println(\"New save file created: \" + duke_save.getAbsoluteFile());","lastModifiedDate":"2023-03-10"},{"lineNumber":30,"author":{"gitId":"jeffrey4512"},"content":"               }else {","lastModifiedDate":"2023-03-14"},{"lineNumber":31,"author":{"gitId":"jeffrey4512"},"content":"                   throw new DukeException(\"☹ OOPS!!! Failed to create file, Please check the path and folder permission\");","lastModifiedDate":"2023-03-14"},{"lineNumber":32,"author":{"gitId":"jeffrey4512"},"content":"               }","lastModifiedDate":"2023-03-14"},{"lineNumber":33,"author":{"gitId":"jeffrey4512"},"content":"            } catch (IOException | DukeException io) {","lastModifiedDate":"2023-03-14"},{"lineNumber":34,"author":{"gitId":"jeffrey4512"},"content":"                System.out.println(io.getMessage());","lastModifiedDate":"2023-03-14"},{"lineNumber":35,"author":{"gitId":"jeffrey4512"},"content":"            }","lastModifiedDate":"2023-03-10"},{"lineNumber":36,"author":{"gitId":"jeffrey4512"},"content":"        }","lastModifiedDate":"2023-03-10"},{"lineNumber":37,"author":{"gitId":"jeffrey4512"},"content":"    }","lastModifiedDate":"2023-03-10"},{"lineNumber":38,"author":{"gitId":"jeffrey4512"},"content":"","lastModifiedDate":"2023-03-14"},{"lineNumber":39,"author":{"gitId":"jeffrey4512"},"content":"    /**","lastModifiedDate":"2023-03-14"},{"lineNumber":40,"author":{"gitId":"jeffrey4512"},"content":"     * Save user\u0027s task list into a file.","lastModifiedDate":"2023-03-14"},{"lineNumber":41,"author":{"gitId":"jeffrey4512"},"content":"     * @param userTask the user\u0027s task list","lastModifiedDate":"2023-03-14"},{"lineNumber":42,"author":{"gitId":"jeffrey4512"},"content":"     */","lastModifiedDate":"2023-03-14"},{"lineNumber":43,"author":{"gitId":"jeffrey4512"},"content":"    public void save(TaskList userTask) {","lastModifiedDate":"2023-03-10"},{"lineNumber":44,"author":{"gitId":"jeffrey4512"},"content":"","lastModifiedDate":"2023-03-09"},{"lineNumber":45,"author":{"gitId":"jeffrey4512"},"content":"        try {","lastModifiedDate":"2023-03-10"},{"lineNumber":46,"author":{"gitId":"jeffrey4512"},"content":"            FileWriter myWriter \u003d new FileWriter(\"data\\\\duke.txt\");","lastModifiedDate":"2023-03-10"},{"lineNumber":47,"author":{"gitId":"jeffrey4512"},"content":"            for (int i \u003d 0; i \u003c userTask.getTaskSize(); i++) {","lastModifiedDate":"2023-03-10"},{"lineNumber":48,"author":{"gitId":"jeffrey4512"},"content":"                int status \u003d userTask.getTask(i).getStatus().equals(\"X\") ? 1 : 0;","lastModifiedDate":"2023-03-14"},{"lineNumber":49,"author":{"gitId":"jeffrey4512"},"content":"                String priority \u003d userTask.getTask(i).getPriority();","lastModifiedDate":"2023-03-14"},{"lineNumber":50,"author":{"gitId":"jeffrey4512"},"content":"                String output \u003d userTask.getTask(i).getTaskType() + \" | \" + status + \" | \" +  priority + \" | \" + userTask.getTask(i).getDescription();","lastModifiedDate":"2023-03-14"},{"lineNumber":51,"author":{"gitId":"jeffrey4512"},"content":"","lastModifiedDate":"2023-03-10"},{"lineNumber":52,"author":{"gitId":"jeffrey4512"},"content":"                String finalOutput \u003d output + userTask.getTaskDetails(i);","lastModifiedDate":"2023-03-14"},{"lineNumber":53,"author":{"gitId":"jeffrey4512"},"content":"","lastModifiedDate":"2023-03-10"},{"lineNumber":54,"author":{"gitId":"jeffrey4512"},"content":"                try {","lastModifiedDate":"2023-03-10"},{"lineNumber":55,"author":{"gitId":"jeffrey4512"},"content":"                    myWriter.write(finalOutput + \"\\n\");","lastModifiedDate":"2023-03-14"},{"lineNumber":56,"author":{"gitId":"jeffrey4512"},"content":"                } catch (IOException io) {","lastModifiedDate":"2023-03-14"},{"lineNumber":57,"author":{"gitId":"jeffrey4512"},"content":"                    System.out.println(\"An error occurred while writing to the save file.\");","lastModifiedDate":"2023-03-14"},{"lineNumber":58,"author":{"gitId":"jeffrey4512"},"content":"                    io.printStackTrace();","lastModifiedDate":"2023-03-14"},{"lineNumber":59,"author":{"gitId":"jeffrey4512"},"content":"                }","lastModifiedDate":"2023-03-10"},{"lineNumber":60,"author":{"gitId":"jeffrey4512"},"content":"            }","lastModifiedDate":"2023-03-10"},{"lineNumber":61,"author":{"gitId":"jeffrey4512"},"content":"            myWriter.close();","lastModifiedDate":"2023-03-10"},{"lineNumber":62,"author":{"gitId":"jeffrey4512"},"content":"        } catch (IOException e) {","lastModifiedDate":"2023-03-10"},{"lineNumber":63,"author":{"gitId":"jeffrey4512"},"content":"            System.out.println(\"An error occurred while accessing the save file.\");","lastModifiedDate":"2023-03-14"},{"lineNumber":64,"author":{"gitId":"jeffrey4512"},"content":"            e.printStackTrace();","lastModifiedDate":"2023-03-10"},{"lineNumber":65,"author":{"gitId":"jeffrey4512"},"content":"        }","lastModifiedDate":"2023-03-10"},{"lineNumber":66,"author":{"gitId":"jeffrey4512"},"content":"    }","lastModifiedDate":"2023-03-10"},{"lineNumber":67,"author":{"gitId":"jeffrey4512"},"content":"","lastModifiedDate":"2023-03-10"},{"lineNumber":68,"author":{"gitId":"jeffrey4512"},"content":"    /**","lastModifiedDate":"2023-03-14"},{"lineNumber":69,"author":{"gitId":"jeffrey4512"},"content":"     * Loads user\u0027s task from a file.","lastModifiedDate":"2023-03-14"},{"lineNumber":70,"author":{"gitId":"jeffrey4512"},"content":"     * @return a list of task loaded from the file.","lastModifiedDate":"2023-03-14"},{"lineNumber":71,"author":{"gitId":"jeffrey4512"},"content":"     */","lastModifiedDate":"2023-03-14"},{"lineNumber":72,"author":{"gitId":"jeffrey4512"},"content":"    public List\u003cTask\u003e load() {","lastModifiedDate":"2023-03-14"},{"lineNumber":73,"author":{"gitId":"jeffrey4512"},"content":"        List\u003cTask\u003e tasks \u003d new ArrayList\u003c\u003e();","lastModifiedDate":"2023-03-14"},{"lineNumber":74,"author":{"gitId":"jeffrey4512"},"content":"        Task t;","lastModifiedDate":"2023-03-10"},{"lineNumber":75,"author":{"gitId":"jeffrey4512"},"content":"        try {","lastModifiedDate":"2023-03-09"},{"lineNumber":76,"author":{"gitId":"jeffrey4512"},"content":"","lastModifiedDate":"2023-03-09"},{"lineNumber":77,"author":{"gitId":"jeffrey4512"},"content":"            System.out.println(\"File exist, loading data.\");","lastModifiedDate":"2023-03-09"},{"lineNumber":78,"author":{"gitId":"jeffrey4512"},"content":"            //Try to load the file","lastModifiedDate":"2023-03-10"},{"lineNumber":79,"author":{"gitId":"jeffrey4512"},"content":"            Scanner myReader \u003d new Scanner(duke_save);","lastModifiedDate":"2023-03-09"},{"lineNumber":80,"author":{"gitId":"jeffrey4512"},"content":"            while (myReader.hasNextLine()) {","lastModifiedDate":"2023-03-09"},{"lineNumber":81,"author":{"gitId":"jeffrey4512"},"content":"                String data \u003d myReader.nextLine();","lastModifiedDate":"2023-03-09"},{"lineNumber":82,"author":{"gitId":"jeffrey4512"},"content":"                System.out.println(data);","lastModifiedDate":"2023-03-09"},{"lineNumber":83,"author":{"gitId":"jeffrey4512"},"content":"                String[] formatSaveDataSplit \u003d data.split(\"\\\\|\");","lastModifiedDate":"2023-03-14"},{"lineNumber":84,"author":{"gitId":"jeffrey4512"},"content":"                for (int i \u003d 0; i \u003c formatSaveDataSplit.length; i++) {","lastModifiedDate":"2023-03-14"},{"lineNumber":85,"author":{"gitId":"jeffrey4512"},"content":"                    formatSaveDataSplit[i] \u003d formatSaveDataSplit[i].trim();","lastModifiedDate":"2023-03-14"},{"lineNumber":86,"author":{"gitId":"jeffrey4512"},"content":"                }","lastModifiedDate":"2023-03-09"},{"lineNumber":87,"author":{"gitId":"jeffrey4512"},"content":"","lastModifiedDate":"2023-03-10"},{"lineNumber":88,"author":{"gitId":"jeffrey4512"},"content":"                if (formatSaveDataSplit.length \u003d\u003d 3) {","lastModifiedDate":"2023-03-14"},{"lineNumber":89,"author":{"gitId":"jeffrey4512"},"content":"                    t \u003d new ToDo(formatSaveDataSplit[2], \"T\");","lastModifiedDate":"2023-03-14"},{"lineNumber":90,"author":{"gitId":"jeffrey4512"},"content":"                    if (formatSaveDataSplit[1].equals(\"1\")) {","lastModifiedDate":"2023-03-14"},{"lineNumber":91,"author":{"gitId":"jeffrey4512"},"content":"                        t.setStatusAsMarked();","lastModifiedDate":"2023-03-14"},{"lineNumber":92,"author":{"gitId":"jeffrey4512"},"content":"                    }","lastModifiedDate":"2023-03-14"},{"lineNumber":93,"author":{"gitId":"jeffrey4512"},"content":"","lastModifiedDate":"2023-03-10"},{"lineNumber":94,"author":{"gitId":"jeffrey4512"},"content":"                    tasks.add(t);","lastModifiedDate":"2023-03-14"},{"lineNumber":95,"author":{"gitId":"jeffrey4512"},"content":"                } else if (formatSaveDataSplit.length \u003d\u003d 4) {","lastModifiedDate":"2023-03-14"},{"lineNumber":96,"author":{"gitId":"jeffrey4512"},"content":"                    t \u003d new Deadline(formatSaveDataSplit[2], \"D\", formatSaveDataSplit[3]);","lastModifiedDate":"2023-03-14"},{"lineNumber":97,"author":{"gitId":"jeffrey4512"},"content":"                    if (formatSaveDataSplit[1].equals(\"1\")) {","lastModifiedDate":"2023-03-14"},{"lineNumber":98,"author":{"gitId":"jeffrey4512"},"content":"                        t.setStatusAsMarked();","lastModifiedDate":"2023-03-14"},{"lineNumber":99,"author":{"gitId":"jeffrey4512"},"content":"                    }","lastModifiedDate":"2023-03-09"},{"lineNumber":100,"author":{"gitId":"jeffrey4512"},"content":"","lastModifiedDate":"2023-03-10"},{"lineNumber":101,"author":{"gitId":"jeffrey4512"},"content":"                    tasks.add(t);","lastModifiedDate":"2023-03-14"},{"lineNumber":102,"author":{"gitId":"jeffrey4512"},"content":"                } else if (formatSaveDataSplit.length \u003d\u003d 5) {","lastModifiedDate":"2023-03-14"},{"lineNumber":103,"author":{"gitId":"jeffrey4512"},"content":"                    t \u003d new Event(formatSaveDataSplit[2], \"E\", formatSaveDataSplit[3], formatSaveDataSplit[4]);","lastModifiedDate":"2023-03-14"},{"lineNumber":104,"author":{"gitId":"jeffrey4512"},"content":"                    if (formatSaveDataSplit[1].equals(\"1\")) {","lastModifiedDate":"2023-03-14"},{"lineNumber":105,"author":{"gitId":"jeffrey4512"},"content":"                        t.setStatusAsMarked();","lastModifiedDate":"2023-03-14"},{"lineNumber":106,"author":{"gitId":"jeffrey4512"},"content":"                    }","lastModifiedDate":"2023-03-14"},{"lineNumber":107,"author":{"gitId":"jeffrey4512"},"content":"                    tasks.add(t);","lastModifiedDate":"2023-03-14"},{"lineNumber":108,"author":{"gitId":"jeffrey4512"},"content":"                }","lastModifiedDate":"2023-03-14"},{"lineNumber":109,"author":{"gitId":"jeffrey4512"},"content":"            }","lastModifiedDate":"2023-03-14"},{"lineNumber":110,"author":{"gitId":"jeffrey4512"},"content":"            myReader.close();","lastModifiedDate":"2023-03-14"},{"lineNumber":111,"author":{"gitId":"jeffrey4512"},"content":"        } catch (Exception e) {","lastModifiedDate":"2023-03-14"},{"lineNumber":112,"author":{"gitId":"jeffrey4512"},"content":"            System.out.println(\"☹ OOPS!!! an error occurred while reading the save file.\");","lastModifiedDate":"2023-03-14"},{"lineNumber":113,"author":{"gitId":"jeffrey4512"},"content":"        }","lastModifiedDate":"2023-03-14"},{"lineNumber":114,"author":{"gitId":"jeffrey4512"},"content":"        return tasks;","lastModifiedDate":"2023-03-10"},{"lineNumber":115,"author":{"gitId":"jeffrey4512"},"content":"    }","lastModifiedDate":"2023-03-09"},{"lineNumber":116,"author":{"gitId":"jeffrey4512"},"content":"","lastModifiedDate":"2023-03-10"},{"lineNumber":117,"author":{"gitId":"jeffrey4512"},"content":"","lastModifiedDate":"2023-03-10"},{"lineNumber":118,"author":{"gitId":"jeffrey4512"},"content":"}","lastModifiedDate":"2023-03-09"}],"authorContributionMap":{"jeffrey4512":118}},{"path":"src/main/java/Task.java","fileType":"java","lines":[{"lineNumber":1,"author":{"gitId":"jeffrey4512"},"content":"public class Task {","lastModifiedDate":"2023-01-27"},{"lineNumber":2,"author":{"gitId":"jeffrey4512"},"content":"    protected String description;","lastModifiedDate":"2023-01-27"},{"lineNumber":3,"author":{"gitId":"jeffrey4512"},"content":"    protected boolean isDone;","lastModifiedDate":"2023-01-27"},{"lineNumber":4,"author":{"gitId":"jeffrey4512"},"content":"    protected Priority priority;","lastModifiedDate":"2023-03-14"},{"lineNumber":5,"author":{"gitId":"jeffrey4512"},"content":"","lastModifiedDate":"2023-01-27"},{"lineNumber":6,"author":{"gitId":"jeffrey4512"},"content":"    public Task(String description) {","lastModifiedDate":"2023-01-27"},{"lineNumber":7,"author":{"gitId":"jeffrey4512"},"content":"        this.description \u003d description;","lastModifiedDate":"2023-01-27"},{"lineNumber":8,"author":{"gitId":"jeffrey4512"},"content":"        this.isDone \u003d false;","lastModifiedDate":"2023-01-27"},{"lineNumber":9,"author":{"gitId":"jeffrey4512"},"content":"        this.priority \u003d null;","lastModifiedDate":"2023-03-14"},{"lineNumber":10,"author":{"gitId":"jeffrey4512"},"content":"    }","lastModifiedDate":"2023-01-27"},{"lineNumber":11,"author":{"gitId":"jeffrey4512"},"content":"","lastModifiedDate":"2023-03-09"},{"lineNumber":12,"author":{"gitId":"jeffrey4512"},"content":"    //Getters method","lastModifiedDate":"2023-03-14"},{"lineNumber":13,"author":{"gitId":"jeffrey4512"},"content":"    public String getStatus() {","lastModifiedDate":"2023-03-09"},{"lineNumber":14,"author":{"gitId":"jeffrey4512"},"content":"        return (isDone ? \"X\" : \" \"); // mark done task with X","lastModifiedDate":"2023-01-27"},{"lineNumber":15,"author":{"gitId":"jeffrey4512"},"content":"    }","lastModifiedDate":"2023-01-27"},{"lineNumber":16,"author":{"gitId":"jeffrey4512"},"content":"","lastModifiedDate":"2023-03-14"},{"lineNumber":17,"author":{"gitId":"jeffrey4512"},"content":"    public String getTaskType() {","lastModifiedDate":"2023-02-03"},{"lineNumber":18,"author":{"gitId":"jeffrey4512"},"content":"        return \" \";","lastModifiedDate":"2023-02-03"},{"lineNumber":19,"author":{"gitId":"jeffrey4512"},"content":"    }","lastModifiedDate":"2023-02-03"},{"lineNumber":20,"author":{"gitId":"jeffrey4512"},"content":"","lastModifiedDate":"2023-03-14"},{"lineNumber":21,"author":{"gitId":"jeffrey4512"},"content":"    public String getDescription() {","lastModifiedDate":"2023-03-10"},{"lineNumber":22,"author":{"gitId":"jeffrey4512"},"content":"        return description;","lastModifiedDate":"2023-03-10"},{"lineNumber":23,"author":{"gitId":"jeffrey4512"},"content":"    }","lastModifiedDate":"2023-02-03"},{"lineNumber":24,"author":{"gitId":"jeffrey4512"},"content":"","lastModifiedDate":"2023-03-09"},{"lineNumber":25,"author":{"gitId":"jeffrey4512"},"content":"    //Setters method","lastModifiedDate":"2023-03-14"},{"lineNumber":26,"author":{"gitId":"jeffrey4512"},"content":"    public void setStatusAsMarked() {","lastModifiedDate":"2023-03-09"},{"lineNumber":27,"author":{"gitId":"jeffrey4512"},"content":"        System.out.println(\"Nice! I\u0027ve marked this task as done:\");","lastModifiedDate":"2023-02-03"},{"lineNumber":28,"author":{"gitId":"jeffrey4512"},"content":"        isDone \u003d true;","lastModifiedDate":"2023-01-30"},{"lineNumber":29,"author":{"gitId":"jeffrey4512"},"content":"    }","lastModifiedDate":"2023-01-27"},{"lineNumber":30,"author":{"gitId":"jeffrey4512"},"content":"","lastModifiedDate":"2023-03-14"},{"lineNumber":31,"author":{"gitId":"jeffrey4512"},"content":"    public void setStatusAsUnmarked() {","lastModifiedDate":"2023-03-09"},{"lineNumber":32,"author":{"gitId":"jeffrey4512"},"content":"        System.out.println(\"OK, I\u0027ve marked this task as not done yet:\");","lastModifiedDate":"2023-02-03"},{"lineNumber":33,"author":{"gitId":"jeffrey4512"},"content":"        isDone \u003d false;","lastModifiedDate":"2023-01-30"},{"lineNumber":34,"author":{"gitId":"jeffrey4512"},"content":"    }","lastModifiedDate":"2023-01-27"},{"lineNumber":35,"author":{"gitId":"jeffrey4512"},"content":"","lastModifiedDate":"2023-02-03"},{"lineNumber":36,"author":{"gitId":"jeffrey4512"},"content":"    public String getPriority() {","lastModifiedDate":"2023-03-14"},{"lineNumber":37,"author":{"gitId":"jeffrey4512"},"content":"        if (this.priority \u003d\u003d null) {","lastModifiedDate":"2023-03-14"},{"lineNumber":38,"author":{"gitId":"jeffrey4512"},"content":"            return \" \";","lastModifiedDate":"2023-03-14"},{"lineNumber":39,"author":{"gitId":"jeffrey4512"},"content":"        }","lastModifiedDate":"2023-03-14"},{"lineNumber":40,"author":{"gitId":"jeffrey4512"},"content":"        switch (this.priority) {","lastModifiedDate":"2023-03-14"},{"lineNumber":41,"author":{"gitId":"jeffrey4512"},"content":"            case LOW:","lastModifiedDate":"2023-03-14"},{"lineNumber":42,"author":{"gitId":"jeffrey4512"},"content":"                return \"L\";","lastModifiedDate":"2023-03-14"},{"lineNumber":43,"author":{"gitId":"jeffrey4512"},"content":"            case MEDIUM:","lastModifiedDate":"2023-03-14"},{"lineNumber":44,"author":{"gitId":"jeffrey4512"},"content":"                return \"M\";","lastModifiedDate":"2023-03-14"},{"lineNumber":45,"author":{"gitId":"jeffrey4512"},"content":"            case HIGH:","lastModifiedDate":"2023-03-14"},{"lineNumber":46,"author":{"gitId":"jeffrey4512"},"content":"                return \"H\";","lastModifiedDate":"2023-03-14"},{"lineNumber":47,"author":{"gitId":"jeffrey4512"},"content":"            default:","lastModifiedDate":"2023-03-14"},{"lineNumber":48,"author":{"gitId":"jeffrey4512"},"content":"                return \" \";","lastModifiedDate":"2023-03-14"},{"lineNumber":49,"author":{"gitId":"jeffrey4512"},"content":"        }","lastModifiedDate":"2023-03-14"},{"lineNumber":50,"author":{"gitId":"jeffrey4512"},"content":"    }","lastModifiedDate":"2023-02-03"},{"lineNumber":51,"author":{"gitId":"jeffrey4512"},"content":"","lastModifiedDate":"2023-03-09"},{"lineNumber":52,"author":{"gitId":"jeffrey4512"},"content":"    public void setPriority(Priority p) {","lastModifiedDate":"2023-03-14"},{"lineNumber":53,"author":{"gitId":"jeffrey4512"},"content":"        this.priority \u003d p;","lastModifiedDate":"2023-03-14"},{"lineNumber":54,"author":{"gitId":"jeffrey4512"},"content":"    }","lastModifiedDate":"2023-03-14"},{"lineNumber":55,"author":{"gitId":"jeffrey4512"},"content":"","lastModifiedDate":"2023-03-14"},{"lineNumber":56,"author":{"gitId":"jeffrey4512"},"content":"    public String toString() {","lastModifiedDate":"2023-03-14"},{"lineNumber":57,"author":{"gitId":"jeffrey4512"},"content":"        return String.format(\"[\" + this.getTaskType() + \"]\" + \"[\" + this.getStatus() + \"]\" + \"[\" + this.getPriority() + \"] \" + description);","lastModifiedDate":"2023-03-14"},{"lineNumber":58,"author":{"gitId":"jeffrey4512"},"content":"    }","lastModifiedDate":"2023-03-14"},{"lineNumber":59,"author":{"gitId":"jeffrey4512"},"content":"//","lastModifiedDate":"2023-03-14"},{"lineNumber":60,"author":{"gitId":"jeffrey4512"},"content":"","lastModifiedDate":"2023-03-09"},{"lineNumber":61,"author":{"gitId":"jeffrey4512"},"content":"}","lastModifiedDate":"2023-01-27"}],"authorContributionMap":{"jeffrey4512":61}},{"path":"src/main/java/TaskList.java","fileType":"java","lines":[{"lineNumber":1,"author":{"gitId":"jeffrey4512"},"content":"import java.util.ArrayList;","lastModifiedDate":"2023-03-09"},{"lineNumber":2,"author":{"gitId":"jeffrey4512"},"content":"import java.util.List;","lastModifiedDate":"2023-03-09"},{"lineNumber":3,"author":{"gitId":"jeffrey4512"},"content":"","lastModifiedDate":"2023-03-09"},{"lineNumber":4,"author":{"gitId":"jeffrey4512"},"content":"public class TaskList {","lastModifiedDate":"2023-03-09"},{"lineNumber":5,"author":{"gitId":"jeffrey4512"},"content":"    private List\u003cTask\u003e tasks;","lastModifiedDate":"2023-03-09"},{"lineNumber":6,"author":{"gitId":"jeffrey4512"},"content":"","lastModifiedDate":"2023-03-14"},{"lineNumber":7,"author":{"gitId":"jeffrey4512"},"content":"    public TaskList(List\u003cTask\u003e task) {","lastModifiedDate":"2023-03-14"},{"lineNumber":8,"author":{"gitId":"jeffrey4512"},"content":"        this.tasks \u003d task;","lastModifiedDate":"2023-03-14"},{"lineNumber":9,"author":{"gitId":"jeffrey4512"},"content":"    }","lastModifiedDate":"2023-03-10"},{"lineNumber":10,"author":{"gitId":"jeffrey4512"},"content":"","lastModifiedDate":"2023-03-14"},{"lineNumber":11,"author":{"gitId":"jeffrey4512"},"content":"    public TaskList() {","lastModifiedDate":"2023-03-09"},{"lineNumber":12,"author":{"gitId":"jeffrey4512"},"content":"        this.tasks \u003d new ArrayList\u003c\u003e();","lastModifiedDate":"2023-03-09"},{"lineNumber":13,"author":{"gitId":"jeffrey4512"},"content":"    }","lastModifiedDate":"2023-03-09"},{"lineNumber":14,"author":{"gitId":"jeffrey4512"},"content":"","lastModifiedDate":"2023-03-09"},{"lineNumber":15,"author":{"gitId":"jeffrey4512"},"content":"","lastModifiedDate":"2023-03-10"},{"lineNumber":16,"author":{"gitId":"jeffrey4512"},"content":"    public void addTask(Task tasks) {","lastModifiedDate":"2023-03-14"},{"lineNumber":17,"author":{"gitId":"jeffrey4512"},"content":"        this.tasks.add(tasks);","lastModifiedDate":"2023-03-14"},{"lineNumber":18,"author":{"gitId":"jeffrey4512"},"content":"        System.out.println(\"Got it. I\u0027ve added this task:\");","lastModifiedDate":"2023-03-10"},{"lineNumber":19,"author":{"gitId":"jeffrey4512"},"content":"        System.out.println(this.tasks.get(this.tasks.size() - 1));","lastModifiedDate":"2023-03-10"},{"lineNumber":20,"author":{"gitId":"jeffrey4512"},"content":"        System.out.println(\"Now you have \" + this.tasks.size() + \" tasks in the list.\");","lastModifiedDate":"2023-03-10"},{"lineNumber":21,"author":{"gitId":"jeffrey4512"},"content":"    }","lastModifiedDate":"2023-03-09"},{"lineNumber":22,"author":{"gitId":"jeffrey4512"},"content":"","lastModifiedDate":"2023-03-09"},{"lineNumber":23,"author":{"gitId":"jeffrey4512"},"content":"","lastModifiedDate":"2023-03-09"},{"lineNumber":24,"author":{"gitId":"jeffrey4512"},"content":"    public void listTasks() {","lastModifiedDate":"2023-03-09"},{"lineNumber":25,"author":{"gitId":"jeffrey4512"},"content":"        System.out.println(\"Here are the tasks in your list:\");","lastModifiedDate":"2023-03-10"},{"lineNumber":26,"author":{"gitId":"jeffrey4512"},"content":"        for (int i \u003d 0; i \u003c tasks.size(); i++) {","lastModifiedDate":"2023-03-09"},{"lineNumber":27,"author":{"gitId":"jeffrey4512"},"content":"","lastModifiedDate":"2023-03-10"},{"lineNumber":28,"author":{"gitId":"jeffrey4512"},"content":"            System.out.println((i + 1) + \". \" + tasks.get(i));","lastModifiedDate":"2023-03-09"},{"lineNumber":29,"author":{"gitId":"jeffrey4512"},"content":"        }","lastModifiedDate":"2023-03-09"},{"lineNumber":30,"author":{"gitId":"jeffrey4512"},"content":"    }","lastModifiedDate":"2023-03-10"},{"lineNumber":31,"author":{"gitId":"jeffrey4512"},"content":"","lastModifiedDate":"2023-03-10"},{"lineNumber":32,"author":{"gitId":"jeffrey4512"},"content":"    public void updateTask(String userInput) {","lastModifiedDate":"2023-03-10"},{"lineNumber":33,"author":{"gitId":"jeffrey4512"},"content":"        int listNumber;","lastModifiedDate":"2023-03-10"},{"lineNumber":34,"author":{"gitId":"jeffrey4512"},"content":"        String[] stringSplit;","lastModifiedDate":"2023-03-10"},{"lineNumber":35,"author":{"gitId":"jeffrey4512"},"content":"        try {","lastModifiedDate":"2023-03-10"},{"lineNumber":36,"author":{"gitId":"jeffrey4512"},"content":"            stringSplit \u003d userInput.split(\" \");","lastModifiedDate":"2023-03-10"},{"lineNumber":37,"author":{"gitId":"jeffrey4512"},"content":"            int input_value \u003d Integer.parseInt(stringSplit[1]);","lastModifiedDate":"2023-03-10"},{"lineNumber":38,"author":{"gitId":"jeffrey4512"},"content":"            listNumber \u003d input_value - 1;","lastModifiedDate":"2023-03-10"},{"lineNumber":39,"author":{"gitId":"jeffrey4512"},"content":"            String status \u003d stringSplit[0];","lastModifiedDate":"2023-03-10"},{"lineNumber":40,"author":{"gitId":"jeffrey4512"},"content":"","lastModifiedDate":"2023-03-09"},{"lineNumber":41,"author":{"gitId":"jeffrey4512"},"content":"            switch (status) {","lastModifiedDate":"2023-03-10"},{"lineNumber":42,"author":{"gitId":"jeffrey4512"},"content":"                case \"mark\":","lastModifiedDate":"2023-03-10"},{"lineNumber":43,"author":{"gitId":"jeffrey4512"},"content":"                    if (stringSplit.length \u003d\u003d 2) {","lastModifiedDate":"2023-03-14"},{"lineNumber":44,"author":{"gitId":"jeffrey4512"},"content":"                        this.tasks.get(listNumber).setStatusAsMarked();","lastModifiedDate":"2023-03-10"},{"lineNumber":45,"author":{"gitId":"jeffrey4512"},"content":"                        System.out.println(this.tasks.get(listNumber));","lastModifiedDate":"2023-03-10"},{"lineNumber":46,"author":{"gitId":"jeffrey4512"},"content":"                    } else if (stringSplit.length \u003d\u003d 4) {","lastModifiedDate":"2023-03-14"},{"lineNumber":47,"author":{"gitId":"jeffrey4512"},"content":"                        String priority \u003d stringSplit[3];","lastModifiedDate":"2023-03-14"},{"lineNumber":48,"author":{"gitId":"jeffrey4512"},"content":"","lastModifiedDate":"2023-03-14"},{"lineNumber":49,"author":{"gitId":"jeffrey4512"},"content":"                        if (priority.equals(\"HIGH\")) {","lastModifiedDate":"2023-03-14"},{"lineNumber":50,"author":{"gitId":"jeffrey4512"},"content":"                            this.tasks.get(listNumber).setPriority(Priority.HIGH);","lastModifiedDate":"2023-03-14"},{"lineNumber":51,"author":{"gitId":"jeffrey4512"},"content":"                            System.out.println(\"Priority set to HIGH\");","lastModifiedDate":"2023-03-14"},{"lineNumber":52,"author":{"gitId":"jeffrey4512"},"content":"                        } else if (priority.equals(\"MEDIUM\")) {","lastModifiedDate":"2023-03-14"},{"lineNumber":53,"author":{"gitId":"jeffrey4512"},"content":"                            this.tasks.get(listNumber).setPriority(Priority.MEDIUM);","lastModifiedDate":"2023-03-14"},{"lineNumber":54,"author":{"gitId":"jeffrey4512"},"content":"                            System.out.println(\"Priority set to MEDIUM\");","lastModifiedDate":"2023-03-14"},{"lineNumber":55,"author":{"gitId":"jeffrey4512"},"content":"                        } else if (priority.equals(\"LOW\")) {","lastModifiedDate":"2023-03-14"},{"lineNumber":56,"author":{"gitId":"jeffrey4512"},"content":"                            this.tasks.get(listNumber).setPriority(Priority.LOW);","lastModifiedDate":"2023-03-14"},{"lineNumber":57,"author":{"gitId":"jeffrey4512"},"content":"                            System.out.println(\"Priority set to LOW\");","lastModifiedDate":"2023-03-14"},{"lineNumber":58,"author":{"gitId":"jeffrey4512"},"content":"                        }else {","lastModifiedDate":"2023-03-14"},{"lineNumber":59,"author":{"gitId":"jeffrey4512"},"content":"                            throw new DukeException(\"OOPS! Please use either HIGH,MEDIUM,LOW when setting priority\");","lastModifiedDate":"2023-03-14"},{"lineNumber":60,"author":{"gitId":"jeffrey4512"},"content":"                        }","lastModifiedDate":"2023-03-14"},{"lineNumber":61,"author":{"gitId":"jeffrey4512"},"content":"                    }","lastModifiedDate":"2023-03-14"},{"lineNumber":62,"author":{"gitId":"jeffrey4512"},"content":"                    break;","lastModifiedDate":"2023-03-10"},{"lineNumber":63,"author":{"gitId":"jeffrey4512"},"content":"                case \"unmark\":","lastModifiedDate":"2023-03-10"},{"lineNumber":64,"author":{"gitId":"jeffrey4512"},"content":"                    this.tasks.get(listNumber).setStatusAsUnmarked();","lastModifiedDate":"2023-03-10"},{"lineNumber":65,"author":{"gitId":"jeffrey4512"},"content":"                    System.out.println(this.tasks.get(listNumber));","lastModifiedDate":"2023-03-10"},{"lineNumber":66,"author":{"gitId":"jeffrey4512"},"content":"                    break;","lastModifiedDate":"2023-03-10"},{"lineNumber":67,"author":{"gitId":"jeffrey4512"},"content":"                case \"delete\":","lastModifiedDate":"2023-03-10"},{"lineNumber":68,"author":{"gitId":"jeffrey4512"},"content":"                    System.out.println(\"Noted. I\u0027ve removed this task:\");","lastModifiedDate":"2023-03-10"},{"lineNumber":69,"author":{"gitId":"jeffrey4512"},"content":"                    System.out.println(this.tasks.get(listNumber));","lastModifiedDate":"2023-03-10"},{"lineNumber":70,"author":{"gitId":"jeffrey4512"},"content":"                    this.tasks.remove(listNumber);","lastModifiedDate":"2023-03-10"},{"lineNumber":71,"author":{"gitId":"jeffrey4512"},"content":"                    System.out.println(\"Now you have \" + this.tasks.size() + \" tasks in the list.\");","lastModifiedDate":"2023-03-10"},{"lineNumber":72,"author":{"gitId":"jeffrey4512"},"content":"                    break;","lastModifiedDate":"2023-03-10"},{"lineNumber":73,"author":{"gitId":"jeffrey4512"},"content":"                default:","lastModifiedDate":"2023-03-10"},{"lineNumber":74,"author":{"gitId":"jeffrey4512"},"content":"                    throw new DukeException(\"☹ OOPS!!! I\u0027m sorry, but I don\u0027t know what that means :-(\");","lastModifiedDate":"2023-03-10"},{"lineNumber":75,"author":{"gitId":"jeffrey4512"},"content":"","lastModifiedDate":"2023-03-10"},{"lineNumber":76,"author":{"gitId":"jeffrey4512"},"content":"            }","lastModifiedDate":"2023-03-10"},{"lineNumber":77,"author":{"gitId":"jeffrey4512"},"content":"        } catch (IndexOutOfBoundsException e) {","lastModifiedDate":"2023-03-10"},{"lineNumber":78,"author":{"gitId":"jeffrey4512"},"content":"            System.out.println(\"Task number not found, please try again.\");","lastModifiedDate":"2023-03-10"},{"lineNumber":79,"author":{"gitId":"jeffrey4512"},"content":"        } catch (NumberFormatException e) {","lastModifiedDate":"2023-03-10"},{"lineNumber":80,"author":{"gitId":"jeffrey4512"},"content":"            System.out.println(\"Please enter only numbers.\");","lastModifiedDate":"2023-03-10"},{"lineNumber":81,"author":{"gitId":"jeffrey4512"},"content":"        } catch (Exception e) {","lastModifiedDate":"2023-03-10"},{"lineNumber":82,"author":{"gitId":"jeffrey4512"},"content":"            System.out.println(e.getMessage());","lastModifiedDate":"2023-03-14"},{"lineNumber":83,"author":{"gitId":"jeffrey4512"},"content":"        }","lastModifiedDate":"2023-03-14"},{"lineNumber":84,"author":{"gitId":"jeffrey4512"},"content":"    }","lastModifiedDate":"2023-03-14"},{"lineNumber":85,"author":{"gitId":"jeffrey4512"},"content":"","lastModifiedDate":"2023-03-14"},{"lineNumber":86,"author":{"gitId":"jeffrey4512"},"content":"    //Getters","lastModifiedDate":"2023-03-14"},{"lineNumber":87,"author":{"gitId":"jeffrey4512"},"content":"    public Integer getTaskSize() {","lastModifiedDate":"2023-03-14"},{"lineNumber":88,"author":{"gitId":"jeffrey4512"},"content":"        return tasks.size();","lastModifiedDate":"2023-03-14"},{"lineNumber":89,"author":{"gitId":"jeffrey4512"},"content":"    }","lastModifiedDate":"2023-03-10"},{"lineNumber":90,"author":{"gitId":"jeffrey4512"},"content":"","lastModifiedDate":"2023-03-14"},{"lineNumber":91,"author":{"gitId":"jeffrey4512"},"content":"    public Task getTask(Integer taskNum) {","lastModifiedDate":"2023-03-14"},{"lineNumber":92,"author":{"gitId":"jeffrey4512"},"content":"        return tasks.get(taskNum);","lastModifiedDate":"2023-03-14"},{"lineNumber":93,"author":{"gitId":"jeffrey4512"},"content":"    }","lastModifiedDate":"2023-03-10"},{"lineNumber":94,"author":{"gitId":"jeffrey4512"},"content":"","lastModifiedDate":"2023-03-10"},{"lineNumber":95,"author":{"gitId":"jeffrey4512"},"content":"    public String getTaskDetails(Integer taskNum) {","lastModifiedDate":"2023-03-14"},{"lineNumber":96,"author":{"gitId":"jeffrey4512"},"content":"","lastModifiedDate":"2023-03-10"},{"lineNumber":97,"author":{"gitId":"jeffrey4512"},"content":"        if (tasks.get(taskNum) instanceof Deadline) {","lastModifiedDate":"2023-03-10"},{"lineNumber":98,"author":{"gitId":"jeffrey4512"},"content":"            Deadline deadlineTask \u003d (Deadline) tasks.get(taskNum);","lastModifiedDate":"2023-03-10"},{"lineNumber":99,"author":{"gitId":"jeffrey4512"},"content":"            return \" | \" + deadlineTask.getBy();","lastModifiedDate":"2023-03-10"},{"lineNumber":100,"author":{"gitId":"jeffrey4512"},"content":"        } else if (tasks.get(taskNum) instanceof Event) {","lastModifiedDate":"2023-03-10"},{"lineNumber":101,"author":{"gitId":"jeffrey4512"},"content":"            Event eventTask \u003d (Event) tasks.get(taskNum);","lastModifiedDate":"2023-03-10"},{"lineNumber":102,"author":{"gitId":"jeffrey4512"},"content":"            return \" | \" + eventTask.getFrom() + \" | \" + eventTask.getTo();","lastModifiedDate":"2023-03-10"},{"lineNumber":103,"author":{"gitId":"jeffrey4512"},"content":"        } else {","lastModifiedDate":"2023-03-10"},{"lineNumber":104,"author":{"gitId":"jeffrey4512"},"content":"            return \"\";","lastModifiedDate":"2023-03-10"},{"lineNumber":105,"author":{"gitId":"jeffrey4512"},"content":"        }","lastModifiedDate":"2023-03-10"},{"lineNumber":106,"author":{"gitId":"jeffrey4512"},"content":"","lastModifiedDate":"2023-03-10"},{"lineNumber":107,"author":{"gitId":"jeffrey4512"},"content":"    }","lastModifiedDate":"2023-03-10"},{"lineNumber":108,"author":{"gitId":"jeffrey4512"},"content":"}","lastModifiedDate":"2023-03-09"}],"authorContributionMap":{"jeffrey4512":108}},{"path":"src/main/java/ToDo.java","fileType":"java","lines":[{"lineNumber":1,"author":{"gitId":"jeffrey4512"},"content":"public class ToDo extends Task {","lastModifiedDate":"2023-02-03"},{"lineNumber":2,"author":{"gitId":"jeffrey4512"},"content":"","lastModifiedDate":"2023-02-03"},{"lineNumber":3,"author":{"gitId":"jeffrey4512"},"content":"    protected String taskType;","lastModifiedDate":"2023-02-03"},{"lineNumber":4,"author":{"gitId":"jeffrey4512"},"content":"","lastModifiedDate":"2023-03-14"},{"lineNumber":5,"author":{"gitId":"jeffrey4512"},"content":"    public ToDo(String description, String taskType) {","lastModifiedDate":"2023-02-03"},{"lineNumber":6,"author":{"gitId":"jeffrey4512"},"content":"        super(description);","lastModifiedDate":"2023-02-03"},{"lineNumber":7,"author":{"gitId":"jeffrey4512"},"content":"        this.taskType \u003d taskType;","lastModifiedDate":"2023-02-03"},{"lineNumber":8,"author":{"gitId":"jeffrey4512"},"content":"    }","lastModifiedDate":"2023-02-03"},{"lineNumber":9,"author":{"gitId":"jeffrey4512"},"content":"","lastModifiedDate":"2023-02-03"},{"lineNumber":10,"author":{"gitId":"jeffrey4512"},"content":"    //Getter Methods","lastModifiedDate":"2023-02-03"},{"lineNumber":11,"author":{"gitId":"jeffrey4512"},"content":"    public String getTaskType() {","lastModifiedDate":"2023-02-03"},{"lineNumber":12,"author":{"gitId":"jeffrey4512"},"content":"        return taskType;","lastModifiedDate":"2023-02-03"},{"lineNumber":13,"author":{"gitId":"jeffrey4512"},"content":"    }","lastModifiedDate":"2023-02-03"},{"lineNumber":14,"author":{"gitId":"jeffrey4512"},"content":"}","lastModifiedDate":"2023-02-03"}],"authorContributionMap":{"jeffrey4512":14}},{"path":"src/main/java/Ui.java","fileType":"java","lines":[{"lineNumber":1,"author":{"gitId":"jeffrey4512"},"content":"import java.util.Scanner;","lastModifiedDate":"2023-03-14"},{"lineNumber":2,"author":{"gitId":"jeffrey4512"},"content":"","lastModifiedDate":"2023-03-14"},{"lineNumber":3,"author":{"gitId":"jeffrey4512"},"content":"public class Ui {","lastModifiedDate":"2023-03-14"},{"lineNumber":4,"author":{"gitId":"jeffrey4512"},"content":"    public void showWelcome() {","lastModifiedDate":"2023-03-14"},{"lineNumber":5,"author":{"gitId":"jeffrey4512"},"content":"        String logo \u003d \" ____        _        \\n\"","lastModifiedDate":"2023-03-14"},{"lineNumber":6,"author":{"gitId":"jeffrey4512"},"content":"                + \"|  _ \\\\ _   _| | _____ \\n\"","lastModifiedDate":"2023-03-14"},{"lineNumber":7,"author":{"gitId":"jeffrey4512"},"content":"                + \"| | | | | | | |/ / _ \\\\\\n\"","lastModifiedDate":"2023-03-14"},{"lineNumber":8,"author":{"gitId":"jeffrey4512"},"content":"                + \"| |_| | |_| |   \u003c  __/\\n\"","lastModifiedDate":"2023-03-14"},{"lineNumber":9,"author":{"gitId":"jeffrey4512"},"content":"                + \"|____/ \\\\__,_|_|\\\\_\\\\___|\\n\";","lastModifiedDate":"2023-03-14"},{"lineNumber":10,"author":{"gitId":"jeffrey4512"},"content":"","lastModifiedDate":"2023-03-14"},{"lineNumber":11,"author":{"gitId":"jeffrey4512"},"content":"        System.out.println(logo);","lastModifiedDate":"2023-03-14"},{"lineNumber":12,"author":{"gitId":"jeffrey4512"},"content":"        System.out.println(\"Hello, I\u0027m Duke. What can i do for you?\");","lastModifiedDate":"2023-03-14"},{"lineNumber":13,"author":{"gitId":"jeffrey4512"},"content":"    }","lastModifiedDate":"2023-03-14"},{"lineNumber":14,"author":{"gitId":"jeffrey4512"},"content":"","lastModifiedDate":"2023-03-14"},{"lineNumber":15,"author":{"gitId":"jeffrey4512"},"content":"    public void showLine() {","lastModifiedDate":"2023-03-14"},{"lineNumber":16,"author":{"gitId":"jeffrey4512"},"content":"        System.out.println(\"----------------------------------------------\");","lastModifiedDate":"2023-03-14"},{"lineNumber":17,"author":{"gitId":"jeffrey4512"},"content":"    }","lastModifiedDate":"2023-03-14"},{"lineNumber":18,"author":{"gitId":"jeffrey4512"},"content":"","lastModifiedDate":"2023-03-14"},{"lineNumber":19,"author":{"gitId":"jeffrey4512"},"content":"    public void showLoadingError() {","lastModifiedDate":"2023-03-14"},{"lineNumber":20,"author":{"gitId":"jeffrey4512"},"content":"        System.out.println(\"Error loading save file, please check if the file is in the correct path\");","lastModifiedDate":"2023-03-14"},{"lineNumber":21,"author":{"gitId":"jeffrey4512"},"content":"    }","lastModifiedDate":"2023-03-14"},{"lineNumber":22,"author":{"gitId":"jeffrey4512"},"content":"","lastModifiedDate":"2023-03-14"},{"lineNumber":23,"author":{"gitId":"jeffrey4512"},"content":"    public String readCommand() {","lastModifiedDate":"2023-03-14"},{"lineNumber":24,"author":{"gitId":"jeffrey4512"},"content":"        Scanner sc \u003d new Scanner(System.in);","lastModifiedDate":"2023-03-14"},{"lineNumber":25,"author":{"gitId":"jeffrey4512"},"content":"        return sc.nextLine();","lastModifiedDate":"2023-03-14"},{"lineNumber":26,"author":{"gitId":"jeffrey4512"},"content":"    }","lastModifiedDate":"2023-03-14"},{"lineNumber":27,"author":{"gitId":"jeffrey4512"},"content":"}","lastModifiedDate":"2023-03-14"}],"authorContributionMap":{"jeffrey4512":27}}]
