[{"path":"src/main/java/Deadlines.java","fileType":"java","lines":[{"lineNumber":1,"author":{"gitId":"jeffrey4512"},"content":"public class Deadlines extends Task{","lastModifiedDate":"2023-02-03"},{"lineNumber":2,"author":{"gitId":"jeffrey4512"},"content":"    protected String taskType;","lastModifiedDate":"2023-02-03"},{"lineNumber":3,"author":{"gitId":"jeffrey4512"},"content":"    protected String by;","lastModifiedDate":"2023-02-03"},{"lineNumber":4,"author":{"gitId":"jeffrey4512"},"content":"    public Deadlines(String description, String taskType, String by) {","lastModifiedDate":"2023-02-03"},{"lineNumber":5,"author":{"gitId":"jeffrey4512"},"content":"        super(description);","lastModifiedDate":"2023-02-03"},{"lineNumber":6,"author":{"gitId":"jeffrey4512"},"content":"        this.taskType \u003d taskType;","lastModifiedDate":"2023-02-03"},{"lineNumber":7,"author":{"gitId":"jeffrey4512"},"content":"        this.by \u003d by;","lastModifiedDate":"2023-02-03"},{"lineNumber":8,"author":{"gitId":"jeffrey4512"},"content":"    }","lastModifiedDate":"2023-02-03"},{"lineNumber":9,"author":{"gitId":"jeffrey4512"},"content":"","lastModifiedDate":"2023-02-03"},{"lineNumber":10,"author":{"gitId":"jeffrey4512"},"content":"","lastModifiedDate":"2023-02-03"},{"lineNumber":11,"author":{"gitId":"jeffrey4512"},"content":"    //Getter Methods","lastModifiedDate":"2023-02-03"},{"lineNumber":12,"author":{"gitId":"jeffrey4512"},"content":"    public String getTaskType() {","lastModifiedDate":"2023-02-03"},{"lineNumber":13,"author":{"gitId":"jeffrey4512"},"content":"        return taskType;","lastModifiedDate":"2023-02-03"},{"lineNumber":14,"author":{"gitId":"jeffrey4512"},"content":"    }","lastModifiedDate":"2023-02-03"},{"lineNumber":15,"author":{"gitId":"jeffrey4512"},"content":"","lastModifiedDate":"2023-02-03"},{"lineNumber":16,"author":{"gitId":"jeffrey4512"},"content":"    public String getBy() {","lastModifiedDate":"2023-02-03"},{"lineNumber":17,"author":{"gitId":"jeffrey4512"},"content":"        return by;","lastModifiedDate":"2023-02-03"},{"lineNumber":18,"author":{"gitId":"jeffrey4512"},"content":"    }","lastModifiedDate":"2023-02-03"},{"lineNumber":19,"author":{"gitId":"jeffrey4512"},"content":"","lastModifiedDate":"2023-02-03"},{"lineNumber":20,"author":{"gitId":"jeffrey4512"},"content":"    public String toString(){","lastModifiedDate":"2023-02-03"},{"lineNumber":21,"author":{"gitId":"jeffrey4512"},"content":"        return super.toString() + \"(by: \" + by + \")\";","lastModifiedDate":"2023-02-03"},{"lineNumber":22,"author":{"gitId":"jeffrey4512"},"content":"    }","lastModifiedDate":"2023-02-03"},{"lineNumber":23,"author":{"gitId":"jeffrey4512"},"content":"}","lastModifiedDate":"2023-02-03"}],"authorContributionMap":{"jeffrey4512":23}},{"path":"src/main/java/Duke.java","fileType":"java","lines":[{"lineNumber":1,"author":{"gitId":"jeffrey4512"},"content":"import java.util.List;","lastModifiedDate":"2023-01-21"},{"lineNumber":2,"author":{"gitId":"jeffrey4512"},"content":"import java.util.Scanner;","lastModifiedDate":"2023-01-21"},{"lineNumber":3,"author":{"gitId":"jeffrey4512"},"content":"import java.util.ArrayList;","lastModifiedDate":"2023-01-21"},{"lineNumber":4,"author":{"gitId":"jeffrey4512"},"content":"","lastModifiedDate":"2023-01-21"},{"lineNumber":5,"author":{"gitId":"-"},"content":"public class Duke {","lastModifiedDate":"2019-07-29"},{"lineNumber":6,"author":{"gitId":"jeffrey4512"},"content":"","lastModifiedDate":"2023-01-30"},{"lineNumber":7,"author":{"gitId":"jeffrey4512"},"content":"    public static String[] formatString(String userInput, String status) throws DukeException {","lastModifiedDate":"2023-02-09"},{"lineNumber":8,"author":{"gitId":"jeffrey4512"},"content":"        String formatString \u003d \"\";","lastModifiedDate":"2023-02-09"},{"lineNumber":9,"author":{"gitId":"jeffrey4512"},"content":"        String[] stringSplit \u003d new String[3];","lastModifiedDate":"2023-02-09"},{"lineNumber":10,"author":{"gitId":"jeffrey4512"},"content":"","lastModifiedDate":"2023-02-09"},{"lineNumber":11,"author":{"gitId":"jeffrey4512"},"content":"        switch (status) {","lastModifiedDate":"2023-02-09"},{"lineNumber":12,"author":{"gitId":"jeffrey4512"},"content":"            case \"todo\":","lastModifiedDate":"2023-02-09"},{"lineNumber":13,"author":{"gitId":"jeffrey4512"},"content":"                stringSplit[0] \u003d userInput.replace(\"todo\", \"\").trim();","lastModifiedDate":"2023-02-09"},{"lineNumber":14,"author":{"gitId":"jeffrey4512"},"content":"                if (stringSplit[0].equals(\"\")) {","lastModifiedDate":"2023-02-09"},{"lineNumber":15,"author":{"gitId":"jeffrey4512"},"content":"                    throw new DukeException(\"☹ OOPS!!! The description of a todo cannot be empty.\");","lastModifiedDate":"2023-02-09"},{"lineNumber":16,"author":{"gitId":"jeffrey4512"},"content":"                }","lastModifiedDate":"2023-02-09"},{"lineNumber":17,"author":{"gitId":"jeffrey4512"},"content":"                break;","lastModifiedDate":"2023-02-09"},{"lineNumber":18,"author":{"gitId":"jeffrey4512"},"content":"            case \"deadline\":","lastModifiedDate":"2023-02-09"},{"lineNumber":19,"author":{"gitId":"jeffrey4512"},"content":"                formatString \u003d userInput.replace(\"deadline\", \"\").trim();","lastModifiedDate":"2023-02-09"},{"lineNumber":20,"author":{"gitId":"jeffrey4512"},"content":"                stringSplit \u003d formatString.split(\"/\");","lastModifiedDate":"2023-02-09"},{"lineNumber":21,"author":{"gitId":"jeffrey4512"},"content":"                stringSplit[1] \u003d stringSplit[1].replace(\"by\", \"\").trim();","lastModifiedDate":"2023-02-09"},{"lineNumber":22,"author":{"gitId":"jeffrey4512"},"content":"                break;","lastModifiedDate":"2023-02-09"},{"lineNumber":23,"author":{"gitId":"jeffrey4512"},"content":"            case \"event\":","lastModifiedDate":"2023-02-09"},{"lineNumber":24,"author":{"gitId":"jeffrey4512"},"content":"                formatString \u003d userInput.replace(\"event\", \"\").trim();","lastModifiedDate":"2023-02-09"},{"lineNumber":25,"author":{"gitId":"jeffrey4512"},"content":"                stringSplit \u003d formatString.split(\"/\");","lastModifiedDate":"2023-02-09"},{"lineNumber":26,"author":{"gitId":"jeffrey4512"},"content":"                stringSplit[1] \u003d stringSplit[1].replace(\"from\", \"\").trim();","lastModifiedDate":"2023-02-09"},{"lineNumber":27,"author":{"gitId":"jeffrey4512"},"content":"                stringSplit[2] \u003d stringSplit[2].replace(\"to\", \"\").trim();","lastModifiedDate":"2023-02-09"},{"lineNumber":28,"author":{"gitId":"jeffrey4512"},"content":"                break;","lastModifiedDate":"2023-02-09"},{"lineNumber":29,"author":{"gitId":"jeffrey4512"},"content":"            default:","lastModifiedDate":"2023-02-09"},{"lineNumber":30,"author":{"gitId":"jeffrey4512"},"content":"","lastModifiedDate":"2023-02-09"},{"lineNumber":31,"author":{"gitId":"jeffrey4512"},"content":"","lastModifiedDate":"2023-02-09"},{"lineNumber":32,"author":{"gitId":"jeffrey4512"},"content":"        }","lastModifiedDate":"2023-02-09"},{"lineNumber":33,"author":{"gitId":"jeffrey4512"},"content":"        return stringSplit;","lastModifiedDate":"2023-02-09"},{"lineNumber":34,"author":{"gitId":"jeffrey4512"},"content":"    }","lastModifiedDate":"2023-02-09"},{"lineNumber":35,"author":{"gitId":"jeffrey4512"},"content":"","lastModifiedDate":"2023-02-09"},{"lineNumber":36,"author":{"gitId":"jeffrey4512"},"content":"","lastModifiedDate":"2023-02-09"},{"lineNumber":37,"author":{"gitId":"jeffrey4512"},"content":"    public static void updateTask(String userInput, List\u003cTask\u003e userTask, String status) {","lastModifiedDate":"2023-01-30"},{"lineNumber":38,"author":{"gitId":"jeffrey4512"},"content":"        int listNumber \u003d 0;","lastModifiedDate":"2023-02-03"},{"lineNumber":39,"author":{"gitId":"jeffrey4512"},"content":"        int currentItem \u003d 0;","lastModifiedDate":"2023-02-03"},{"lineNumber":40,"author":{"gitId":"jeffrey4512"},"content":"        String description \u003d \"\";","lastModifiedDate":"2023-02-03"},{"lineNumber":41,"author":{"gitId":"jeffrey4512"},"content":"        String[] stringSplit \u003d new String[1];","lastModifiedDate":"2023-02-09"},{"lineNumber":42,"author":{"gitId":"jeffrey4512"},"content":"        String[] formattedString \u003d new String[3];","lastModifiedDate":"2023-02-09"},{"lineNumber":43,"author":{"gitId":"jeffrey4512"},"content":"        try {","lastModifiedDate":"2023-02-03"},{"lineNumber":44,"author":{"gitId":"jeffrey4512"},"content":"            if (status.equals(\"mark\") || status.equals(\"unmark\") || status.equals(\"delete\")) {","lastModifiedDate":"2023-02-09"},{"lineNumber":45,"author":{"gitId":"jeffrey4512"},"content":"","lastModifiedDate":"2023-01-30"},{"lineNumber":46,"author":{"gitId":"jeffrey4512"},"content":"                stringSplit \u003d userInput.split(\" \");","lastModifiedDate":"2023-02-09"},{"lineNumber":47,"author":{"gitId":"jeffrey4512"},"content":"                int value \u003d Integer.parseInt(stringSplit[1]);","lastModifiedDate":"2023-02-08"},{"lineNumber":48,"author":{"gitId":"jeffrey4512"},"content":"                listNumber \u003d value - 1;","lastModifiedDate":"2023-02-03"},{"lineNumber":49,"author":{"gitId":"jeffrey4512"},"content":"            }","lastModifiedDate":"2023-02-03"},{"lineNumber":50,"author":{"gitId":"jeffrey4512"},"content":"            switch (status) {","lastModifiedDate":"2023-01-30"},{"lineNumber":51,"author":{"gitId":"jeffrey4512"},"content":"                case \"mark\":","lastModifiedDate":"2023-01-30"},{"lineNumber":52,"author":{"gitId":"jeffrey4512"},"content":"                    userTask.get(listNumber).setStatusIconMarked();","lastModifiedDate":"2023-01-30"},{"lineNumber":53,"author":{"gitId":"jeffrey4512"},"content":"                    System.out.println(userTask.get(listNumber));","lastModifiedDate":"2023-02-03"},{"lineNumber":54,"author":{"gitId":"jeffrey4512"},"content":"                    break;","lastModifiedDate":"2023-01-30"},{"lineNumber":55,"author":{"gitId":"jeffrey4512"},"content":"                case \"unmark\":","lastModifiedDate":"2023-01-30"},{"lineNumber":56,"author":{"gitId":"jeffrey4512"},"content":"                    userTask.get(listNumber).setStatusIconUnmarked();","lastModifiedDate":"2023-01-30"},{"lineNumber":57,"author":{"gitId":"jeffrey4512"},"content":"                    System.out.println(userTask.get(listNumber));","lastModifiedDate":"2023-02-03"},{"lineNumber":58,"author":{"gitId":"jeffrey4512"},"content":"                    break;","lastModifiedDate":"2023-02-03"},{"lineNumber":59,"author":{"gitId":"jeffrey4512"},"content":"                case \"delete\":","lastModifiedDate":"2023-02-09"},{"lineNumber":60,"author":{"gitId":"jeffrey4512"},"content":"                    System.out.println(\"Noted. I\u0027ve removed this task:\");","lastModifiedDate":"2023-02-09"},{"lineNumber":61,"author":{"gitId":"jeffrey4512"},"content":"                    System.out.println(userTask.get(listNumber));","lastModifiedDate":"2023-02-09"},{"lineNumber":62,"author":{"gitId":"jeffrey4512"},"content":"                    userTask.remove(listNumber);","lastModifiedDate":"2023-02-09"},{"lineNumber":63,"author":{"gitId":"jeffrey4512"},"content":"                    System.out.println(\"Now you have \" + userTask.size() + \" tasks in the list.\");","lastModifiedDate":"2023-02-09"},{"lineNumber":64,"author":{"gitId":"jeffrey4512"},"content":"                    break;","lastModifiedDate":"2023-02-09"},{"lineNumber":65,"author":{"gitId":"jeffrey4512"},"content":"                case \"todo\":","lastModifiedDate":"2023-02-03"},{"lineNumber":66,"author":{"gitId":"jeffrey4512"},"content":"                    formattedString \u003d formatString(userInput, status);","lastModifiedDate":"2023-02-09"},{"lineNumber":67,"author":{"gitId":"jeffrey4512"},"content":"","lastModifiedDate":"2023-02-03"},{"lineNumber":68,"author":{"gitId":"jeffrey4512"},"content":"                    userTask.add(new ToDo(formattedString[0], \"T\"));","lastModifiedDate":"2023-02-09"},{"lineNumber":69,"author":{"gitId":"jeffrey4512"},"content":"                    currentItem \u003d userTask.size() - 1;","lastModifiedDate":"2023-02-03"},{"lineNumber":70,"author":{"gitId":"jeffrey4512"},"content":"","lastModifiedDate":"2023-02-03"},{"lineNumber":71,"author":{"gitId":"jeffrey4512"},"content":"                    System.out.println(\"Got it. I\u0027ve added this task:\");","lastModifiedDate":"2023-02-09"},{"lineNumber":72,"author":{"gitId":"jeffrey4512"},"content":"                    System.out.println(userTask.get(currentItem));","lastModifiedDate":"2023-02-03"},{"lineNumber":73,"author":{"gitId":"jeffrey4512"},"content":"                    break;","lastModifiedDate":"2023-02-03"},{"lineNumber":74,"author":{"gitId":"jeffrey4512"},"content":"                case \"deadline\":","lastModifiedDate":"2023-02-03"},{"lineNumber":75,"author":{"gitId":"jeffrey4512"},"content":"                    formattedString \u003d formatString(userInput, status);","lastModifiedDate":"2023-02-09"},{"lineNumber":76,"author":{"gitId":"jeffrey4512"},"content":"                    description \u003d formattedString[0];","lastModifiedDate":"2023-02-09"},{"lineNumber":77,"author":{"gitId":"jeffrey4512"},"content":"                    String by \u003d formattedString[1];","lastModifiedDate":"2023-02-09"},{"lineNumber":78,"author":{"gitId":"jeffrey4512"},"content":"","lastModifiedDate":"2023-02-09"},{"lineNumber":79,"author":{"gitId":"jeffrey4512"},"content":"                    userTask.add(new Deadlines(description, \"D\", by));","lastModifiedDate":"2023-02-03"},{"lineNumber":80,"author":{"gitId":"jeffrey4512"},"content":"                    currentItem \u003d userTask.size() - 1;","lastModifiedDate":"2023-02-09"},{"lineNumber":81,"author":{"gitId":"jeffrey4512"},"content":"","lastModifiedDate":"2023-02-08"},{"lineNumber":82,"author":{"gitId":"jeffrey4512"},"content":"                    System.out.println(\"Got it. I\u0027ve added this task:\");","lastModifiedDate":"2023-02-03"},{"lineNumber":83,"author":{"gitId":"jeffrey4512"},"content":"                    System.out.println(userTask.get(currentItem));","lastModifiedDate":"2023-02-03"},{"lineNumber":84,"author":{"gitId":"jeffrey4512"},"content":"                    System.out.println(\"Now you have \" + userTask.size() + \" tasks in the list.\");","lastModifiedDate":"2023-02-03"},{"lineNumber":85,"author":{"gitId":"jeffrey4512"},"content":"                    break;","lastModifiedDate":"2023-02-03"},{"lineNumber":86,"author":{"gitId":"jeffrey4512"},"content":"                case \"event\":","lastModifiedDate":"2023-02-03"},{"lineNumber":87,"author":{"gitId":"jeffrey4512"},"content":"                    formattedString \u003d formatString(userInput, status);","lastModifiedDate":"2023-02-09"},{"lineNumber":88,"author":{"gitId":"jeffrey4512"},"content":"                    description \u003d formattedString[0];","lastModifiedDate":"2023-02-09"},{"lineNumber":89,"author":{"gitId":"jeffrey4512"},"content":"                    String from \u003d formattedString[1];","lastModifiedDate":"2023-02-09"},{"lineNumber":90,"author":{"gitId":"jeffrey4512"},"content":"                    String to \u003d formattedString[2];","lastModifiedDate":"2023-02-09"},{"lineNumber":91,"author":{"gitId":"jeffrey4512"},"content":"","lastModifiedDate":"2023-02-03"},{"lineNumber":92,"author":{"gitId":"jeffrey4512"},"content":"                    userTask.add(new Events(description, \"E\", from, to));","lastModifiedDate":"2023-02-03"},{"lineNumber":93,"author":{"gitId":"jeffrey4512"},"content":"","lastModifiedDate":"2023-02-09"},{"lineNumber":94,"author":{"gitId":"jeffrey4512"},"content":"                    currentItem \u003d userTask.size() - 1;","lastModifiedDate":"2023-02-03"},{"lineNumber":95,"author":{"gitId":"jeffrey4512"},"content":"","lastModifiedDate":"2023-02-03"},{"lineNumber":96,"author":{"gitId":"jeffrey4512"},"content":"                    System.out.println(\"Got it. I\u0027ve added this task:\");","lastModifiedDate":"2023-02-09"},{"lineNumber":97,"author":{"gitId":"jeffrey4512"},"content":"                    System.out.println(userTask.get(currentItem));","lastModifiedDate":"2023-02-03"},{"lineNumber":98,"author":{"gitId":"jeffrey4512"},"content":"                    System.out.println(\"Now you have \" + userTask.size() + \" tasks in the list.\");","lastModifiedDate":"2023-02-03"},{"lineNumber":99,"author":{"gitId":"jeffrey4512"},"content":"                    break;","lastModifiedDate":"2023-01-30"},{"lineNumber":100,"author":{"gitId":"jeffrey4512"},"content":"                default:","lastModifiedDate":"2023-01-30"},{"lineNumber":101,"author":{"gitId":"jeffrey4512"},"content":"                    throw new DukeException(\"☹ OOPS!!! I\u0027m sorry, but I don\u0027t know what that means :-(\");","lastModifiedDate":"2023-02-08"},{"lineNumber":102,"author":{"gitId":"jeffrey4512"},"content":"","lastModifiedDate":"2023-02-08"},{"lineNumber":103,"author":{"gitId":"jeffrey4512"},"content":"            }","lastModifiedDate":"2023-01-30"},{"lineNumber":104,"author":{"gitId":"jeffrey4512"},"content":"        } catch (IndexOutOfBoundsException e) {","lastModifiedDate":"2023-02-03"},{"lineNumber":105,"author":{"gitId":"jeffrey4512"},"content":"            System.out.println(\"Task number not found, please try again.\");","lastModifiedDate":"2023-02-08"},{"lineNumber":106,"author":{"gitId":"jeffrey4512"},"content":"        } catch (NumberFormatException e) {","lastModifiedDate":"2023-02-03"},{"lineNumber":107,"author":{"gitId":"jeffrey4512"},"content":"            System.out.println(\"Please enter only numbers.\");","lastModifiedDate":"2023-02-03"},{"lineNumber":108,"author":{"gitId":"jeffrey4512"},"content":"        } catch (Exception e) {","lastModifiedDate":"2023-02-03"},{"lineNumber":109,"author":{"gitId":"jeffrey4512"},"content":"        }","lastModifiedDate":"2023-02-03"},{"lineNumber":110,"author":{"gitId":"jeffrey4512"},"content":"    }","lastModifiedDate":"2023-01-30"},{"lineNumber":111,"author":{"gitId":"jeffrey4512"},"content":"","lastModifiedDate":"2023-02-03"},{"lineNumber":112,"author":{"gitId":"jeffrey4512"},"content":"    public static void main(String[] args) throws DukeException {","lastModifiedDate":"2023-02-08"},{"lineNumber":113,"author":{"gitId":"-"},"content":"        String logo \u003d \" ____        _        \\n\"","lastModifiedDate":"2019-07-29"},{"lineNumber":114,"author":{"gitId":"-"},"content":"                + \"|  _ \\\\ _   _| | _____ \\n\"","lastModifiedDate":"2019-07-29"},{"lineNumber":115,"author":{"gitId":"-"},"content":"                + \"| | | | | | | |/ / _ \\\\\\n\"","lastModifiedDate":"2019-07-29"},{"lineNumber":116,"author":{"gitId":"-"},"content":"                + \"| |_| | |_| |   \u003c  __/\\n\"","lastModifiedDate":"2019-07-29"},{"lineNumber":117,"author":{"gitId":"-"},"content":"                + \"|____/ \\\\__,_|_|\\\\_\\\\___|\\n\";","lastModifiedDate":"2019-07-29"},{"lineNumber":118,"author":{"gitId":"jeffrey4512"},"content":"","lastModifiedDate":"2023-01-21"},{"lineNumber":119,"author":{"gitId":"jeffrey4512"},"content":"        Scanner sc \u003d new Scanner(System.in);","lastModifiedDate":"2023-01-21"},{"lineNumber":120,"author":{"gitId":"jeffrey4512"},"content":"","lastModifiedDate":"2023-01-21"},{"lineNumber":121,"author":{"gitId":"jeffrey4512"},"content":"        System.out.println(logo + \"\\nHello I\u0027m Duke\");","lastModifiedDate":"2023-01-21"},{"lineNumber":122,"author":{"gitId":"jeffrey4512"},"content":"        System.out.println(\"What can i do for you?\");","lastModifiedDate":"2023-01-21"},{"lineNumber":123,"author":{"gitId":"jeffrey4512"},"content":"","lastModifiedDate":"2023-01-21"},{"lineNumber":124,"author":{"gitId":"jeffrey4512"},"content":"        String userInput \u003d \"\";","lastModifiedDate":"2023-01-21"},{"lineNumber":125,"author":{"gitId":"jeffrey4512"},"content":"","lastModifiedDate":"2023-01-30"},{"lineNumber":126,"author":{"gitId":"jeffrey4512"},"content":"        List\u003cTask\u003e userTask \u003d new ArrayList\u003c\u003e();","lastModifiedDate":"2023-01-27"},{"lineNumber":127,"author":{"gitId":"jeffrey4512"},"content":"        while (!userInput.equals(\"bye\")) {","lastModifiedDate":"2023-01-21"},{"lineNumber":128,"author":{"gitId":"jeffrey4512"},"content":"            //Read user input.","lastModifiedDate":"2023-01-30"},{"lineNumber":129,"author":{"gitId":"jeffrey4512"},"content":"            userInput \u003d sc.nextLine();","lastModifiedDate":"2023-01-21"},{"lineNumber":130,"author":{"gitId":"jeffrey4512"},"content":"            try {","lastModifiedDate":"2023-02-08"},{"lineNumber":131,"author":{"gitId":"jeffrey4512"},"content":"                //Exit the chatbot.","lastModifiedDate":"2023-01-21"},{"lineNumber":132,"author":{"gitId":"jeffrey4512"},"content":"                if (userInput.equals(\"bye\")) {","lastModifiedDate":"2023-01-21"},{"lineNumber":133,"author":{"gitId":"jeffrey4512"},"content":"","lastModifiedDate":"2023-01-30"},{"lineNumber":134,"author":{"gitId":"jeffrey4512"},"content":"                    System.out.println(\"Bye. Hope to see you again soon!\");","lastModifiedDate":"2023-01-21"},{"lineNumber":135,"author":{"gitId":"jeffrey4512"},"content":"","lastModifiedDate":"2023-01-21"},{"lineNumber":136,"author":{"gitId":"jeffrey4512"},"content":"                    //List out all the elements stored.","lastModifiedDate":"2023-01-21"},{"lineNumber":137,"author":{"gitId":"jeffrey4512"},"content":"                } else if (userInput.equals(\"list\")) {","lastModifiedDate":"2023-01-21"},{"lineNumber":138,"author":{"gitId":"jeffrey4512"},"content":"                    System.out.println(\"Here are the tasks in your list:\");","lastModifiedDate":"2023-01-27"},{"lineNumber":139,"author":{"gitId":"jeffrey4512"},"content":"                    for (int i \u003d 0; i \u003c userTask.size(); i++) {","lastModifiedDate":"2023-01-27"},{"lineNumber":140,"author":{"gitId":"jeffrey4512"},"content":"                        System.out.println((i + 1) + \". \" + userTask.get(i));","lastModifiedDate":"2023-02-03"},{"lineNumber":141,"author":{"gitId":"jeffrey4512"},"content":"                    }","lastModifiedDate":"2023-01-27"},{"lineNumber":142,"author":{"gitId":"jeffrey4512"},"content":"                    //Store user input and echo out.","lastModifiedDate":"2023-01-21"},{"lineNumber":143,"author":{"gitId":"jeffrey4512"},"content":"                } else if (userInput.startsWith(\"delete\")) {","lastModifiedDate":"2023-02-09"},{"lineNumber":144,"author":{"gitId":"jeffrey4512"},"content":"                    //Deletes a task.","lastModifiedDate":"2023-02-09"},{"lineNumber":145,"author":{"gitId":"jeffrey4512"},"content":"                    updateTask(userInput, userTask, \"delete\");","lastModifiedDate":"2023-02-09"},{"lineNumber":146,"author":{"gitId":"jeffrey4512"},"content":"                } else if (userInput.startsWith(\"mark\")) {","lastModifiedDate":"2023-01-30"},{"lineNumber":147,"author":{"gitId":"jeffrey4512"},"content":"                    //Marks a task as done.","lastModifiedDate":"2023-01-30"},{"lineNumber":148,"author":{"gitId":"jeffrey4512"},"content":"                    updateTask(userInput, userTask, \"mark\");","lastModifiedDate":"2023-01-30"},{"lineNumber":149,"author":{"gitId":"jeffrey4512"},"content":"","lastModifiedDate":"2023-01-30"},{"lineNumber":150,"author":{"gitId":"jeffrey4512"},"content":"                } else if (userInput.startsWith(\"unmark\")) {","lastModifiedDate":"2023-01-30"},{"lineNumber":151,"author":{"gitId":"jeffrey4512"},"content":"                    //unmarks a task as not done.","lastModifiedDate":"2023-01-30"},{"lineNumber":152,"author":{"gitId":"jeffrey4512"},"content":"                    updateTask(userInput, userTask, \"unmark\");","lastModifiedDate":"2023-01-30"},{"lineNumber":153,"author":{"gitId":"jeffrey4512"},"content":"","lastModifiedDate":"2023-01-27"},{"lineNumber":154,"author":{"gitId":"jeffrey4512"},"content":"                } else if (userInput.startsWith(\"todo\")) {","lastModifiedDate":"2023-02-03"},{"lineNumber":155,"author":{"gitId":"jeffrey4512"},"content":"                    //Create to-do task","lastModifiedDate":"2023-02-09"},{"lineNumber":156,"author":{"gitId":"jeffrey4512"},"content":"                    updateTask(userInput, userTask, \"todo\");","lastModifiedDate":"2023-02-03"},{"lineNumber":157,"author":{"gitId":"jeffrey4512"},"content":"","lastModifiedDate":"2023-01-27"},{"lineNumber":158,"author":{"gitId":"jeffrey4512"},"content":"                } else if (userInput.startsWith(\"deadline\")) {","lastModifiedDate":"2023-02-03"},{"lineNumber":159,"author":{"gitId":"jeffrey4512"},"content":"                    //Create Deadline task","lastModifiedDate":"2023-02-09"},{"lineNumber":160,"author":{"gitId":"jeffrey4512"},"content":"                    updateTask(userInput, userTask, \"deadline\");","lastModifiedDate":"2023-02-03"},{"lineNumber":161,"author":{"gitId":"jeffrey4512"},"content":"","lastModifiedDate":"2023-02-03"},{"lineNumber":162,"author":{"gitId":"jeffrey4512"},"content":"                } else if (userInput.startsWith(\"event\")) {","lastModifiedDate":"2023-02-03"},{"lineNumber":163,"author":{"gitId":"jeffrey4512"},"content":"                    //Create event task","lastModifiedDate":"2023-02-09"},{"lineNumber":164,"author":{"gitId":"jeffrey4512"},"content":"                    updateTask(userInput, userTask, \"event\");","lastModifiedDate":"2023-02-03"},{"lineNumber":165,"author":{"gitId":"jeffrey4512"},"content":"","lastModifiedDate":"2023-02-03"},{"lineNumber":166,"author":{"gitId":"jeffrey4512"},"content":"                } else {","lastModifiedDate":"2023-02-08"},{"lineNumber":167,"author":{"gitId":"jeffrey4512"},"content":"","lastModifiedDate":"2023-02-08"},{"lineNumber":168,"author":{"gitId":"jeffrey4512"},"content":"                    throw new DukeException(\"☹ OOPS!!! I\u0027m sorry, but I don\u0027t know what that means :-(\");","lastModifiedDate":"2023-02-08"},{"lineNumber":169,"author":{"gitId":"jeffrey4512"},"content":"","lastModifiedDate":"2023-02-08"},{"lineNumber":170,"author":{"gitId":"jeffrey4512"},"content":"                }","lastModifiedDate":"2023-02-08"},{"lineNumber":171,"author":{"gitId":"jeffrey4512"},"content":"            } catch (Exception e) {","lastModifiedDate":"2023-02-08"},{"lineNumber":172,"author":{"gitId":"jeffrey4512"},"content":"","lastModifiedDate":"2023-02-08"},{"lineNumber":173,"author":{"gitId":"jeffrey4512"},"content":"            }","lastModifiedDate":"2023-02-03"},{"lineNumber":174,"author":{"gitId":"jeffrey4512"},"content":"        }","lastModifiedDate":"2023-01-27"},{"lineNumber":175,"author":{"gitId":"-"},"content":"    }","lastModifiedDate":"2023-01-21"},{"lineNumber":176,"author":{"gitId":"jeffrey4512"},"content":"","lastModifiedDate":"2023-02-03"},{"lineNumber":177,"author":{"gitId":"-"},"content":"}","lastModifiedDate":"2019-07-29"}],"authorContributionMap":{"jeffrey4512":169,"-":8}},{"path":"src/main/java/DukeException.java","fileType":"java","lines":[{"lineNumber":1,"author":{"gitId":"jeffrey4512"},"content":"public class DukeException extends Exception{","lastModifiedDate":"2023-02-08"},{"lineNumber":2,"author":{"gitId":"jeffrey4512"},"content":"","lastModifiedDate":"2023-02-08"},{"lineNumber":3,"author":{"gitId":"jeffrey4512"},"content":"    public DukeException(String message) {","lastModifiedDate":"2023-02-08"},{"lineNumber":4,"author":{"gitId":"jeffrey4512"},"content":"    System.out.println(message);","lastModifiedDate":"2023-02-08"},{"lineNumber":5,"author":{"gitId":"jeffrey4512"},"content":"    }","lastModifiedDate":"2023-02-08"},{"lineNumber":6,"author":{"gitId":"jeffrey4512"},"content":"}","lastModifiedDate":"2023-02-08"}],"authorContributionMap":{"jeffrey4512":6}},{"path":"src/main/java/Events.java","fileType":"java","lines":[{"lineNumber":1,"author":{"gitId":"jeffrey4512"},"content":"public class Events extends Task{","lastModifiedDate":"2023-02-03"},{"lineNumber":2,"author":{"gitId":"jeffrey4512"},"content":"    protected String taskType;","lastModifiedDate":"2023-02-03"},{"lineNumber":3,"author":{"gitId":"jeffrey4512"},"content":"    protected String from;","lastModifiedDate":"2023-02-03"},{"lineNumber":4,"author":{"gitId":"jeffrey4512"},"content":"    protected String to;","lastModifiedDate":"2023-02-03"},{"lineNumber":5,"author":{"gitId":"jeffrey4512"},"content":"    public Events(String description, String taskType, String from, String to) {","lastModifiedDate":"2023-02-03"},{"lineNumber":6,"author":{"gitId":"jeffrey4512"},"content":"        super(description);","lastModifiedDate":"2023-02-03"},{"lineNumber":7,"author":{"gitId":"jeffrey4512"},"content":"        this.taskType \u003d taskType;","lastModifiedDate":"2023-02-03"},{"lineNumber":8,"author":{"gitId":"jeffrey4512"},"content":"        this.from \u003d from;","lastModifiedDate":"2023-02-03"},{"lineNumber":9,"author":{"gitId":"jeffrey4512"},"content":"        this.to \u003d to;","lastModifiedDate":"2023-02-03"},{"lineNumber":10,"author":{"gitId":"jeffrey4512"},"content":"    }","lastModifiedDate":"2023-02-03"},{"lineNumber":11,"author":{"gitId":"jeffrey4512"},"content":"","lastModifiedDate":"2023-02-03"},{"lineNumber":12,"author":{"gitId":"jeffrey4512"},"content":"","lastModifiedDate":"2023-02-03"},{"lineNumber":13,"author":{"gitId":"jeffrey4512"},"content":"    //Getter Methods","lastModifiedDate":"2023-02-03"},{"lineNumber":14,"author":{"gitId":"jeffrey4512"},"content":"    public String getTaskType() {","lastModifiedDate":"2023-02-03"},{"lineNumber":15,"author":{"gitId":"jeffrey4512"},"content":"        return taskType;","lastModifiedDate":"2023-02-03"},{"lineNumber":16,"author":{"gitId":"jeffrey4512"},"content":"    }","lastModifiedDate":"2023-02-03"},{"lineNumber":17,"author":{"gitId":"jeffrey4512"},"content":"    public String getFrom() {","lastModifiedDate":"2023-02-03"},{"lineNumber":18,"author":{"gitId":"jeffrey4512"},"content":"        return from;","lastModifiedDate":"2023-02-03"},{"lineNumber":19,"author":{"gitId":"jeffrey4512"},"content":"    }","lastModifiedDate":"2023-02-03"},{"lineNumber":20,"author":{"gitId":"jeffrey4512"},"content":"    public String getTo() {","lastModifiedDate":"2023-02-03"},{"lineNumber":21,"author":{"gitId":"jeffrey4512"},"content":"        return to;","lastModifiedDate":"2023-02-03"},{"lineNumber":22,"author":{"gitId":"jeffrey4512"},"content":"    }","lastModifiedDate":"2023-02-03"},{"lineNumber":23,"author":{"gitId":"jeffrey4512"},"content":"","lastModifiedDate":"2023-02-03"},{"lineNumber":24,"author":{"gitId":"jeffrey4512"},"content":"    public String toString(){","lastModifiedDate":"2023-02-03"},{"lineNumber":25,"author":{"gitId":"jeffrey4512"},"content":"        return super.toString() + \"(from: \" + from + \" to: \" + to +\")\";","lastModifiedDate":"2023-02-03"},{"lineNumber":26,"author":{"gitId":"jeffrey4512"},"content":"    }","lastModifiedDate":"2023-02-03"},{"lineNumber":27,"author":{"gitId":"jeffrey4512"},"content":"}","lastModifiedDate":"2023-02-03"}],"authorContributionMap":{"jeffrey4512":27}},{"path":"src/main/java/Task.java","fileType":"java","lines":[{"lineNumber":1,"author":{"gitId":"jeffrey4512"},"content":"public class Task {","lastModifiedDate":"2023-01-27"},{"lineNumber":2,"author":{"gitId":"jeffrey4512"},"content":"    protected String description;","lastModifiedDate":"2023-01-27"},{"lineNumber":3,"author":{"gitId":"jeffrey4512"},"content":"    protected boolean isDone;","lastModifiedDate":"2023-01-27"},{"lineNumber":4,"author":{"gitId":"jeffrey4512"},"content":"    public Task(){","lastModifiedDate":"2023-02-03"},{"lineNumber":5,"author":{"gitId":"jeffrey4512"},"content":"","lastModifiedDate":"2023-02-03"},{"lineNumber":6,"author":{"gitId":"jeffrey4512"},"content":"    }","lastModifiedDate":"2023-02-03"},{"lineNumber":7,"author":{"gitId":"jeffrey4512"},"content":"","lastModifiedDate":"2023-01-27"},{"lineNumber":8,"author":{"gitId":"jeffrey4512"},"content":"    public Task(String description) {","lastModifiedDate":"2023-01-27"},{"lineNumber":9,"author":{"gitId":"jeffrey4512"},"content":"        this.description \u003d description;","lastModifiedDate":"2023-01-27"},{"lineNumber":10,"author":{"gitId":"jeffrey4512"},"content":"        this.isDone \u003d false;","lastModifiedDate":"2023-01-27"},{"lineNumber":11,"author":{"gitId":"jeffrey4512"},"content":"    }","lastModifiedDate":"2023-01-27"},{"lineNumber":12,"author":{"gitId":"jeffrey4512"},"content":"    //Getter Methods","lastModifiedDate":"2023-01-30"},{"lineNumber":13,"author":{"gitId":"jeffrey4512"},"content":"    public String getStatusIcon() {","lastModifiedDate":"2023-01-27"},{"lineNumber":14,"author":{"gitId":"jeffrey4512"},"content":"        return (isDone ? \"X\" : \" \"); // mark done task with X","lastModifiedDate":"2023-01-27"},{"lineNumber":15,"author":{"gitId":"jeffrey4512"},"content":"    }","lastModifiedDate":"2023-01-27"},{"lineNumber":16,"author":{"gitId":"jeffrey4512"},"content":"    public String getTaskType() {","lastModifiedDate":"2023-02-03"},{"lineNumber":17,"author":{"gitId":"jeffrey4512"},"content":"        return \" \";","lastModifiedDate":"2023-02-03"},{"lineNumber":18,"author":{"gitId":"jeffrey4512"},"content":"    }","lastModifiedDate":"2023-02-03"},{"lineNumber":19,"author":{"gitId":"jeffrey4512"},"content":"    public String getBy() {","lastModifiedDate":"2023-02-03"},{"lineNumber":20,"author":{"gitId":"jeffrey4512"},"content":"        return \" \";","lastModifiedDate":"2023-02-03"},{"lineNumber":21,"author":{"gitId":"jeffrey4512"},"content":"    }","lastModifiedDate":"2023-02-03"},{"lineNumber":22,"author":{"gitId":"jeffrey4512"},"content":"    //Setter Methods","lastModifiedDate":"2023-01-30"},{"lineNumber":23,"author":{"gitId":"jeffrey4512"},"content":"    public void setStatusIconMarked() {","lastModifiedDate":"2023-01-30"},{"lineNumber":24,"author":{"gitId":"jeffrey4512"},"content":"        System.out.println(\"Nice! I\u0027ve marked this task as done:\");","lastModifiedDate":"2023-02-03"},{"lineNumber":25,"author":{"gitId":"jeffrey4512"},"content":"","lastModifiedDate":"2023-02-03"},{"lineNumber":26,"author":{"gitId":"jeffrey4512"},"content":"        isDone \u003d true;","lastModifiedDate":"2023-01-30"},{"lineNumber":27,"author":{"gitId":"jeffrey4512"},"content":"    }","lastModifiedDate":"2023-01-27"},{"lineNumber":28,"author":{"gitId":"jeffrey4512"},"content":"","lastModifiedDate":"2023-01-30"},{"lineNumber":29,"author":{"gitId":"jeffrey4512"},"content":"    public void setStatusIconUnmarked() {","lastModifiedDate":"2023-01-30"},{"lineNumber":30,"author":{"gitId":"jeffrey4512"},"content":"        System.out.println(\"OK, I\u0027ve marked this task as not done yet:\");","lastModifiedDate":"2023-02-03"},{"lineNumber":31,"author":{"gitId":"jeffrey4512"},"content":"","lastModifiedDate":"2023-01-30"},{"lineNumber":32,"author":{"gitId":"jeffrey4512"},"content":"        isDone \u003d false;","lastModifiedDate":"2023-01-30"},{"lineNumber":33,"author":{"gitId":"jeffrey4512"},"content":"    }","lastModifiedDate":"2023-01-27"},{"lineNumber":34,"author":{"gitId":"jeffrey4512"},"content":"","lastModifiedDate":"2023-02-03"},{"lineNumber":35,"author":{"gitId":"jeffrey4512"},"content":"    public String toString(){","lastModifiedDate":"2023-02-03"},{"lineNumber":36,"author":{"gitId":"jeffrey4512"},"content":"        return String.format(\"[\" + this.getTaskType() + \"]\" + \"[\" + this.getStatusIcon() + \"] \" + description);","lastModifiedDate":"2023-02-03"},{"lineNumber":37,"author":{"gitId":"jeffrey4512"},"content":"    }","lastModifiedDate":"2023-02-03"},{"lineNumber":38,"author":{"gitId":"jeffrey4512"},"content":"}","lastModifiedDate":"2023-01-27"}],"authorContributionMap":{"jeffrey4512":38}},{"path":"src/main/java/ToDo.java","fileType":"java","lines":[{"lineNumber":1,"author":{"gitId":"jeffrey4512"},"content":"public class ToDo extends Task{","lastModifiedDate":"2023-02-03"},{"lineNumber":2,"author":{"gitId":"jeffrey4512"},"content":"","lastModifiedDate":"2023-02-03"},{"lineNumber":3,"author":{"gitId":"jeffrey4512"},"content":"    protected String taskType;","lastModifiedDate":"2023-02-03"},{"lineNumber":4,"author":{"gitId":"jeffrey4512"},"content":"    public ToDo(String description, String taskType) {","lastModifiedDate":"2023-02-03"},{"lineNumber":5,"author":{"gitId":"jeffrey4512"},"content":"        super(description);","lastModifiedDate":"2023-02-03"},{"lineNumber":6,"author":{"gitId":"jeffrey4512"},"content":"        this.taskType \u003d taskType;","lastModifiedDate":"2023-02-03"},{"lineNumber":7,"author":{"gitId":"jeffrey4512"},"content":"    }","lastModifiedDate":"2023-02-03"},{"lineNumber":8,"author":{"gitId":"jeffrey4512"},"content":"","lastModifiedDate":"2023-02-03"},{"lineNumber":9,"author":{"gitId":"jeffrey4512"},"content":"    //Getter Methods","lastModifiedDate":"2023-02-03"},{"lineNumber":10,"author":{"gitId":"jeffrey4512"},"content":"    public String getTaskType() {","lastModifiedDate":"2023-02-03"},{"lineNumber":11,"author":{"gitId":"jeffrey4512"},"content":"        return taskType;","lastModifiedDate":"2023-02-03"},{"lineNumber":12,"author":{"gitId":"jeffrey4512"},"content":"    }","lastModifiedDate":"2023-02-03"},{"lineNumber":13,"author":{"gitId":"jeffrey4512"},"content":"}","lastModifiedDate":"2023-02-03"}],"authorContributionMap":{"jeffrey4512":13}}]
