{"authorDailyContributionsMap":{"jeffrey4512":[{"date":"2023-01-21","commitResults":[{"hash":"0c819ff47f07edf928c88260d3627847336a0196","isMergeCommit":false,"messageTitle":"Level-1","messageBody":"","tags":["Level-1"],"fileTypesAndContributionMap":{"java":{"insertions":25,"deletions":1}}},{"hash":"9a629bf4d0d87bbfff2e3014b8e2b5b77cbcd84e","isMergeCommit":false,"messageTitle":"Level-2","messageBody":"","fileTypesAndContributionMap":{"java":{"insertions":17,"deletions":10}}},{"hash":"93c0d048f943c0f9874524c041d87edde664fb2a","isMergeCommit":false,"messageTitle":"Level-2","messageBody":"","tags":["Level-2"],"fileTypesAndContributionMap":{"java":{"insertions":1,"deletions":1}}}]},{"date":"2023-01-27","commitResults":[{"hash":"f91d647122ffeee29caa803c09cee09e41eca09f","isMergeCommit":false,"messageTitle":"Add info","messageBody":"","fileTypesAndContributionMap":{"java":{"insertions":46,"deletions":5}}}]},{"date":"2023-01-30","commitResults":[{"hash":"972b6842c7e4b1518637d04f3d5427ba12cacfac","isMergeCommit":false,"messageTitle":"V1.0","messageBody":"","tags":["Level-3_V1.0"],"fileTypesAndContributionMap":{"java":{"insertions":32,"deletions":26}}},{"hash":"2c3940ab149d7bfc983503e16371ef21f92e1cbc","isMergeCommit":false,"messageTitle":"Level-3","messageBody":"","tags":["Level-3"],"fileTypesAndContributionMap":{"java":{"insertions":34,"deletions":18}}}]},{"date":"2023-02-03","commitResults":[{"hash":"5dd1fbf9af4b5ee4a2ecf5be3ade5deee65c0ca6","isMergeCommit":false,"messageTitle":"Level-4","messageBody":"","tags":["Level-4"],"fileTypesAndContributionMap":{"java":{"insertions":174,"deletions":28}}}]},{"date":"2023-02-08","commitResults":[{"hash":"0c18f3560b5ee838165905c2006c9a4ff921e8b1","isMergeCommit":false,"messageTitle":"Level-5","messageBody":"","tags":["Level-5"],"fileTypesAndContributionMap":{"java":{"insertions":31,"deletions":15}}}]},{"date":"2023-02-09","commitResults":[{"hash":"98de0f059e095bb7a1cda8845f4ef1b269fed208","isMergeCommit":false,"messageTitle":"Level-6","messageBody":"","tags":["Level-6"],"fileTypesAndContributionMap":{"java":{"insertions":88,"deletions":70}}}]},{"date":"2023-03-09","commitResults":[{"hash":"7fc2f7ff61cb850f0540274dc1bcd6e561e1e7fe","isMergeCommit":false,"messageTitle":"Branch Level-6","messageBody":"","fileTypesAndContributionMap":{"java":{"insertions":265,"deletions":98}}},{"hash":"3d31e424d71a38e20e66cf921d7002a94e98a968","isMergeCommit":false,"messageTitle":"Branch Level-6.5","messageBody":"","fileTypesAndContributionMap":{"java":{"insertions":17,"deletions":11}}},{"hash":"03462872e31c60efc34e7654cfc90bbd2e53f86c","isMergeCommit":false,"messageTitle":"Level-6.6","messageBody":"","fileTypesAndContributionMap":{"java":{"insertions":29,"deletions":3}}}]},{"date":"2023-03-10","commitResults":[{"hash":"08cca9712893243ff2926415a557efe1bb4da03f","isMergeCommit":false,"messageTitle":"Level-7","messageBody":"","tags":["Level-7"],"fileTypesAndContributionMap":{"java":{"insertions":157,"deletions":158}}}]},{"date":"2023-03-14","commitResults":[{"hash":"6091586c4a40c67d8f96f0b257cbe5dcd29ab419","isMergeCommit":false,"messageTitle":"Level-8","messageBody":"","fileTypesAndContributionMap":{"java":{"insertions":263,"deletions":169}}},{"hash":"4181de7c7cf920928fdafb7e53bd1774d98e6b97","isMergeCommit":true,"messageTitle":"Merge remote-tracking branch \u0027upstream/add-gradle-support\u0027","messageBody":"","fileTypesAndContributionMap":{}},{"hash":"9a1b44eb543acade85829fb82e7739d7fd787d24","isMergeCommit":false,"messageTitle":"Level-8-Gradle","messageBody":"","fileTypesAndContributionMap":{"java":{"insertions":141,"deletions":46}}}]}]},"authorFileTypeContributionMap":{"jeffrey4512":{"java":668,"md":0,"fxml":0,"sh":0,"bat":0,"gradle":0,"txt":0}},"authorContributionVariance":{"jeffrey4512":10564.186},"authorDisplayNameMap":{"jeffrey4512":"NG K..FREY"}}
