{"authorDailyContributionsMap":{"jeffrey4512":[{"date":"2023-01-21","commitResults":[{"hash":"0c819ff47f07edf928c88260d3627847336a0196","messageTitle":"Level-1","messageBody":"","tags":["Level-1"],"fileTypesAndContributionMap":{"java":{"insertions":25,"deletions":1}}},{"hash":"9a629bf4d0d87bbfff2e3014b8e2b5b77cbcd84e","messageTitle":"Level-2","messageBody":"","fileTypesAndContributionMap":{"java":{"insertions":17,"deletions":10}}},{"hash":"93c0d048f943c0f9874524c041d87edde664fb2a","messageTitle":"Level-2","messageBody":"","tags":["Level-2"],"fileTypesAndContributionMap":{"java":{"insertions":1,"deletions":1}}}]},{"date":"2023-01-27","commitResults":[{"hash":"f91d647122ffeee29caa803c09cee09e41eca09f","messageTitle":"Add info","messageBody":"","fileTypesAndContributionMap":{"java":{"insertions":46,"deletions":5}}}]},{"date":"2023-01-30","commitResults":[{"hash":"972b6842c7e4b1518637d04f3d5427ba12cacfac","messageTitle":"V1.0","messageBody":"","tags":["Level-3_V1.0"],"fileTypesAndContributionMap":{"java":{"insertions":32,"deletions":26}}},{"hash":"2c3940ab149d7bfc983503e16371ef21f92e1cbc","messageTitle":"Level-3","messageBody":"","tags":["Level-3"],"fileTypesAndContributionMap":{"java":{"insertions":34,"deletions":18}}}]},{"date":"2023-02-03","commitResults":[{"hash":"5dd1fbf9af4b5ee4a2ecf5be3ade5deee65c0ca6","messageTitle":"Level-4","messageBody":"","tags":["Level-4"],"fileTypesAndContributionMap":{"java":{"insertions":174,"deletions":28}}}]},{"date":"2023-02-08","commitResults":[{"hash":"0c18f3560b5ee838165905c2006c9a4ff921e8b1","messageTitle":"Level-5","messageBody":"","tags":["Level-5"],"fileTypesAndContributionMap":{"java":{"insertions":31,"deletions":15}}}]},{"date":"2023-02-09","commitResults":[{"hash":"98de0f059e095bb7a1cda8845f4ef1b269fed208","messageTitle":"Level-6","messageBody":"","tags":["Level-6"],"fileTypesAndContributionMap":{"java":{"insertions":88,"deletions":70}}}]}]},"authorFileTypeContributionMap":{"jeffrey4512":{"java":276,"md":0,"fxml":0,"sh":0,"bat":0,"gradle":0,"txt":0}},"authorContributionVariance":{"jeffrey4512":2297.496},"authorDisplayNameMap":{"jeffrey4512":"NG K..FREY"}}
