[{"path":"src/main/java/Duke.java","fileType":"java","lines":[{"lineNumber":1,"author":{"gitId":"ixxeden"},"content":"import java.util.Scanner;","lastModifiedDate":"2023-02-08"},{"lineNumber":2,"author":{"gitId":"ixxeden"},"content":"","lastModifiedDate":"2023-03-17"},{"lineNumber":3,"author":{"gitId":"ixxeden"},"content":"","lastModifiedDate":"2023-03-17"},{"lineNumber":4,"author":{"gitId":"-"},"content":"public class Duke {","lastModifiedDate":"2019-07-29"},{"lineNumber":5,"author":{"gitId":"ixxeden"},"content":"    public static boolean checkMark(String input) { //method to check is mark/unmark is a single word or with something behind","lastModifiedDate":"2023-03-17"},{"lineNumber":6,"author":{"gitId":"ixxeden"},"content":"        String[] splitted \u003d input.split(\" \");","lastModifiedDate":"2023-03-17"},{"lineNumber":7,"author":{"gitId":"ixxeden"},"content":"        return splitted.length \u003d\u003d 2;","lastModifiedDate":"2023-03-17"},{"lineNumber":8,"author":{"gitId":"ixxeden"},"content":"    }","lastModifiedDate":"2023-03-17"},{"lineNumber":9,"author":{"gitId":"ixxeden"},"content":"","lastModifiedDate":"2023-03-17"},{"lineNumber":10,"author":{"gitId":"-"},"content":"    public static void main(String[] args) {","lastModifiedDate":"2019-07-29"},{"lineNumber":11,"author":{"gitId":"-"},"content":"        String logo \u003d \" ____        _        \\n\"","lastModifiedDate":"2019-07-29"},{"lineNumber":12,"author":{"gitId":"-"},"content":"                + \"|  _ \\\\ _   _| | _____ \\n\"","lastModifiedDate":"2019-07-29"},{"lineNumber":13,"author":{"gitId":"-"},"content":"                + \"| | | | | | | |/ / _ \\\\\\n\"","lastModifiedDate":"2019-07-29"},{"lineNumber":14,"author":{"gitId":"-"},"content":"                + \"| |_| | |_| |   \u003c  __/\\n\"","lastModifiedDate":"2019-07-29"},{"lineNumber":15,"author":{"gitId":"-"},"content":"                + \"|____/ \\\\__,_|_|\\\\_\\\\___|\\n\";","lastModifiedDate":"2019-07-29"},{"lineNumber":16,"author":{"gitId":"ixxeden"},"content":"","lastModifiedDate":"2023-03-17"},{"lineNumber":17,"author":{"gitId":"-"},"content":"        System.out.println(\"Hello from\\n\" + logo);","lastModifiedDate":"2019-07-29"},{"lineNumber":18,"author":{"gitId":"ixxeden"},"content":"        System.out.println(\"Hello! I\u0027m Duke\");","lastModifiedDate":"2023-02-08"},{"lineNumber":19,"author":{"gitId":"ixxeden"},"content":"        System.out.println(\"What can I do for you?\\n\");","lastModifiedDate":"2023-02-08"},{"lineNumber":20,"author":{"gitId":"ixxeden"},"content":"        boolean bye \u003d false;","lastModifiedDate":"2023-03-17"},{"lineNumber":21,"author":{"gitId":"ixxeden"},"content":"        Scanner Obj \u003d new Scanner(System.in);","lastModifiedDate":"2023-02-08"},{"lineNumber":22,"author":{"gitId":"ixxeden"},"content":"        int taskIndex \u003d 0;","lastModifiedDate":"2023-03-17"},{"lineNumber":23,"author":{"gitId":"ixxeden"},"content":"        Task[] list \u003d new Task[100];","lastModifiedDate":"2023-03-17"},{"lineNumber":24,"author":{"gitId":"ixxeden"},"content":"","lastModifiedDate":"2023-03-17"},{"lineNumber":25,"author":{"gitId":"ixxeden"},"content":"","lastModifiedDate":"2023-03-17"},{"lineNumber":26,"author":{"gitId":"ixxeden"},"content":"        while (!bye) {","lastModifiedDate":"2023-03-17"},{"lineNumber":27,"author":{"gitId":"ixxeden"},"content":"            String question \u003d Obj.nextLine();","lastModifiedDate":"2023-02-08"},{"lineNumber":28,"author":{"gitId":"ixxeden"},"content":"","lastModifiedDate":"2023-03-17"},{"lineNumber":29,"author":{"gitId":"ixxeden"},"content":"            if (question.equals(\"bye\")) { //if the input is bye then end the program","lastModifiedDate":"2023-02-08"},{"lineNumber":30,"author":{"gitId":"ixxeden"},"content":"                bye \u003d true;","lastModifiedDate":"2023-03-17"},{"lineNumber":31,"author":{"gitId":"ixxeden"},"content":"                System.out.println(\"Bye. Hope to see you again soon!\");","lastModifiedDate":"2023-02-08"},{"lineNumber":32,"author":{"gitId":"ixxeden"},"content":"            }","lastModifiedDate":"2023-02-08"},{"lineNumber":33,"author":{"gitId":"ixxeden"},"content":"","lastModifiedDate":"2023-03-17"},{"lineNumber":34,"author":{"gitId":"ixxeden"},"content":"            if (question.contains(\"mark\")) {","lastModifiedDate":"2023-03-17"},{"lineNumber":35,"author":{"gitId":"ixxeden"},"content":"                if (checkMark(question)) {","lastModifiedDate":"2023-03-17"},{"lineNumber":36,"author":{"gitId":"ixxeden"},"content":"                    String[] splitted \u003d question.split(\" \");","lastModifiedDate":"2023-03-17"},{"lineNumber":37,"author":{"gitId":"ixxeden"},"content":"                    if (question.contains(\"unmark\")) {","lastModifiedDate":"2023-03-17"},{"lineNumber":38,"author":{"gitId":"ixxeden"},"content":"                        list[Integer.parseInt(splitted[1]) - 1].markAsNotDone();","lastModifiedDate":"2023-03-17"},{"lineNumber":39,"author":{"gitId":"ixxeden"},"content":"                        continue;","lastModifiedDate":"2023-03-17"},{"lineNumber":40,"author":{"gitId":"ixxeden"},"content":"                    }","lastModifiedDate":"2023-03-17"},{"lineNumber":41,"author":{"gitId":"ixxeden"},"content":"                    else {","lastModifiedDate":"2023-03-17"},{"lineNumber":42,"author":{"gitId":"ixxeden"},"content":"                        list[Integer.parseInt(splitted[1]) - 1].markAsDone();","lastModifiedDate":"2023-03-17"},{"lineNumber":43,"author":{"gitId":"ixxeden"},"content":"                        continue;","lastModifiedDate":"2023-03-17"},{"lineNumber":44,"author":{"gitId":"ixxeden"},"content":"                    }","lastModifiedDate":"2023-03-17"},{"lineNumber":45,"author":{"gitId":"ixxeden"},"content":"                }","lastModifiedDate":"2023-02-08"},{"lineNumber":46,"author":{"gitId":"ixxeden"},"content":"            }","lastModifiedDate":"2023-02-08"},{"lineNumber":47,"author":{"gitId":"ixxeden"},"content":"","lastModifiedDate":"2023-03-17"},{"lineNumber":48,"author":{"gitId":"ixxeden"},"content":"            if (question.equals(\"list\")) { //loop to print out the items in list[]","lastModifiedDate":"2023-03-17"},{"lineNumber":49,"author":{"gitId":"ixxeden"},"content":"                for (int i \u003d 0; i \u003c taskIndex; i++) {","lastModifiedDate":"2023-03-17"},{"lineNumber":50,"author":{"gitId":"ixxeden"},"content":"                    System.out.println(i + 1 + \". \" + \"[\" + list[i].getStatusIcon() + \"] \" + list[i].description);","lastModifiedDate":"2023-03-17"},{"lineNumber":51,"author":{"gitId":"ixxeden"},"content":"                }","lastModifiedDate":"2023-03-17"},{"lineNumber":52,"author":{"gitId":"ixxeden"},"content":"            }","lastModifiedDate":"2023-03-17"},{"lineNumber":53,"author":{"gitId":"ixxeden"},"content":"","lastModifiedDate":"2023-03-17"},{"lineNumber":54,"author":{"gitId":"ixxeden"},"content":"            else { //store the string","lastModifiedDate":"2023-03-17"},{"lineNumber":55,"author":{"gitId":"ixxeden"},"content":"                Task t \u003d new Task(question);","lastModifiedDate":"2023-03-17"},{"lineNumber":56,"author":{"gitId":"ixxeden"},"content":"                //t.markAsDone();","lastModifiedDate":"2023-03-17"},{"lineNumber":57,"author":{"gitId":"ixxeden"},"content":"                list[taskIndex] \u003d t;","lastModifiedDate":"2023-03-17"},{"lineNumber":58,"author":{"gitId":"ixxeden"},"content":"                taskIndex++;","lastModifiedDate":"2023-03-17"},{"lineNumber":59,"author":{"gitId":"ixxeden"},"content":"                System.out.println(\"added: \" + question);","lastModifiedDate":"2023-03-17"},{"lineNumber":60,"author":{"gitId":"ixxeden"},"content":"            }","lastModifiedDate":"2023-02-08"},{"lineNumber":61,"author":{"gitId":"ixxeden"},"content":"        }","lastModifiedDate":"2023-02-08"},{"lineNumber":62,"author":{"gitId":"-"},"content":"    }","lastModifiedDate":"2019-07-29"},{"lineNumber":63,"author":{"gitId":"-"},"content":"}","lastModifiedDate":"2019-07-29"}],"authorContributionMap":{"-":10,"ixxeden":53}},{"path":"src/main/java/Task.java","fileType":"java","lines":[{"lineNumber":1,"author":{"gitId":"ixxeden"},"content":"public class Task {","lastModifiedDate":"2023-03-17"},{"lineNumber":2,"author":{"gitId":"ixxeden"},"content":"    protected String description;","lastModifiedDate":"2023-03-17"},{"lineNumber":3,"author":{"gitId":"ixxeden"},"content":"    protected boolean isDone;","lastModifiedDate":"2023-03-17"},{"lineNumber":4,"author":{"gitId":"ixxeden"},"content":"","lastModifiedDate":"2023-03-17"},{"lineNumber":5,"author":{"gitId":"ixxeden"},"content":"    public Task(String description) {","lastModifiedDate":"2023-03-17"},{"lineNumber":6,"author":{"gitId":"ixxeden"},"content":"        this.description \u003d description;","lastModifiedDate":"2023-03-17"},{"lineNumber":7,"author":{"gitId":"ixxeden"},"content":"        this.isDone \u003d false;","lastModifiedDate":"2023-03-17"},{"lineNumber":8,"author":{"gitId":"ixxeden"},"content":"    }","lastModifiedDate":"2023-03-17"},{"lineNumber":9,"author":{"gitId":"ixxeden"},"content":"","lastModifiedDate":"2023-03-17"},{"lineNumber":10,"author":{"gitId":"ixxeden"},"content":"    public void markAsDone() {","lastModifiedDate":"2023-03-17"},{"lineNumber":11,"author":{"gitId":"ixxeden"},"content":"        this.isDone \u003d true;","lastModifiedDate":"2023-03-17"},{"lineNumber":12,"author":{"gitId":"ixxeden"},"content":"    }","lastModifiedDate":"2023-03-17"},{"lineNumber":13,"author":{"gitId":"ixxeden"},"content":"    public void markAsNotDone() {","lastModifiedDate":"2023-03-17"},{"lineNumber":14,"author":{"gitId":"ixxeden"},"content":"        this.isDone \u003d false;","lastModifiedDate":"2023-03-17"},{"lineNumber":15,"author":{"gitId":"ixxeden"},"content":"    }","lastModifiedDate":"2023-03-17"},{"lineNumber":16,"author":{"gitId":"ixxeden"},"content":"    public String getStatusIcon() {","lastModifiedDate":"2023-03-17"},{"lineNumber":17,"author":{"gitId":"ixxeden"},"content":"        return (isDone ? \"X\" : \" \"); // mark done task with X","lastModifiedDate":"2023-03-17"},{"lineNumber":18,"author":{"gitId":"ixxeden"},"content":"    }","lastModifiedDate":"2023-03-17"},{"lineNumber":19,"author":{"gitId":"ixxeden"},"content":"}","lastModifiedDate":"2023-03-17"}],"authorContributionMap":{"ixxeden":19}}]
