[{"path":"README.md","fileType":"md","lines":[{"lineNumber":1,"author":{"gitId":"ixxeden"},"content":"# duke.Duke project template","lastModifiedDate":"2023-04-07"},{"lineNumber":2,"author":{"gitId":"-"},"content":"","lastModifiedDate":"2020-05-25"},{"lineNumber":3,"author":{"gitId":"-"},"content":"This is a project template for a greenfield Java project. It\u0027s named after the Java mascot _Duke_. Given below are instructions on how to use it.","lastModifiedDate":"2020-05-25"},{"lineNumber":4,"author":{"gitId":"-"},"content":"","lastModifiedDate":"2020-05-25"},{"lineNumber":5,"author":{"gitId":"-"},"content":"## Setting up in Intellij","lastModifiedDate":"2020-05-25"},{"lineNumber":6,"author":{"gitId":"-"},"content":"","lastModifiedDate":"2020-05-25"},{"lineNumber":7,"author":{"gitId":"-"},"content":"Prerequisites: JDK 11, update Intellij to the most recent version.","lastModifiedDate":"2020-05-25"},{"lineNumber":8,"author":{"gitId":"-"},"content":"","lastModifiedDate":"2020-05-25"},{"lineNumber":9,"author":{"gitId":"-"},"content":"1. Open Intellij (if you are not in the welcome screen, click `File` \u003e `Close Project` to close the existing project first)","lastModifiedDate":"2021-01-17"},{"lineNumber":10,"author":{"gitId":"-"},"content":"1. Open the project into Intellij as follows:","lastModifiedDate":"2021-01-17"},{"lineNumber":11,"author":{"gitId":"-"},"content":"   1. Click `Open`.","lastModifiedDate":"2021-01-17"},{"lineNumber":12,"author":{"gitId":"-"},"content":"   1. Select the project directory, and click `OK`.","lastModifiedDate":"2021-01-17"},{"lineNumber":13,"author":{"gitId":"-"},"content":"   1. If there are any further prompts, accept the defaults.","lastModifiedDate":"2020-05-25"},{"lineNumber":14,"author":{"gitId":"-"},"content":"1. Configure the project to use **JDK 11** (not other versions) as explained in [here](https://www.jetbrains.com/help/idea/sdk.html#set-up-jdk).\u003cbr\u003e","lastModifiedDate":"2021-07-29"},{"lineNumber":15,"author":{"gitId":"-"},"content":"   In the same dialog, set the **Project language level** field to the `SDK default` option.","lastModifiedDate":"2021-07-29"},{"lineNumber":16,"author":{"gitId":"ixxeden"},"content":"3. After that, locate the `src/main/java/duke.Duke.java` file, right-click it, and choose `Run duke.Duke.main()` (if the code editor is showing compile errors, try restarting the IDE). If the setup is correct, you should see something like the below as the output:","lastModifiedDate":"2023-04-07"},{"lineNumber":17,"author":{"gitId":"-"},"content":"   ```","lastModifiedDate":"2020-05-25"},{"lineNumber":18,"author":{"gitId":"-"},"content":"   Hello from","lastModifiedDate":"2020-05-25"},{"lineNumber":19,"author":{"gitId":"-"},"content":"    ____        _        ","lastModifiedDate":"2020-05-25"},{"lineNumber":20,"author":{"gitId":"-"},"content":"   |  _ \\ _   _| | _____ ","lastModifiedDate":"2020-05-25"},{"lineNumber":21,"author":{"gitId":"-"},"content":"   | | | | | | | |/ / _ \\","lastModifiedDate":"2020-05-25"},{"lineNumber":22,"author":{"gitId":"-"},"content":"   | |_| | |_| |   \u003c  __/","lastModifiedDate":"2020-05-25"},{"lineNumber":23,"author":{"gitId":"-"},"content":"   |____/ \\__,_|_|\\_\\___|","lastModifiedDate":"2020-05-25"},{"lineNumber":24,"author":{"gitId":"-"},"content":"   ```","lastModifiedDate":"2020-05-25"}],"authorContributionMap":{"-":22,"ixxeden":2}},{"path":"build.gradle","fileType":"gradle","lines":[{"lineNumber":1,"author":{"gitId":"-"},"content":"plugins {","lastModifiedDate":"2020-05-25"},{"lineNumber":2,"author":{"gitId":"-"},"content":"    id \u0027java\u0027","lastModifiedDate":"2020-05-25"},{"lineNumber":3,"author":{"gitId":"-"},"content":"    id \u0027application\u0027","lastModifiedDate":"2020-05-25"},{"lineNumber":4,"author":{"gitId":"-"},"content":"    id \u0027com.github.johnrengelman.shadow\u0027 version \u00275.1.0\u0027","lastModifiedDate":"2020-05-25"},{"lineNumber":5,"author":{"gitId":"-"},"content":"}","lastModifiedDate":"2020-05-25"},{"lineNumber":6,"author":{"gitId":"-"},"content":"","lastModifiedDate":"2020-05-25"},{"lineNumber":7,"author":{"gitId":"-"},"content":"repositories {","lastModifiedDate":"2020-05-25"},{"lineNumber":8,"author":{"gitId":"-"},"content":"    mavenCentral()","lastModifiedDate":"2020-05-25"},{"lineNumber":9,"author":{"gitId":"-"},"content":"}","lastModifiedDate":"2020-05-25"},{"lineNumber":10,"author":{"gitId":"-"},"content":"","lastModifiedDate":"2020-05-25"},{"lineNumber":11,"author":{"gitId":"-"},"content":"dependencies {","lastModifiedDate":"2020-05-25"},{"lineNumber":12,"author":{"gitId":"-"},"content":"    testImplementation group: \u0027org.junit.jupiter\u0027, name: \u0027junit-jupiter-api\u0027, version: \u00275.5.0\u0027","lastModifiedDate":"2020-05-25"},{"lineNumber":13,"author":{"gitId":"-"},"content":"    testRuntimeOnly group: \u0027org.junit.jupiter\u0027, name: \u0027junit-jupiter-engine\u0027, version: \u00275.5.0\u0027","lastModifiedDate":"2020-05-25"},{"lineNumber":14,"author":{"gitId":"-"},"content":"}","lastModifiedDate":"2020-05-25"},{"lineNumber":15,"author":{"gitId":"-"},"content":"","lastModifiedDate":"2020-05-25"},{"lineNumber":16,"author":{"gitId":"-"},"content":"test {","lastModifiedDate":"2020-05-25"},{"lineNumber":17,"author":{"gitId":"-"},"content":"    useJUnitPlatform()","lastModifiedDate":"2020-05-25"},{"lineNumber":18,"author":{"gitId":"-"},"content":"","lastModifiedDate":"2020-05-25"},{"lineNumber":19,"author":{"gitId":"-"},"content":"    testLogging {","lastModifiedDate":"2020-05-25"},{"lineNumber":20,"author":{"gitId":"-"},"content":"        events \"passed\", \"skipped\", \"failed\"","lastModifiedDate":"2020-05-25"},{"lineNumber":21,"author":{"gitId":"-"},"content":"","lastModifiedDate":"2020-05-25"},{"lineNumber":22,"author":{"gitId":"-"},"content":"        showExceptions true","lastModifiedDate":"2020-05-25"},{"lineNumber":23,"author":{"gitId":"-"},"content":"        exceptionFormat \"full\"","lastModifiedDate":"2020-05-25"},{"lineNumber":24,"author":{"gitId":"-"},"content":"        showCauses true","lastModifiedDate":"2020-05-25"},{"lineNumber":25,"author":{"gitId":"-"},"content":"        showStackTraces true","lastModifiedDate":"2020-05-25"},{"lineNumber":26,"author":{"gitId":"-"},"content":"        showStandardStreams \u003d false","lastModifiedDate":"2020-05-25"},{"lineNumber":27,"author":{"gitId":"-"},"content":"    }","lastModifiedDate":"2020-05-25"},{"lineNumber":28,"author":{"gitId":"-"},"content":"}","lastModifiedDate":"2020-05-25"},{"lineNumber":29,"author":{"gitId":"-"},"content":"","lastModifiedDate":"2020-05-25"},{"lineNumber":30,"author":{"gitId":"-"},"content":"application {","lastModifiedDate":"2020-05-25"},{"lineNumber":31,"author":{"gitId":"ixxeden"},"content":"    mainClassName \u003d \"duke.Duke\"","lastModifiedDate":"2023-04-10"},{"lineNumber":32,"author":{"gitId":"-"},"content":"}","lastModifiedDate":"2020-05-25"},{"lineNumber":33,"author":{"gitId":"-"},"content":"","lastModifiedDate":"2020-05-25"},{"lineNumber":34,"author":{"gitId":"-"},"content":"shadowJar {","lastModifiedDate":"2020-05-25"},{"lineNumber":35,"author":{"gitId":"-"},"content":"    archiveBaseName \u003d \"duke\"","lastModifiedDate":"2020-05-25"},{"lineNumber":36,"author":{"gitId":"-"},"content":"    archiveClassifier \u003d null","lastModifiedDate":"2020-05-25"},{"lineNumber":37,"author":{"gitId":"-"},"content":"}","lastModifiedDate":"2020-05-25"},{"lineNumber":38,"author":{"gitId":"-"},"content":"","lastModifiedDate":"2020-05-25"},{"lineNumber":39,"author":{"gitId":"-"},"content":"run{","lastModifiedDate":"2020-05-25"},{"lineNumber":40,"author":{"gitId":"-"},"content":"    standardInput \u003d System.in","lastModifiedDate":"2020-05-25"},{"lineNumber":41,"author":{"gitId":"ixxeden"},"content":"    enableAssertions \u003d true;","lastModifiedDate":"2023-04-10"},{"lineNumber":42,"author":{"gitId":"-"},"content":"}","lastModifiedDate":"2020-05-25"}],"authorContributionMap":{"-":40,"ixxeden":2}},{"path":"data/saved.txt","fileType":"txt","lines":[{"lineNumber":1,"author":{"gitId":"ixxeden"},"content":"[D][X] eat /by 2023-04-10 22:00 [Priority High]","lastModifiedDate":"2023-04-10"},{"lineNumber":2,"author":{"gitId":"ixxeden"},"content":"[T][ ] slp [Priority High]","lastModifiedDate":"2023-04-10"},{"lineNumber":3,"author":{"gitId":"ixxeden"},"content":"[E][ ] exam /from 2023-04-24 08:00 /to 2023-04-24 10:00 [Priority High]","lastModifiedDate":"2023-04-10"},{"lineNumber":4,"author":{"gitId":"ixxeden"},"content":"[D][ ] quizzes /by 2023-04-12 15:00 [Priority High]","lastModifiedDate":"2023-04-10"},{"lineNumber":5,"author":{"gitId":"ixxeden"},"content":"[T][X] makan [Priority Medium]","lastModifiedDate":"2023-04-10"},{"lineNumber":6,"author":{"gitId":"ixxeden"},"content":"[T][ ] eat [Priority Medium]","lastModifiedDate":"2023-04-10"},{"lineNumber":7,"author":{"gitId":"ixxeden"},"content":"[T][ ] play game [Priority Low]","lastModifiedDate":"2023-04-10"},{"lineNumber":8,"author":{"gitId":"ixxeden"},"content":"[T][ ] sing song [Priority Low]","lastModifiedDate":"2023-04-10"}],"authorContributionMap":{"ixxeden":8}},{"path":"src/main/java/duke/Command/Command.java","fileType":"java","lines":[{"lineNumber":1,"author":{"gitId":"ixxeden"},"content":"package duke.Command;","lastModifiedDate":"2023-04-07"},{"lineNumber":2,"author":{"gitId":"ixxeden"},"content":"","lastModifiedDate":"2023-04-07"},{"lineNumber":3,"author":{"gitId":"ixxeden"},"content":"import duke.*;","lastModifiedDate":"2023-04-08"},{"lineNumber":4,"author":{"gitId":"ixxeden"},"content":"import duke.Parser.Parser;","lastModifiedDate":"2023-04-08"},{"lineNumber":5,"author":{"gitId":"ixxeden"},"content":"import duke.Storage.Storage;","lastModifiedDate":"2023-04-08"},{"lineNumber":6,"author":{"gitId":"ixxeden"},"content":"import duke.TaskList.TaskList;","lastModifiedDate":"2023-04-08"},{"lineNumber":7,"author":{"gitId":"ixxeden"},"content":"import duke.TasksType.Deadline;","lastModifiedDate":"2023-04-08"},{"lineNumber":8,"author":{"gitId":"ixxeden"},"content":"import duke.TasksType.Event;","lastModifiedDate":"2023-04-08"},{"lineNumber":9,"author":{"gitId":"ixxeden"},"content":"import duke.TasksType.Task;","lastModifiedDate":"2023-04-08"},{"lineNumber":10,"author":{"gitId":"ixxeden"},"content":"import duke.TasksType.Todo;","lastModifiedDate":"2023-04-08"},{"lineNumber":11,"author":{"gitId":"ixxeden"},"content":"import duke.Utility.Util;","lastModifiedDate":"2023-04-08"},{"lineNumber":12,"author":{"gitId":"ixxeden"},"content":"","lastModifiedDate":"2023-04-08"},{"lineNumber":13,"author":{"gitId":"ixxeden"},"content":"import java.util.Scanner;","lastModifiedDate":"2023-04-08"},{"lineNumber":14,"author":{"gitId":"ixxeden"},"content":"","lastModifiedDate":"2023-04-08"},{"lineNumber":15,"author":{"gitId":"ixxeden"},"content":"public class Command {","lastModifiedDate":"2023-04-07"},{"lineNumber":16,"author":{"gitId":"ixxeden"},"content":"    /**","lastModifiedDate":"2023-04-10"},{"lineNumber":17,"author":{"gitId":"ixxeden"},"content":"     * This executeLoad() method loads the previously saved file, with each line into the different task types","lastModifiedDate":"2023-04-10"},{"lineNumber":18,"author":{"gitId":"ixxeden"},"content":"     */","lastModifiedDate":"2023-04-10"},{"lineNumber":19,"author":{"gitId":"ixxeden"},"content":"    public static Task executeLoad(String line) {","lastModifiedDate":"2023-04-08"},{"lineNumber":20,"author":{"gitId":"ixxeden"},"content":"        Task task;","lastModifiedDate":"2023-04-08"},{"lineNumber":21,"author":{"gitId":"ixxeden"},"content":"        if (line.contains(\"[T]\")) { //loads Todos","lastModifiedDate":"2023-04-08"},{"lineNumber":22,"author":{"gitId":"ixxeden"},"content":"            task \u003d new Todo(line.substring(7, line.indexOf(\"[Priority \")).trim());","lastModifiedDate":"2023-04-10"},{"lineNumber":23,"author":{"gitId":"ixxeden"},"content":"        }","lastModifiedDate":"2023-04-08"},{"lineNumber":24,"author":{"gitId":"ixxeden"},"content":"        else if (line.contains(\"[D]\")) { //loads Deadlines","lastModifiedDate":"2023-04-08"},{"lineNumber":25,"author":{"gitId":"ixxeden"},"content":"            String description \u003d line.substring(7, line.indexOf(\"[Priority \"));","lastModifiedDate":"2023-04-10"},{"lineNumber":26,"author":{"gitId":"ixxeden"},"content":"            String[] deadlineSplit \u003d description.split(\"/by\");","lastModifiedDate":"2023-04-08"},{"lineNumber":27,"author":{"gitId":"ixxeden"},"content":"            task \u003d new Deadline(deadlineSplit[0].trim(), Util.convertDateTime(deadlineSplit[1].trim()));","lastModifiedDate":"2023-04-10"},{"lineNumber":28,"author":{"gitId":"ixxeden"},"content":"        }","lastModifiedDate":"2023-04-08"},{"lineNumber":29,"author":{"gitId":"ixxeden"},"content":"        else {","lastModifiedDate":"2023-04-08"},{"lineNumber":30,"author":{"gitId":"ixxeden"},"content":"            String description \u003d line.substring(7, line.indexOf(\"[Priority \")); //loads Events","lastModifiedDate":"2023-04-10"},{"lineNumber":31,"author":{"gitId":"ixxeden"},"content":"            String[] eventSplit \u003d description.split(\"/from\");","lastModifiedDate":"2023-04-08"},{"lineNumber":32,"author":{"gitId":"ixxeden"},"content":"            String[] eventSplitAgain \u003d eventSplit[1].split(\"/to\");","lastModifiedDate":"2023-04-08"},{"lineNumber":33,"author":{"gitId":"ixxeden"},"content":"            task \u003d new Event(eventSplit[0].trim(), Util.convertDateTime(eventSplitAgain[0].trim()), Util.convertDateTime(eventSplitAgain[1].trim()));","lastModifiedDate":"2023-04-10"},{"lineNumber":34,"author":{"gitId":"ixxeden"},"content":"        }","lastModifiedDate":"2023-04-08"},{"lineNumber":35,"author":{"gitId":"ixxeden"},"content":"        if (line.contains(\"[X]\")) {","lastModifiedDate":"2023-04-08"},{"lineNumber":36,"author":{"gitId":"ixxeden"},"content":"            task.markAsDone();","lastModifiedDate":"2023-04-08"},{"lineNumber":37,"author":{"gitId":"ixxeden"},"content":"        }","lastModifiedDate":"2023-04-08"},{"lineNumber":38,"author":{"gitId":"ixxeden"},"content":"        if (line.contains(\"[Priority High\")) {","lastModifiedDate":"2023-04-10"},{"lineNumber":39,"author":{"gitId":"ixxeden"},"content":"            task.changePriority(Task.priorityLevel.High);","lastModifiedDate":"2023-04-10"},{"lineNumber":40,"author":{"gitId":"ixxeden"},"content":"        }","lastModifiedDate":"2023-04-10"},{"lineNumber":41,"author":{"gitId":"ixxeden"},"content":"        else if (line.contains(\"[Priority Low\")) {","lastModifiedDate":"2023-04-10"},{"lineNumber":42,"author":{"gitId":"ixxeden"},"content":"            task.changePriority(Task.priorityLevel.Low);","lastModifiedDate":"2023-04-10"},{"lineNumber":43,"author":{"gitId":"ixxeden"},"content":"        }","lastModifiedDate":"2023-04-10"},{"lineNumber":44,"author":{"gitId":"ixxeden"},"content":"        return task;","lastModifiedDate":"2023-04-08"},{"lineNumber":45,"author":{"gitId":"ixxeden"},"content":"    }","lastModifiedDate":"2023-04-08"},{"lineNumber":46,"author":{"gitId":"ixxeden"},"content":"    /**","lastModifiedDate":"2023-04-10"},{"lineNumber":47,"author":{"gitId":"ixxeden"},"content":"     * This execute() method tries to load a file, and runs the endless loop to scan for user inputs (commands)","lastModifiedDate":"2023-04-10"},{"lineNumber":48,"author":{"gitId":"ixxeden"},"content":"     */","lastModifiedDate":"2023-04-10"},{"lineNumber":49,"author":{"gitId":"ixxeden"},"content":"    public static void execute() {","lastModifiedDate":"2023-04-08"},{"lineNumber":50,"author":{"gitId":"ixxeden"},"content":"        boolean isBye \u003d false;","lastModifiedDate":"2023-04-08"},{"lineNumber":51,"author":{"gitId":"ixxeden"},"content":"        Scanner Obj \u003d new Scanner(System.in);","lastModifiedDate":"2023-04-08"},{"lineNumber":52,"author":{"gitId":"ixxeden"},"content":"        Storage loader \u003d new Storage();","lastModifiedDate":"2023-04-08"},{"lineNumber":53,"author":{"gitId":"ixxeden"},"content":"        TaskList list \u003d new TaskList();","lastModifiedDate":"2023-04-08"},{"lineNumber":54,"author":{"gitId":"ixxeden"},"content":"        list.storeList(loader.loadFile());","lastModifiedDate":"2023-04-08"},{"lineNumber":55,"author":{"gitId":"ixxeden"},"content":"","lastModifiedDate":"2023-04-08"},{"lineNumber":56,"author":{"gitId":"ixxeden"},"content":"        while (!isBye) {","lastModifiedDate":"2023-04-08"},{"lineNumber":57,"author":{"gitId":"ixxeden"},"content":"            String question \u003d Obj.nextLine();","lastModifiedDate":"2023-04-08"},{"lineNumber":58,"author":{"gitId":"ixxeden"},"content":"","lastModifiedDate":"2023-04-08"},{"lineNumber":59,"author":{"gitId":"ixxeden"},"content":"            if (question.equalsIgnoreCase(\"bye\")) { //if the input is bye then end the program","lastModifiedDate":"2023-04-08"},{"lineNumber":60,"author":{"gitId":"ixxeden"},"content":"                isBye \u003d true;","lastModifiedDate":"2023-04-08"},{"lineNumber":61,"author":{"gitId":"ixxeden"},"content":"                System.out.println(\"Bye. Hope to see you again soon!\");","lastModifiedDate":"2023-04-08"},{"lineNumber":62,"author":{"gitId":"ixxeden"},"content":"                continue;","lastModifiedDate":"2023-04-08"},{"lineNumber":63,"author":{"gitId":"ixxeden"},"content":"            }","lastModifiedDate":"2023-04-08"},{"lineNumber":64,"author":{"gitId":"ixxeden"},"content":"","lastModifiedDate":"2023-04-08"},{"lineNumber":65,"author":{"gitId":"ixxeden"},"content":"            if (question.equalsIgnoreCase(\"list\")) { //loop to print out the items in list[]","lastModifiedDate":"2023-04-08"},{"lineNumber":66,"author":{"gitId":"ixxeden"},"content":"                list.listTask();","lastModifiedDate":"2023-04-08"},{"lineNumber":67,"author":{"gitId":"ixxeden"},"content":"                continue;","lastModifiedDate":"2023-04-08"},{"lineNumber":68,"author":{"gitId":"ixxeden"},"content":"            }","lastModifiedDate":"2023-04-08"},{"lineNumber":69,"author":{"gitId":"ixxeden"},"content":"","lastModifiedDate":"2023-04-08"},{"lineNumber":70,"author":{"gitId":"ixxeden"},"content":"            try {","lastModifiedDate":"2023-04-08"},{"lineNumber":71,"author":{"gitId":"ixxeden"},"content":"                Parser.validateQuestion(question, list.getList());","lastModifiedDate":"2023-04-08"},{"lineNumber":72,"author":{"gitId":"ixxeden"},"content":"            } catch (DukeException error) {","lastModifiedDate":"2023-04-08"},{"lineNumber":73,"author":{"gitId":"ixxeden"},"content":"                System.out.println(error);","lastModifiedDate":"2023-04-08"},{"lineNumber":74,"author":{"gitId":"ixxeden"},"content":"                continue;","lastModifiedDate":"2023-04-08"},{"lineNumber":75,"author":{"gitId":"ixxeden"},"content":"            }","lastModifiedDate":"2023-04-08"},{"lineNumber":76,"author":{"gitId":"ixxeden"},"content":"            if (question.contains(\"mark\")) {","lastModifiedDate":"2023-04-08"},{"lineNumber":77,"author":{"gitId":"ixxeden"},"content":"                if (Util.checkMark(question)) {","lastModifiedDate":"2023-04-08"},{"lineNumber":78,"author":{"gitId":"ixxeden"},"content":"                    String[] splitted \u003d question.split(\" \");","lastModifiedDate":"2023-04-08"},{"lineNumber":79,"author":{"gitId":"ixxeden"},"content":"                    int num \u003d Integer.parseInt(splitted[1]) - 1;","lastModifiedDate":"2023-04-08"},{"lineNumber":80,"author":{"gitId":"ixxeden"},"content":"                    if (question.contains(\"unmark\")) {","lastModifiedDate":"2023-04-08"},{"lineNumber":81,"author":{"gitId":"ixxeden"},"content":"","lastModifiedDate":"2023-04-08"},{"lineNumber":82,"author":{"gitId":"ixxeden"},"content":"                        list.getTask(num).markAsNotDone();","lastModifiedDate":"2023-04-08"},{"lineNumber":83,"author":{"gitId":"ixxeden"},"content":"                        System.out.println(\"Item \" + (num + 1) + \" is not done.\");","lastModifiedDate":"2023-04-08"},{"lineNumber":84,"author":{"gitId":"ixxeden"},"content":"                        loader.saveToFile(list.getList());","lastModifiedDate":"2023-04-08"},{"lineNumber":85,"author":{"gitId":"ixxeden"},"content":"                        continue;","lastModifiedDate":"2023-04-08"},{"lineNumber":86,"author":{"gitId":"ixxeden"},"content":"                    } else {","lastModifiedDate":"2023-04-08"},{"lineNumber":87,"author":{"gitId":"ixxeden"},"content":"                        list.getTask(num).markAsDone();","lastModifiedDate":"2023-04-08"},{"lineNumber":88,"author":{"gitId":"ixxeden"},"content":"                        System.out.println(\"Item \" + (num + 1) + \" is done.\");","lastModifiedDate":"2023-04-08"},{"lineNumber":89,"author":{"gitId":"ixxeden"},"content":"                        loader.saveToFile(list.getList());","lastModifiedDate":"2023-04-08"},{"lineNumber":90,"author":{"gitId":"ixxeden"},"content":"                        continue;","lastModifiedDate":"2023-04-08"},{"lineNumber":91,"author":{"gitId":"ixxeden"},"content":"                    }","lastModifiedDate":"2023-04-08"},{"lineNumber":92,"author":{"gitId":"ixxeden"},"content":"                }","lastModifiedDate":"2023-04-08"},{"lineNumber":93,"author":{"gitId":"ixxeden"},"content":"            }","lastModifiedDate":"2023-04-10"},{"lineNumber":94,"author":{"gitId":"ixxeden"},"content":"            else {","lastModifiedDate":"2023-04-10"},{"lineNumber":95,"author":{"gitId":"ixxeden"},"content":"                String[] splitted \u003d question.split(\" \", 2);","lastModifiedDate":"2023-04-08"},{"lineNumber":96,"author":{"gitId":"ixxeden"},"content":"","lastModifiedDate":"2023-04-08"},{"lineNumber":97,"author":{"gitId":"ixxeden"},"content":"                //catch for \"to-do\"","lastModifiedDate":"2023-04-08"},{"lineNumber":98,"author":{"gitId":"ixxeden"},"content":"                if (splitted[0].equalsIgnoreCase(\"todo\")) {","lastModifiedDate":"2023-04-08"},{"lineNumber":99,"author":{"gitId":"ixxeden"},"content":"                    Todo td \u003d new Todo(splitted[1].trim());","lastModifiedDate":"2023-04-08"},{"lineNumber":100,"author":{"gitId":"ixxeden"},"content":"                    list.addTask(td);","lastModifiedDate":"2023-04-08"},{"lineNumber":101,"author":{"gitId":"ixxeden"},"content":"                }","lastModifiedDate":"2023-04-08"},{"lineNumber":102,"author":{"gitId":"ixxeden"},"content":"","lastModifiedDate":"2023-04-08"},{"lineNumber":103,"author":{"gitId":"ixxeden"},"content":"                //catch for \"deadline\"","lastModifiedDate":"2023-04-08"},{"lineNumber":104,"author":{"gitId":"ixxeden"},"content":"                else if (splitted[0].equalsIgnoreCase(\"deadline\")) {","lastModifiedDate":"2023-04-08"},{"lineNumber":105,"author":{"gitId":"ixxeden"},"content":"                    String[] deadlineSplit \u003d splitted[1].split(\"/by\");","lastModifiedDate":"2023-04-08"},{"lineNumber":106,"author":{"gitId":"ixxeden"},"content":"                    Deadline dl \u003d new Deadline(deadlineSplit[0].trim(), Util.convertDateTime(deadlineSplit[1].trim()));","lastModifiedDate":"2023-04-10"},{"lineNumber":107,"author":{"gitId":"ixxeden"},"content":"                    list.addTask(dl);","lastModifiedDate":"2023-04-08"},{"lineNumber":108,"author":{"gitId":"ixxeden"},"content":"                }","lastModifiedDate":"2023-04-08"},{"lineNumber":109,"author":{"gitId":"ixxeden"},"content":"","lastModifiedDate":"2023-04-08"},{"lineNumber":110,"author":{"gitId":"ixxeden"},"content":"                //catch for \"event\"","lastModifiedDate":"2023-04-08"},{"lineNumber":111,"author":{"gitId":"ixxeden"},"content":"                else if (splitted[0].equalsIgnoreCase(\"event\")) {","lastModifiedDate":"2023-04-08"},{"lineNumber":112,"author":{"gitId":"ixxeden"},"content":"                    String[] eventSplit \u003d splitted[1].split(\"/from\");","lastModifiedDate":"2023-04-08"},{"lineNumber":113,"author":{"gitId":"ixxeden"},"content":"                    String[] eventSplitAgain \u003d eventSplit[1].split(\"/to\");","lastModifiedDate":"2023-04-08"},{"lineNumber":114,"author":{"gitId":"ixxeden"},"content":"                    Event ev \u003d new Event(eventSplit[0].trim(), Util.convertDateTime(eventSplitAgain[0].trim()), Util.convertDateTime(eventSplitAgain[1].trim()));","lastModifiedDate":"2023-04-10"},{"lineNumber":115,"author":{"gitId":"ixxeden"},"content":"                    list.addTask(ev);","lastModifiedDate":"2023-04-08"},{"lineNumber":116,"author":{"gitId":"ixxeden"},"content":"                }","lastModifiedDate":"2023-04-08"},{"lineNumber":117,"author":{"gitId":"ixxeden"},"content":"                //catch for delete","lastModifiedDate":"2023-04-08"},{"lineNumber":118,"author":{"gitId":"ixxeden"},"content":"                else if (splitted[0].equalsIgnoreCase(\"delete\")) {","lastModifiedDate":"2023-04-08"},{"lineNumber":119,"author":{"gitId":"ixxeden"},"content":"                    Task toDelete \u003d list.getTask(Integer.parseInt(splitted[1]) - 1);","lastModifiedDate":"2023-04-08"},{"lineNumber":120,"author":{"gitId":"ixxeden"},"content":"                    list.deleteTask(Integer.parseInt(splitted[1]) - 1);","lastModifiedDate":"2023-04-08"},{"lineNumber":121,"author":{"gitId":"ixxeden"},"content":"                }","lastModifiedDate":"2023-04-10"},{"lineNumber":122,"author":{"gitId":"ixxeden"},"content":"                //catch for priority","lastModifiedDate":"2023-04-10"},{"lineNumber":123,"author":{"gitId":"ixxeden"},"content":"                else if (splitted[0].equalsIgnoreCase(\"priority\")) {","lastModifiedDate":"2023-04-10"},{"lineNumber":124,"author":{"gitId":"ixxeden"},"content":"                    String[] prioritySplit \u003d splitted[1].split(\" \");","lastModifiedDate":"2023-04-10"},{"lineNumber":125,"author":{"gitId":"ixxeden"},"content":"                    list.setPriority(Integer.parseInt(prioritySplit[0]) - 1, Util.stringToLevel(prioritySplit[1]));","lastModifiedDate":"2023-04-10"},{"lineNumber":126,"author":{"gitId":"ixxeden"},"content":"                }","lastModifiedDate":"2023-04-10"},{"lineNumber":127,"author":{"gitId":"ixxeden"},"content":"                else if (splitted[0].equalsIgnoreCase(\"find\")) {","lastModifiedDate":"2023-04-10"},{"lineNumber":128,"author":{"gitId":"ixxeden"},"content":"                    list.find(splitted[1]);","lastModifiedDate":"2023-04-10"},{"lineNumber":129,"author":{"gitId":"ixxeden"},"content":"                }","lastModifiedDate":"2023-04-10"},{"lineNumber":130,"author":{"gitId":"ixxeden"},"content":"                else {","lastModifiedDate":"2023-04-10"},{"lineNumber":131,"author":{"gitId":"ixxeden"},"content":"                    System.out.println(\"duke.TasksType.Task not recognised\");","lastModifiedDate":"2023-04-08"},{"lineNumber":132,"author":{"gitId":"ixxeden"},"content":"                }","lastModifiedDate":"2023-04-08"},{"lineNumber":133,"author":{"gitId":"ixxeden"},"content":"            }","lastModifiedDate":"2023-04-08"},{"lineNumber":134,"author":{"gitId":"ixxeden"},"content":"            list.sortList();","lastModifiedDate":"2023-04-10"},{"lineNumber":135,"author":{"gitId":"ixxeden"},"content":"            loader.saveToFile(list.getList()); //saves the list into data/saved.txt","lastModifiedDate":"2023-04-10"},{"lineNumber":136,"author":{"gitId":"ixxeden"},"content":"        }","lastModifiedDate":"2023-04-08"},{"lineNumber":137,"author":{"gitId":"ixxeden"},"content":"    }","lastModifiedDate":"2023-04-08"},{"lineNumber":138,"author":{"gitId":"ixxeden"},"content":"}","lastModifiedDate":"2023-04-07"}],"authorContributionMap":{"ixxeden":138}},{"path":"src/main/java/duke/Duke.java","fileType":"java","lines":[{"lineNumber":1,"author":{"gitId":"ixxeden"},"content":"package duke;","lastModifiedDate":"2023-04-07"},{"lineNumber":2,"author":{"gitId":"ixxeden"},"content":"","lastModifiedDate":"2023-04-07"},{"lineNumber":3,"author":{"gitId":"ixxeden"},"content":"import duke.Ui.Ui;","lastModifiedDate":"2023-04-07"},{"lineNumber":4,"author":{"gitId":"ixxeden"},"content":"import duke.Command.Command;","lastModifiedDate":"2023-04-08"},{"lineNumber":5,"author":{"gitId":"ixxeden"},"content":"","lastModifiedDate":"2023-04-10"},{"lineNumber":6,"author":{"gitId":"ixxeden"},"content":"","lastModifiedDate":"2023-04-07"},{"lineNumber":7,"author":{"gitId":"ixxeden"},"content":"public class Duke {","lastModifiedDate":"2023-04-07"},{"lineNumber":8,"author":{"gitId":"ixxeden"},"content":"    private final Ui ui;","lastModifiedDate":"2023-04-08"},{"lineNumber":9,"author":{"gitId":"ixxeden"},"content":"","lastModifiedDate":"2023-04-07"},{"lineNumber":10,"author":{"gitId":"ixxeden"},"content":"    public Duke() {","lastModifiedDate":"2023-04-07"},{"lineNumber":11,"author":{"gitId":"ixxeden"},"content":"        ui \u003d new Ui();","lastModifiedDate":"2023-04-07"},{"lineNumber":12,"author":{"gitId":"ixxeden"},"content":"    }","lastModifiedDate":"2023-04-07"},{"lineNumber":13,"author":{"gitId":"ixxeden"},"content":"    public void run() {","lastModifiedDate":"2023-04-07"},{"lineNumber":14,"author":{"gitId":"ixxeden"},"content":"        ui.showWelcome();","lastModifiedDate":"2023-04-07"},{"lineNumber":15,"author":{"gitId":"ixxeden"},"content":"        Command.execute();","lastModifiedDate":"2023-04-08"},{"lineNumber":16,"author":{"gitId":"ixxeden"},"content":"    }","lastModifiedDate":"2023-04-07"},{"lineNumber":17,"author":{"gitId":"ixxeden"},"content":"    public static void main(String[] args) {","lastModifiedDate":"2023-04-08"},{"lineNumber":18,"author":{"gitId":"ixxeden"},"content":"        new Duke().run();","lastModifiedDate":"2023-04-07"},{"lineNumber":19,"author":{"gitId":"ixxeden"},"content":"    }","lastModifiedDate":"2023-04-07"},{"lineNumber":20,"author":{"gitId":"ixxeden"},"content":"}","lastModifiedDate":"2023-04-07"}],"authorContributionMap":{"ixxeden":20}},{"path":"src/main/java/duke/DukeException.java","fileType":"java","lines":[{"lineNumber":1,"author":{"gitId":"ixxeden"},"content":"package duke;","lastModifiedDate":"2023-04-07"},{"lineNumber":2,"author":{"gitId":"ixxeden"},"content":"","lastModifiedDate":"2023-04-07"},{"lineNumber":3,"author":{"gitId":"ixxeden"},"content":"public class DukeException extends Exception","lastModifiedDate":"2023-04-02"},{"lineNumber":4,"author":{"gitId":"ixxeden"},"content":"{","lastModifiedDate":"2023-04-02"},{"lineNumber":5,"author":{"gitId":"ixxeden"},"content":"    public DukeException(String errorQuestion)","lastModifiedDate":"2023-04-02"},{"lineNumber":6,"author":{"gitId":"ixxeden"},"content":"    {","lastModifiedDate":"2023-04-02"},{"lineNumber":7,"author":{"gitId":"ixxeden"},"content":"        super(errorQuestion);","lastModifiedDate":"2023-03-21"},{"lineNumber":8,"author":{"gitId":"ixxeden"},"content":"    }","lastModifiedDate":"2023-03-21"},{"lineNumber":9,"author":{"gitId":"ixxeden"},"content":"}","lastModifiedDate":"2023-03-21"}],"authorContributionMap":{"ixxeden":9}},{"path":"src/main/java/duke/Parser/Parser.java","fileType":"java","lines":[{"lineNumber":1,"author":{"gitId":"ixxeden"},"content":"package duke.Parser;","lastModifiedDate":"2023-04-08"},{"lineNumber":2,"author":{"gitId":"ixxeden"},"content":"","lastModifiedDate":"2023-04-08"},{"lineNumber":3,"author":{"gitId":"ixxeden"},"content":"import duke.DukeException;","lastModifiedDate":"2023-04-08"},{"lineNumber":4,"author":{"gitId":"ixxeden"},"content":"","lastModifiedDate":"2023-04-07"},{"lineNumber":5,"author":{"gitId":"ixxeden"},"content":"import java.util.ArrayList;","lastModifiedDate":"2023-04-07"},{"lineNumber":6,"author":{"gitId":"ixxeden"},"content":"","lastModifiedDate":"2023-04-07"},{"lineNumber":7,"author":{"gitId":"ixxeden"},"content":"","lastModifiedDate":"2023-04-10"},{"lineNumber":8,"author":{"gitId":"ixxeden"},"content":"public class Parser {","lastModifiedDate":"2023-04-07"},{"lineNumber":9,"author":{"gitId":"ixxeden"},"content":"    /**","lastModifiedDate":"2023-04-10"},{"lineNumber":10,"author":{"gitId":"ixxeden"},"content":"     *","lastModifiedDate":"2023-04-10"},{"lineNumber":11,"author":{"gitId":"ixxeden"},"content":"     * @param input","lastModifiedDate":"2023-04-10"},{"lineNumber":12,"author":{"gitId":"ixxeden"},"content":"     * @param list","lastModifiedDate":"2023-04-10"},{"lineNumber":13,"author":{"gitId":"ixxeden"},"content":"     * @return","lastModifiedDate":"2023-04-10"},{"lineNumber":14,"author":{"gitId":"ixxeden"},"content":"     * @throws DukeException","lastModifiedDate":"2023-04-10"},{"lineNumber":15,"author":{"gitId":"ixxeden"},"content":"     */","lastModifiedDate":"2023-04-10"},{"lineNumber":16,"author":{"gitId":"ixxeden"},"content":"    public static Boolean validateQuestion(String input, ArrayList list) throws DukeException {","lastModifiedDate":"2023-04-07"},{"lineNumber":17,"author":{"gitId":"ixxeden"},"content":"","lastModifiedDate":"2023-04-07"},{"lineNumber":18,"author":{"gitId":"ixxeden"},"content":"        String[] splitted \u003d input.split(\" \", 2);","lastModifiedDate":"2023-04-07"},{"lineNumber":19,"author":{"gitId":"ixxeden"},"content":"        if (!splitted[0].equalsIgnoreCase(\"bye\") \u0026\u0026","lastModifiedDate":"2023-04-10"},{"lineNumber":20,"author":{"gitId":"ixxeden"},"content":"                !splitted[0].equalsIgnoreCase(\"todo\") \u0026\u0026","lastModifiedDate":"2023-04-10"},{"lineNumber":21,"author":{"gitId":"ixxeden"},"content":"                !splitted[0].equalsIgnoreCase(\"deadline\") \u0026\u0026","lastModifiedDate":"2023-04-10"},{"lineNumber":22,"author":{"gitId":"ixxeden"},"content":"                !splitted[0].equalsIgnoreCase(\"event\") \u0026\u0026","lastModifiedDate":"2023-04-10"},{"lineNumber":23,"author":{"gitId":"ixxeden"},"content":"                !splitted[0].equalsIgnoreCase(\"list\") \u0026\u0026","lastModifiedDate":"2023-04-10"},{"lineNumber":24,"author":{"gitId":"ixxeden"},"content":"                !splitted[0].equalsIgnoreCase(\"mark\") \u0026\u0026","lastModifiedDate":"2023-04-10"},{"lineNumber":25,"author":{"gitId":"ixxeden"},"content":"                !splitted[0].equalsIgnoreCase(\"unmark\") \u0026\u0026","lastModifiedDate":"2023-04-10"},{"lineNumber":26,"author":{"gitId":"ixxeden"},"content":"                !splitted[0].equalsIgnoreCase(\"delete\") \u0026\u0026","lastModifiedDate":"2023-04-10"},{"lineNumber":27,"author":{"gitId":"ixxeden"},"content":"                !splitted[0].equalsIgnoreCase(\"priority\") \u0026\u0026","lastModifiedDate":"2023-04-10"},{"lineNumber":28,"author":{"gitId":"ixxeden"},"content":"                !splitted[0].equalsIgnoreCase(\"find\")) {","lastModifiedDate":"2023-04-10"},{"lineNumber":29,"author":{"gitId":"ixxeden"},"content":"            throw new DukeException(\"☹ OOPS!!! I\u0027m sorry, but I don\u0027t know what that means :-(\");","lastModifiedDate":"2023-04-07"},{"lineNumber":30,"author":{"gitId":"ixxeden"},"content":"        }","lastModifiedDate":"2023-04-07"},{"lineNumber":31,"author":{"gitId":"ixxeden"},"content":"        if (splitted.length \u003c 2 \u0026\u0026 !splitted[0].equalsIgnoreCase(\"list\")) {","lastModifiedDate":"2023-04-07"},{"lineNumber":32,"author":{"gitId":"ixxeden"},"content":"            throw new DukeException(\"☹ OOPS!!! The description of a \" + splitted[0] + \" cannot be empty.\");","lastModifiedDate":"2023-04-07"},{"lineNumber":33,"author":{"gitId":"ixxeden"},"content":"        }","lastModifiedDate":"2023-04-07"},{"lineNumber":34,"author":{"gitId":"ixxeden"},"content":"        if (splitted[0].equalsIgnoreCase(\"mark\") || splitted[0].equalsIgnoreCase(\"unmark\")) {","lastModifiedDate":"2023-04-07"},{"lineNumber":35,"author":{"gitId":"ixxeden"},"content":"            if ( Integer.parseInt(splitted[1]) \u003e list.size() || Integer.parseInt(splitted[1]) \u003d\u003d 0) {","lastModifiedDate":"2023-04-10"},{"lineNumber":36,"author":{"gitId":"ixxeden"},"content":"                throw new DukeException(\"☹ OOPS!!! Index is not within the size of items in the list\");","lastModifiedDate":"2023-04-10"},{"lineNumber":37,"author":{"gitId":"ixxeden"},"content":"            }","lastModifiedDate":"2023-04-07"},{"lineNumber":38,"author":{"gitId":"ixxeden"},"content":"        }","lastModifiedDate":"2023-04-07"},{"lineNumber":39,"author":{"gitId":"ixxeden"},"content":"        return true;","lastModifiedDate":"2023-04-07"},{"lineNumber":40,"author":{"gitId":"ixxeden"},"content":"    }","lastModifiedDate":"2023-04-07"},{"lineNumber":41,"author":{"gitId":"ixxeden"},"content":"}","lastModifiedDate":"2023-04-07"}],"authorContributionMap":{"ixxeden":41}},{"path":"src/main/java/duke/Storage/Storage.java","fileType":"java","lines":[{"lineNumber":1,"author":{"gitId":"ixxeden"},"content":"package duke.Storage;","lastModifiedDate":"2023-04-08"},{"lineNumber":2,"author":{"gitId":"ixxeden"},"content":"","lastModifiedDate":"2023-04-07"},{"lineNumber":3,"author":{"gitId":"ixxeden"},"content":"import duke.Command.Command;","lastModifiedDate":"2023-04-08"},{"lineNumber":4,"author":{"gitId":"ixxeden"},"content":"","lastModifiedDate":"2023-04-08"},{"lineNumber":5,"author":{"gitId":"ixxeden"},"content":"import java.io.*;","lastModifiedDate":"2023-04-07"},{"lineNumber":6,"author":{"gitId":"ixxeden"},"content":"import java.io.File;","lastModifiedDate":"2023-04-07"},{"lineNumber":7,"author":{"gitId":"ixxeden"},"content":"import java.io.FileWriter;","lastModifiedDate":"2023-04-07"},{"lineNumber":8,"author":{"gitId":"ixxeden"},"content":"import java.io.IOException;","lastModifiedDate":"2023-04-07"},{"lineNumber":9,"author":{"gitId":"ixxeden"},"content":"import java.util.ArrayList;","lastModifiedDate":"2023-04-07"},{"lineNumber":10,"author":{"gitId":"ixxeden"},"content":"import duke.TasksType.Deadline;","lastModifiedDate":"2023-04-08"},{"lineNumber":11,"author":{"gitId":"ixxeden"},"content":"import duke.TasksType.Event;","lastModifiedDate":"2023-04-08"},{"lineNumber":12,"author":{"gitId":"ixxeden"},"content":"import duke.TasksType.Task;","lastModifiedDate":"2023-04-08"},{"lineNumber":13,"author":{"gitId":"ixxeden"},"content":"import duke.TasksType.Todo;","lastModifiedDate":"2023-04-08"},{"lineNumber":14,"author":{"gitId":"ixxeden"},"content":"import duke.Utility.Util;","lastModifiedDate":"2023-04-10"},{"lineNumber":15,"author":{"gitId":"ixxeden"},"content":"","lastModifiedDate":"2023-04-07"},{"lineNumber":16,"author":{"gitId":"ixxeden"},"content":"","lastModifiedDate":"2023-04-07"},{"lineNumber":17,"author":{"gitId":"ixxeden"},"content":"public class Storage {","lastModifiedDate":"2023-04-07"},{"lineNumber":18,"author":{"gitId":"ixxeden"},"content":"    private static final String FILE_PATH \u003d \"data/saved.txt\";","lastModifiedDate":"2023-04-07"},{"lineNumber":19,"author":{"gitId":"ixxeden"},"content":"","lastModifiedDate":"2023-04-07"},{"lineNumber":20,"author":{"gitId":"ixxeden"},"content":"    public static ArrayList\u003cTask\u003e loadFile() {","lastModifiedDate":"2023-04-07"},{"lineNumber":21,"author":{"gitId":"ixxeden"},"content":"        ArrayList\u003cTask\u003e list \u003d new ArrayList\u003c\u003e();","lastModifiedDate":"2023-04-08"},{"lineNumber":22,"author":{"gitId":"ixxeden"},"content":"        File file \u003d new File(FILE_PATH);","lastModifiedDate":"2023-04-07"},{"lineNumber":23,"author":{"gitId":"ixxeden"},"content":"        if (file.exists()) {","lastModifiedDate":"2023-04-07"},{"lineNumber":24,"author":{"gitId":"ixxeden"},"content":"            try {","lastModifiedDate":"2023-04-07"},{"lineNumber":25,"author":{"gitId":"ixxeden"},"content":"                BufferedReader reader \u003d new BufferedReader(new FileReader(file));","lastModifiedDate":"2023-04-07"},{"lineNumber":26,"author":{"gitId":"ixxeden"},"content":"                String line;","lastModifiedDate":"2023-04-07"},{"lineNumber":27,"author":{"gitId":"ixxeden"},"content":"                while ((line \u003d reader.readLine()) !\u003d null) {","lastModifiedDate":"2023-04-07"},{"lineNumber":28,"author":{"gitId":"ixxeden"},"content":"                    list.add(Command.executeLoad(line));","lastModifiedDate":"2023-04-08"},{"lineNumber":29,"author":{"gitId":"ixxeden"},"content":"                }","lastModifiedDate":"2023-04-07"},{"lineNumber":30,"author":{"gitId":"ixxeden"},"content":"                reader.close();","lastModifiedDate":"2023-04-07"},{"lineNumber":31,"author":{"gitId":"ixxeden"},"content":"            } catch (IOException e) {","lastModifiedDate":"2023-04-07"},{"lineNumber":32,"author":{"gitId":"ixxeden"},"content":"                e.printStackTrace();","lastModifiedDate":"2023-04-07"},{"lineNumber":33,"author":{"gitId":"ixxeden"},"content":"            }","lastModifiedDate":"2023-04-07"},{"lineNumber":34,"author":{"gitId":"ixxeden"},"content":"        } else {","lastModifiedDate":"2023-04-07"},{"lineNumber":35,"author":{"gitId":"ixxeden"},"content":"            try {","lastModifiedDate":"2023-04-07"},{"lineNumber":36,"author":{"gitId":"ixxeden"},"content":"                file.createNewFile();","lastModifiedDate":"2023-04-07"},{"lineNumber":37,"author":{"gitId":"ixxeden"},"content":"            } catch (IOException e) {","lastModifiedDate":"2023-04-07"},{"lineNumber":38,"author":{"gitId":"ixxeden"},"content":"                e.printStackTrace();","lastModifiedDate":"2023-04-07"},{"lineNumber":39,"author":{"gitId":"ixxeden"},"content":"            }","lastModifiedDate":"2023-04-07"},{"lineNumber":40,"author":{"gitId":"ixxeden"},"content":"        }","lastModifiedDate":"2023-04-07"},{"lineNumber":41,"author":{"gitId":"ixxeden"},"content":"        return list;","lastModifiedDate":"2023-04-07"},{"lineNumber":42,"author":{"gitId":"ixxeden"},"content":"    }","lastModifiedDate":"2023-04-07"},{"lineNumber":43,"author":{"gitId":"ixxeden"},"content":"    public static void saveToFile(ArrayList\u003cTask\u003e list) {","lastModifiedDate":"2023-04-08"},{"lineNumber":44,"author":{"gitId":"ixxeden"},"content":"        try {","lastModifiedDate":"2023-04-07"},{"lineNumber":45,"author":{"gitId":"ixxeden"},"content":"            FileWriter writer \u003d new FileWriter(FILE_PATH);","lastModifiedDate":"2023-04-07"},{"lineNumber":46,"author":{"gitId":"ixxeden"},"content":"","lastModifiedDate":"2023-04-08"},{"lineNumber":47,"author":{"gitId":"ixxeden"},"content":"            for (Task line : list) {","lastModifiedDate":"2023-04-08"},{"lineNumber":48,"author":{"gitId":"ixxeden"},"content":"                String item \u003d new String();","lastModifiedDate":"2023-04-08"},{"lineNumber":49,"author":{"gitId":"ixxeden"},"content":"                item +\u003d line.toString().substring(0, 7);","lastModifiedDate":"2023-04-08"},{"lineNumber":50,"author":{"gitId":"ixxeden"},"content":"                if (line instanceof Todo) {","lastModifiedDate":"2023-04-08"},{"lineNumber":51,"author":{"gitId":"ixxeden"},"content":"                    item +\u003d line.toString().substring(7);","lastModifiedDate":"2023-04-08"},{"lineNumber":52,"author":{"gitId":"ixxeden"},"content":"                }","lastModifiedDate":"2023-04-08"},{"lineNumber":53,"author":{"gitId":"ixxeden"},"content":"                else if (line instanceof Deadline) {","lastModifiedDate":"2023-04-08"},{"lineNumber":54,"author":{"gitId":"ixxeden"},"content":"                    item +\u003d line.getDescription() + \" /by \" + Util.dateTimeToString(((Deadline) line).getBy()) + \" [Priority \" + line.getPriorityLevel() + \"]\";","lastModifiedDate":"2023-04-10"},{"lineNumber":55,"author":{"gitId":"ixxeden"},"content":"                }","lastModifiedDate":"2023-04-08"},{"lineNumber":56,"author":{"gitId":"ixxeden"},"content":"                else {","lastModifiedDate":"2023-04-08"},{"lineNumber":57,"author":{"gitId":"ixxeden"},"content":"                    item +\u003d line.getDescription() + \" /from \" + Util.dateTimeToString(((Event) line).getFrom())+ \" /to \" + Util.dateTimeToString(((Event) line).getTo()) + \" [Priority \" + line.getPriorityLevel() + \"]\";","lastModifiedDate":"2023-04-10"},{"lineNumber":58,"author":{"gitId":"ixxeden"},"content":"                }","lastModifiedDate":"2023-04-08"},{"lineNumber":59,"author":{"gitId":"ixxeden"},"content":"","lastModifiedDate":"2023-04-08"},{"lineNumber":60,"author":{"gitId":"ixxeden"},"content":"                writer.write(item + \"\\n\");","lastModifiedDate":"2023-04-08"},{"lineNumber":61,"author":{"gitId":"ixxeden"},"content":"            }","lastModifiedDate":"2023-04-07"},{"lineNumber":62,"author":{"gitId":"ixxeden"},"content":"            writer.close();","lastModifiedDate":"2023-04-07"},{"lineNumber":63,"author":{"gitId":"ixxeden"},"content":"        } catch (IOException e) {","lastModifiedDate":"2023-04-07"},{"lineNumber":64,"author":{"gitId":"ixxeden"},"content":"            e.printStackTrace();","lastModifiedDate":"2023-04-07"},{"lineNumber":65,"author":{"gitId":"ixxeden"},"content":"        }","lastModifiedDate":"2023-04-07"},{"lineNumber":66,"author":{"gitId":"ixxeden"},"content":"    }","lastModifiedDate":"2023-04-07"},{"lineNumber":67,"author":{"gitId":"ixxeden"},"content":"}","lastModifiedDate":"2023-04-07"}],"authorContributionMap":{"ixxeden":67}},{"path":"src/main/java/duke/TaskList/TaskList.java","fileType":"java","lines":[{"lineNumber":1,"author":{"gitId":"ixxeden"},"content":"package duke.TaskList;","lastModifiedDate":"2023-04-08"},{"lineNumber":2,"author":{"gitId":"ixxeden"},"content":"","lastModifiedDate":"2023-04-07"},{"lineNumber":3,"author":{"gitId":"ixxeden"},"content":"import java.util.ArrayList;","lastModifiedDate":"2023-04-07"},{"lineNumber":4,"author":{"gitId":"ixxeden"},"content":"import java.util.stream.Collectors;","lastModifiedDate":"2023-04-10"},{"lineNumber":5,"author":{"gitId":"ixxeden"},"content":"","lastModifiedDate":"2023-04-08"},{"lineNumber":6,"author":{"gitId":"ixxeden"},"content":"import duke.TasksType.Task;","lastModifiedDate":"2023-04-08"},{"lineNumber":7,"author":{"gitId":"ixxeden"},"content":"import duke.Ui.Ui;","lastModifiedDate":"2023-04-07"},{"lineNumber":8,"author":{"gitId":"ixxeden"},"content":"","lastModifiedDate":"2023-04-08"},{"lineNumber":9,"author":{"gitId":"ixxeden"},"content":"public class TaskList {","lastModifiedDate":"2023-04-07"},{"lineNumber":10,"author":{"gitId":"ixxeden"},"content":"    private ArrayList\u003cTask\u003e list \u003d new ArrayList\u003cTask\u003e();","lastModifiedDate":"2023-04-07"},{"lineNumber":11,"author":{"gitId":"ixxeden"},"content":"","lastModifiedDate":"2023-04-07"},{"lineNumber":12,"author":{"gitId":"ixxeden"},"content":"    public TaskList() {","lastModifiedDate":"2023-04-07"},{"lineNumber":13,"author":{"gitId":"ixxeden"},"content":"        /**","lastModifiedDate":"2023-04-07"},{"lineNumber":14,"author":{"gitId":"ixxeden"},"content":"         *empty constructor","lastModifiedDate":"2023-04-07"},{"lineNumber":15,"author":{"gitId":"ixxeden"},"content":"         */","lastModifiedDate":"2023-04-07"},{"lineNumber":16,"author":{"gitId":"ixxeden"},"content":"    }","lastModifiedDate":"2023-04-07"},{"lineNumber":17,"author":{"gitId":"ixxeden"},"content":"    public void storeList(ArrayList\u003cTask\u003e list) {","lastModifiedDate":"2023-04-08"},{"lineNumber":18,"author":{"gitId":"ixxeden"},"content":"        this.list \u003d list;","lastModifiedDate":"2023-04-08"},{"lineNumber":19,"author":{"gitId":"ixxeden"},"content":"    }","lastModifiedDate":"2023-04-08"},{"lineNumber":20,"author":{"gitId":"ixxeden"},"content":"    public void addTask(Task task) {","lastModifiedDate":"2023-04-07"},{"lineNumber":21,"author":{"gitId":"ixxeden"},"content":"        list.add(task);","lastModifiedDate":"2023-04-07"},{"lineNumber":22,"author":{"gitId":"ixxeden"},"content":"        assert list.size() \u003e 0 : \"ArrayList should have task inside\";","lastModifiedDate":"2023-04-10"},{"lineNumber":23,"author":{"gitId":"ixxeden"},"content":"        System.out.println(\"Got it. I\u0027ve added this task:\");","lastModifiedDate":"2023-04-07"},{"lineNumber":24,"author":{"gitId":"ixxeden"},"content":"        System.out.println(task);","lastModifiedDate":"2023-04-08"},{"lineNumber":25,"author":{"gitId":"ixxeden"},"content":"    }","lastModifiedDate":"2023-04-07"},{"lineNumber":26,"author":{"gitId":"ixxeden"},"content":"","lastModifiedDate":"2023-04-07"},{"lineNumber":27,"author":{"gitId":"ixxeden"},"content":"    public void deleteTask(int IndexToDelete) {","lastModifiedDate":"2023-04-07"},{"lineNumber":28,"author":{"gitId":"ixxeden"},"content":"        Task toDelete \u003d getTask(IndexToDelete);","lastModifiedDate":"2023-04-07"},{"lineNumber":29,"author":{"gitId":"ixxeden"},"content":"        list.remove(IndexToDelete);","lastModifiedDate":"2023-04-07"},{"lineNumber":30,"author":{"gitId":"ixxeden"},"content":"        System.out.println(\"Noted. I\u0027ve removed this task:\");","lastModifiedDate":"2023-04-07"},{"lineNumber":31,"author":{"gitId":"ixxeden"},"content":"        System.out.println(toDelete);","lastModifiedDate":"2023-04-07"},{"lineNumber":32,"author":{"gitId":"ixxeden"},"content":"    }","lastModifiedDate":"2023-04-07"},{"lineNumber":33,"author":{"gitId":"ixxeden"},"content":"    public Task getTask(int index) {","lastModifiedDate":"2023-04-07"},{"lineNumber":34,"author":{"gitId":"ixxeden"},"content":"        return list.get(index);","lastModifiedDate":"2023-04-07"},{"lineNumber":35,"author":{"gitId":"ixxeden"},"content":"    }","lastModifiedDate":"2023-04-07"},{"lineNumber":36,"author":{"gitId":"ixxeden"},"content":"    public ArrayList getList() {","lastModifiedDate":"2023-04-08"},{"lineNumber":37,"author":{"gitId":"ixxeden"},"content":"        return list;","lastModifiedDate":"2023-04-08"},{"lineNumber":38,"author":{"gitId":"ixxeden"},"content":"    }","lastModifiedDate":"2023-04-08"},{"lineNumber":39,"author":{"gitId":"ixxeden"},"content":"","lastModifiedDate":"2023-04-07"},{"lineNumber":40,"author":{"gitId":"ixxeden"},"content":"    public void listTask() {","lastModifiedDate":"2023-04-07"},{"lineNumber":41,"author":{"gitId":"ixxeden"},"content":"        Ui.showLine();","lastModifiedDate":"2023-04-07"},{"lineNumber":42,"author":{"gitId":"ixxeden"},"content":"        System.out.println(\"Sorted from High to Low priority...\");","lastModifiedDate":"2023-04-10"},{"lineNumber":43,"author":{"gitId":"ixxeden"},"content":"        System.out.println(\"Here are the tasks in your list:\");","lastModifiedDate":"2023-04-07"},{"lineNumber":44,"author":{"gitId":"ixxeden"},"content":"        for (int i \u003d 0; i \u003c list.size(); i++) {","lastModifiedDate":"2023-04-07"},{"lineNumber":45,"author":{"gitId":"ixxeden"},"content":"            System.out.println(i + 1 + \". \" + list.get(i).toString());","lastModifiedDate":"2023-04-07"},{"lineNumber":46,"author":{"gitId":"ixxeden"},"content":"        }","lastModifiedDate":"2023-04-07"},{"lineNumber":47,"author":{"gitId":"ixxeden"},"content":"        Ui.showLine();","lastModifiedDate":"2023-04-07"},{"lineNumber":48,"author":{"gitId":"ixxeden"},"content":"    }","lastModifiedDate":"2023-04-07"},{"lineNumber":49,"author":{"gitId":"ixxeden"},"content":"    public void setPriority(int index, Task.priorityLevel p) {","lastModifiedDate":"2023-04-10"},{"lineNumber":50,"author":{"gitId":"ixxeden"},"content":"        getTask(index).changePriority(p);","lastModifiedDate":"2023-04-10"},{"lineNumber":51,"author":{"gitId":"ixxeden"},"content":"        System.out.println(\"Noted, item \" + (index + 1) +  \" (\" + getTask(index).getDescription() + \") priority has been set to \" + p);","lastModifiedDate":"2023-04-10"},{"lineNumber":52,"author":{"gitId":"ixxeden"},"content":"    }","lastModifiedDate":"2023-04-10"},{"lineNumber":53,"author":{"gitId":"ixxeden"},"content":"    public void sortList() {","lastModifiedDate":"2023-04-10"},{"lineNumber":54,"author":{"gitId":"ixxeden"},"content":"","lastModifiedDate":"2023-04-10"},{"lineNumber":55,"author":{"gitId":"ixxeden"},"content":"        ArrayList\u003cTask\u003e sortedList \u003d new ArrayList\u003c\u003e();","lastModifiedDate":"2023-04-10"},{"lineNumber":56,"author":{"gitId":"ixxeden"},"content":"        ArrayList\u003cTask\u003e high \u003d new ArrayList\u003c\u003e();","lastModifiedDate":"2023-04-10"},{"lineNumber":57,"author":{"gitId":"ixxeden"},"content":"        ArrayList\u003cTask\u003e low \u003d new ArrayList\u003c\u003e();","lastModifiedDate":"2023-04-10"},{"lineNumber":58,"author":{"gitId":"ixxeden"},"content":"        ArrayList\u003cTask\u003e medium \u003d new ArrayList\u003c\u003e();","lastModifiedDate":"2023-04-10"},{"lineNumber":59,"author":{"gitId":"ixxeden"},"content":"        for (Task t: list) {","lastModifiedDate":"2023-04-10"},{"lineNumber":60,"author":{"gitId":"ixxeden"},"content":"            if (t.getPriorityLevel().equals(Task.priorityLevel.High)) {","lastModifiedDate":"2023-04-10"},{"lineNumber":61,"author":{"gitId":"ixxeden"},"content":"                high.add(t);","lastModifiedDate":"2023-04-10"},{"lineNumber":62,"author":{"gitId":"ixxeden"},"content":"            }","lastModifiedDate":"2023-04-10"},{"lineNumber":63,"author":{"gitId":"ixxeden"},"content":"            else if (t.getPriorityLevel().equals(Task.priorityLevel.Low)) {","lastModifiedDate":"2023-04-10"},{"lineNumber":64,"author":{"gitId":"ixxeden"},"content":"                low.add(t);","lastModifiedDate":"2023-04-10"},{"lineNumber":65,"author":{"gitId":"ixxeden"},"content":"            }","lastModifiedDate":"2023-04-10"},{"lineNumber":66,"author":{"gitId":"ixxeden"},"content":"            else {","lastModifiedDate":"2023-04-10"},{"lineNumber":67,"author":{"gitId":"ixxeden"},"content":"                medium.add(t);","lastModifiedDate":"2023-04-10"},{"lineNumber":68,"author":{"gitId":"ixxeden"},"content":"            }","lastModifiedDate":"2023-04-10"},{"lineNumber":69,"author":{"gitId":"ixxeden"},"content":"        }","lastModifiedDate":"2023-04-10"},{"lineNumber":70,"author":{"gitId":"ixxeden"},"content":"        sortedList.addAll(high);","lastModifiedDate":"2023-04-10"},{"lineNumber":71,"author":{"gitId":"ixxeden"},"content":"        sortedList.addAll(medium);","lastModifiedDate":"2023-04-10"},{"lineNumber":72,"author":{"gitId":"ixxeden"},"content":"        sortedList.addAll(low);","lastModifiedDate":"2023-04-10"},{"lineNumber":73,"author":{"gitId":"ixxeden"},"content":"        list \u003d sortedList;","lastModifiedDate":"2023-04-10"},{"lineNumber":74,"author":{"gitId":"ixxeden"},"content":"    }","lastModifiedDate":"2023-04-10"},{"lineNumber":75,"author":{"gitId":"ixxeden"},"content":"","lastModifiedDate":"2023-04-07"},{"lineNumber":76,"author":{"gitId":"ixxeden"},"content":"    public void find (String word) {","lastModifiedDate":"2023-04-10"},{"lineNumber":77,"author":{"gitId":"ixxeden"},"content":"        Ui.showLine();","lastModifiedDate":"2023-04-10"},{"lineNumber":78,"author":{"gitId":"ixxeden"},"content":"        System.out.println(\"Here are the matching tasks in your list:\");","lastModifiedDate":"2023-04-10"},{"lineNumber":79,"author":{"gitId":"ixxeden"},"content":"        for (Task t : list) {","lastModifiedDate":"2023-04-10"},{"lineNumber":80,"author":{"gitId":"ixxeden"},"content":"            if (t.getDescription().contains(word)) {","lastModifiedDate":"2023-04-10"},{"lineNumber":81,"author":{"gitId":"ixxeden"},"content":"                System.out.println(t);","lastModifiedDate":"2023-04-10"},{"lineNumber":82,"author":{"gitId":"ixxeden"},"content":"            }","lastModifiedDate":"2023-04-10"},{"lineNumber":83,"author":{"gitId":"ixxeden"},"content":"        }","lastModifiedDate":"2023-04-10"},{"lineNumber":84,"author":{"gitId":"ixxeden"},"content":"        Ui.showLine();","lastModifiedDate":"2023-04-10"},{"lineNumber":85,"author":{"gitId":"ixxeden"},"content":"    }","lastModifiedDate":"2023-04-10"},{"lineNumber":86,"author":{"gitId":"ixxeden"},"content":"}","lastModifiedDate":"2023-04-07"}],"authorContributionMap":{"ixxeden":86}},{"path":"src/main/java/duke/TasksType/Deadline.java","fileType":"java","lines":[{"lineNumber":1,"author":{"gitId":"ixxeden"},"content":"package duke.TasksType;","lastModifiedDate":"2023-04-08"},{"lineNumber":2,"author":{"gitId":"ixxeden"},"content":"","lastModifiedDate":"2023-04-07"},{"lineNumber":3,"author":{"gitId":"ixxeden"},"content":"import duke.Utility.Util;","lastModifiedDate":"2023-04-10"},{"lineNumber":4,"author":{"gitId":"ixxeden"},"content":"","lastModifiedDate":"2023-04-10"},{"lineNumber":5,"author":{"gitId":"ixxeden"},"content":"import java.time.LocalDateTime;","lastModifiedDate":"2023-04-10"},{"lineNumber":6,"author":{"gitId":"ixxeden"},"content":"","lastModifiedDate":"2023-04-10"},{"lineNumber":7,"author":{"gitId":"ixxeden"},"content":"public class Deadline extends Task","lastModifiedDate":"2023-04-02"},{"lineNumber":8,"author":{"gitId":"ixxeden"},"content":"{","lastModifiedDate":"2023-04-02"},{"lineNumber":9,"author":{"gitId":"ixxeden"},"content":"    //protected String by;","lastModifiedDate":"2023-04-10"},{"lineNumber":10,"author":{"gitId":"ixxeden"},"content":"    protected LocalDateTime by;","lastModifiedDate":"2023-04-10"},{"lineNumber":11,"author":{"gitId":"ixxeden"},"content":"    public Deadline(String description, LocalDateTime by)","lastModifiedDate":"2023-04-10"},{"lineNumber":12,"author":{"gitId":"ixxeden"},"content":"    {","lastModifiedDate":"2023-04-02"},{"lineNumber":13,"author":{"gitId":"ixxeden"},"content":"        super(description);","lastModifiedDate":"2023-03-19"},{"lineNumber":14,"author":{"gitId":"ixxeden"},"content":"        this.by \u003d by;","lastModifiedDate":"2023-03-19"},{"lineNumber":15,"author":{"gitId":"ixxeden"},"content":"    }","lastModifiedDate":"2023-03-19"},{"lineNumber":16,"author":{"gitId":"ixxeden"},"content":"","lastModifiedDate":"2023-03-19"},{"lineNumber":17,"author":{"gitId":"ixxeden"},"content":"    @Override","lastModifiedDate":"2023-03-19"},{"lineNumber":18,"author":{"gitId":"ixxeden"},"content":"    public String toString() {","lastModifiedDate":"2023-04-08"},{"lineNumber":19,"author":{"gitId":"ixxeden"},"content":"        return \"[D]\" + super.toString() + \" (by: \" + Util.displayDT(by) + \")\" + \" [Priority \" + getPriorityLevel() + \"]\";","lastModifiedDate":"2023-04-10"},{"lineNumber":20,"author":{"gitId":"ixxeden"},"content":"    }","lastModifiedDate":"2023-03-19"},{"lineNumber":21,"author":{"gitId":"ixxeden"},"content":"    public String getDescription() {","lastModifiedDate":"2023-04-08"},{"lineNumber":22,"author":{"gitId":"ixxeden"},"content":"        return description;","lastModifiedDate":"2023-04-08"},{"lineNumber":23,"author":{"gitId":"ixxeden"},"content":"    }","lastModifiedDate":"2023-04-08"},{"lineNumber":24,"author":{"gitId":"ixxeden"},"content":"    public LocalDateTime getBy() {","lastModifiedDate":"2023-04-10"},{"lineNumber":25,"author":{"gitId":"ixxeden"},"content":"        return by;","lastModifiedDate":"2023-04-08"},{"lineNumber":26,"author":{"gitId":"ixxeden"},"content":"    }","lastModifiedDate":"2023-04-08"},{"lineNumber":27,"author":{"gitId":"ixxeden"},"content":"}","lastModifiedDate":"2023-03-19"}],"authorContributionMap":{"ixxeden":27}},{"path":"src/main/java/duke/TasksType/Event.java","fileType":"java","lines":[{"lineNumber":1,"author":{"gitId":"ixxeden"},"content":"package duke.TasksType;","lastModifiedDate":"2023-04-08"},{"lineNumber":2,"author":{"gitId":"ixxeden"},"content":"","lastModifiedDate":"2023-04-07"},{"lineNumber":3,"author":{"gitId":"ixxeden"},"content":"import duke.Utility.Util;","lastModifiedDate":"2023-04-10"},{"lineNumber":4,"author":{"gitId":"ixxeden"},"content":"","lastModifiedDate":"2023-04-10"},{"lineNumber":5,"author":{"gitId":"ixxeden"},"content":"import java.time.LocalDateTime;","lastModifiedDate":"2023-04-10"},{"lineNumber":6,"author":{"gitId":"ixxeden"},"content":"","lastModifiedDate":"2023-04-10"},{"lineNumber":7,"author":{"gitId":"ixxeden"},"content":"public class Event extends Task","lastModifiedDate":"2023-04-02"},{"lineNumber":8,"author":{"gitId":"ixxeden"},"content":"{","lastModifiedDate":"2023-04-02"},{"lineNumber":9,"author":{"gitId":"ixxeden"},"content":"    protected LocalDateTime from;","lastModifiedDate":"2023-04-10"},{"lineNumber":10,"author":{"gitId":"ixxeden"},"content":"    protected LocalDateTime to;","lastModifiedDate":"2023-04-10"},{"lineNumber":11,"author":{"gitId":"ixxeden"},"content":"    public Event(String description, LocalDateTime from, LocalDateTime to)","lastModifiedDate":"2023-04-10"},{"lineNumber":12,"author":{"gitId":"ixxeden"},"content":"    {","lastModifiedDate":"2023-04-02"},{"lineNumber":13,"author":{"gitId":"ixxeden"},"content":"        super(description);","lastModifiedDate":"2023-03-19"},{"lineNumber":14,"author":{"gitId":"ixxeden"},"content":"        this.from \u003d from;","lastModifiedDate":"2023-03-19"},{"lineNumber":15,"author":{"gitId":"ixxeden"},"content":"        this.to \u003d to;","lastModifiedDate":"2023-03-19"},{"lineNumber":16,"author":{"gitId":"ixxeden"},"content":"    }","lastModifiedDate":"2023-03-19"},{"lineNumber":17,"author":{"gitId":"ixxeden"},"content":"","lastModifiedDate":"2023-03-19"},{"lineNumber":18,"author":{"gitId":"ixxeden"},"content":"    @Override","lastModifiedDate":"2023-03-19"},{"lineNumber":19,"author":{"gitId":"ixxeden"},"content":"    public String toString() {","lastModifiedDate":"2023-04-08"},{"lineNumber":20,"author":{"gitId":"ixxeden"},"content":"        return \"[E]\" + super.toString() + \" (from: \" + Util.displayDT(from) + \" to: \" + Util.displayDT(to) + \")\" + \" [Priority \" + getPriorityLevel() + \"]\";","lastModifiedDate":"2023-04-10"},{"lineNumber":21,"author":{"gitId":"ixxeden"},"content":"    }","lastModifiedDate":"2023-03-19"},{"lineNumber":22,"author":{"gitId":"ixxeden"},"content":"    public String getDescription() {","lastModifiedDate":"2023-04-08"},{"lineNumber":23,"author":{"gitId":"ixxeden"},"content":"        return description;","lastModifiedDate":"2023-04-08"},{"lineNumber":24,"author":{"gitId":"ixxeden"},"content":"    }","lastModifiedDate":"2023-04-08"},{"lineNumber":25,"author":{"gitId":"ixxeden"},"content":"    public LocalDateTime getFrom() {","lastModifiedDate":"2023-04-10"},{"lineNumber":26,"author":{"gitId":"ixxeden"},"content":"        return from;","lastModifiedDate":"2023-04-08"},{"lineNumber":27,"author":{"gitId":"ixxeden"},"content":"    }","lastModifiedDate":"2023-04-08"},{"lineNumber":28,"author":{"gitId":"ixxeden"},"content":"    public LocalDateTime getTo() {","lastModifiedDate":"2023-04-10"},{"lineNumber":29,"author":{"gitId":"ixxeden"},"content":"        return to;","lastModifiedDate":"2023-04-08"},{"lineNumber":30,"author":{"gitId":"ixxeden"},"content":"    }","lastModifiedDate":"2023-04-08"},{"lineNumber":31,"author":{"gitId":"ixxeden"},"content":"}","lastModifiedDate":"2023-03-19"}],"authorContributionMap":{"ixxeden":31}},{"path":"src/main/java/duke/TasksType/Task.java","fileType":"java","lines":[{"lineNumber":1,"author":{"gitId":"ixxeden"},"content":"package duke.TasksType;","lastModifiedDate":"2023-04-08"},{"lineNumber":2,"author":{"gitId":"ixxeden"},"content":"","lastModifiedDate":"2023-04-07"},{"lineNumber":3,"author":{"gitId":"ixxeden"},"content":"public class Task","lastModifiedDate":"2023-04-02"},{"lineNumber":4,"author":{"gitId":"ixxeden"},"content":"{","lastModifiedDate":"2023-04-02"},{"lineNumber":5,"author":{"gitId":"ixxeden"},"content":"    protected String description;","lastModifiedDate":"2023-03-17"},{"lineNumber":6,"author":{"gitId":"ixxeden"},"content":"    protected boolean isDone;","lastModifiedDate":"2023-03-17"},{"lineNumber":7,"author":{"gitId":"ixxeden"},"content":"","lastModifiedDate":"2023-03-17"},{"lineNumber":8,"author":{"gitId":"ixxeden"},"content":"    protected priorityLevel level;","lastModifiedDate":"2023-04-10"},{"lineNumber":9,"author":{"gitId":"ixxeden"},"content":"","lastModifiedDate":"2023-04-10"},{"lineNumber":10,"author":{"gitId":"ixxeden"},"content":"    public Task(String description) {","lastModifiedDate":"2023-04-10"},{"lineNumber":11,"author":{"gitId":"ixxeden"},"content":"        this.description \u003d description;","lastModifiedDate":"2023-03-17"},{"lineNumber":12,"author":{"gitId":"ixxeden"},"content":"        this.isDone \u003d false;","lastModifiedDate":"2023-03-17"},{"lineNumber":13,"author":{"gitId":"ixxeden"},"content":"        this.level \u003d priorityLevel.Medium; // new","lastModifiedDate":"2023-04-10"},{"lineNumber":14,"author":{"gitId":"ixxeden"},"content":"        assert !description.isEmpty() \u0026\u0026 description !\u003d null : \"Description cannot be empty\";","lastModifiedDate":"2023-04-10"},{"lineNumber":15,"author":{"gitId":"ixxeden"},"content":"    }","lastModifiedDate":"2023-04-10"},{"lineNumber":16,"author":{"gitId":"ixxeden"},"content":"","lastModifiedDate":"2023-04-10"},{"lineNumber":17,"author":{"gitId":"ixxeden"},"content":"    public String getDescription() {","lastModifiedDate":"2023-04-10"},{"lineNumber":18,"author":{"gitId":"ixxeden"},"content":"        return this.description;","lastModifiedDate":"2023-04-10"},{"lineNumber":19,"author":{"gitId":"ixxeden"},"content":"    }","lastModifiedDate":"2023-03-17"},{"lineNumber":20,"author":{"gitId":"ixxeden"},"content":"","lastModifiedDate":"2023-03-17"},{"lineNumber":21,"author":{"gitId":"ixxeden"},"content":"    public void markAsDone() {","lastModifiedDate":"2023-04-08"},{"lineNumber":22,"author":{"gitId":"ixxeden"},"content":"        this.isDone \u003d true;","lastModifiedDate":"2023-03-17"},{"lineNumber":23,"author":{"gitId":"ixxeden"},"content":"    }","lastModifiedDate":"2023-03-17"},{"lineNumber":24,"author":{"gitId":"ixxeden"},"content":"    public void markAsNotDone() {","lastModifiedDate":"2023-04-08"},{"lineNumber":25,"author":{"gitId":"ixxeden"},"content":"        this.isDone \u003d false;","lastModifiedDate":"2023-03-17"},{"lineNumber":26,"author":{"gitId":"ixxeden"},"content":"    }","lastModifiedDate":"2023-03-17"},{"lineNumber":27,"author":{"gitId":"ixxeden"},"content":"    public String getStatusIcon() {","lastModifiedDate":"2023-04-08"},{"lineNumber":28,"author":{"gitId":"ixxeden"},"content":"        return (isDone ? \"X\" : \" \"); // mark done task with X","lastModifiedDate":"2023-03-17"},{"lineNumber":29,"author":{"gitId":"ixxeden"},"content":"    }","lastModifiedDate":"2023-03-17"},{"lineNumber":30,"author":{"gitId":"ixxeden"},"content":"","lastModifiedDate":"2023-03-19"},{"lineNumber":31,"author":{"gitId":"ixxeden"},"content":"    @Override","lastModifiedDate":"2023-03-19"},{"lineNumber":32,"author":{"gitId":"ixxeden"},"content":"    public String toString() {","lastModifiedDate":"2023-04-07"},{"lineNumber":33,"author":{"gitId":"ixxeden"},"content":"        return \"[\" + this.getStatusIcon() + \"] \" + this.description;","lastModifiedDate":"2023-03-19"},{"lineNumber":34,"author":{"gitId":"ixxeden"},"content":"    }","lastModifiedDate":"2023-03-19"},{"lineNumber":35,"author":{"gitId":"ixxeden"},"content":"","lastModifiedDate":"2023-04-10"},{"lineNumber":36,"author":{"gitId":"ixxeden"},"content":"    public enum priorityLevel { // new","lastModifiedDate":"2023-04-10"},{"lineNumber":37,"author":{"gitId":"ixxeden"},"content":"        Low,","lastModifiedDate":"2023-04-10"},{"lineNumber":38,"author":{"gitId":"ixxeden"},"content":"        Medium,","lastModifiedDate":"2023-04-10"},{"lineNumber":39,"author":{"gitId":"ixxeden"},"content":"        High","lastModifiedDate":"2023-04-10"},{"lineNumber":40,"author":{"gitId":"ixxeden"},"content":"    }","lastModifiedDate":"2023-04-10"},{"lineNumber":41,"author":{"gitId":"ixxeden"},"content":"","lastModifiedDate":"2023-04-10"},{"lineNumber":42,"author":{"gitId":"ixxeden"},"content":"    public priorityLevel getPriorityLevel() { // new","lastModifiedDate":"2023-04-10"},{"lineNumber":43,"author":{"gitId":"ixxeden"},"content":"        return this.level;","lastModifiedDate":"2023-04-10"},{"lineNumber":44,"author":{"gitId":"ixxeden"},"content":"    }","lastModifiedDate":"2023-04-10"},{"lineNumber":45,"author":{"gitId":"ixxeden"},"content":"","lastModifiedDate":"2023-04-10"},{"lineNumber":46,"author":{"gitId":"ixxeden"},"content":"    /**","lastModifiedDate":"2023-04-10"},{"lineNumber":47,"author":{"gitId":"ixxeden"},"content":"     *","lastModifiedDate":"2023-04-10"},{"lineNumber":48,"author":{"gitId":"ixxeden"},"content":"     * @param p ","lastModifiedDate":"2023-04-10"},{"lineNumber":49,"author":{"gitId":"ixxeden"},"content":"     */","lastModifiedDate":"2023-04-10"},{"lineNumber":50,"author":{"gitId":"ixxeden"},"content":"    public void changePriority(priorityLevel p) {","lastModifiedDate":"2023-04-10"},{"lineNumber":51,"author":{"gitId":"ixxeden"},"content":"        this.level \u003d p;","lastModifiedDate":"2023-04-10"},{"lineNumber":52,"author":{"gitId":"ixxeden"},"content":"    }","lastModifiedDate":"2023-04-10"},{"lineNumber":53,"author":{"gitId":"ixxeden"},"content":"}","lastModifiedDate":"2023-03-17"}],"authorContributionMap":{"ixxeden":53}},{"path":"src/main/java/duke/TasksType/Todo.java","fileType":"java","lines":[{"lineNumber":1,"author":{"gitId":"ixxeden"},"content":"package duke.TasksType;","lastModifiedDate":"2023-04-08"},{"lineNumber":2,"author":{"gitId":"ixxeden"},"content":"","lastModifiedDate":"2023-04-07"},{"lineNumber":3,"author":{"gitId":"ixxeden"},"content":"public class Todo extends Task","lastModifiedDate":"2023-04-02"},{"lineNumber":4,"author":{"gitId":"ixxeden"},"content":"{","lastModifiedDate":"2023-04-02"},{"lineNumber":5,"author":{"gitId":"ixxeden"},"content":"    public Todo(String description)","lastModifiedDate":"2023-04-02"},{"lineNumber":6,"author":{"gitId":"ixxeden"},"content":"     {","lastModifiedDate":"2023-04-02"},{"lineNumber":7,"author":{"gitId":"ixxeden"},"content":"        super(description);","lastModifiedDate":"2023-03-19"},{"lineNumber":8,"author":{"gitId":"ixxeden"},"content":"     }","lastModifiedDate":"2023-03-19"},{"lineNumber":9,"author":{"gitId":"ixxeden"},"content":"    @Override","lastModifiedDate":"2023-03-19"},{"lineNumber":10,"author":{"gitId":"ixxeden"},"content":"    public String toString() {","lastModifiedDate":"2023-04-10"},{"lineNumber":11,"author":{"gitId":"ixxeden"},"content":"        return \"[T]\" + super.toString() + \" [Priority \" + getPriorityLevel() + \"]\";","lastModifiedDate":"2023-04-10"},{"lineNumber":12,"author":{"gitId":"ixxeden"},"content":"    }","lastModifiedDate":"2023-03-19"},{"lineNumber":13,"author":{"gitId":"ixxeden"},"content":"}","lastModifiedDate":"2023-03-19"}],"authorContributionMap":{"ixxeden":13}},{"path":"src/main/java/duke/Ui/Ui.java","fileType":"java","lines":[{"lineNumber":1,"author":{"gitId":"ixxeden"},"content":"package duke.Ui;","lastModifiedDate":"2023-04-07"},{"lineNumber":2,"author":{"gitId":"ixxeden"},"content":"public class Ui","lastModifiedDate":"2023-04-07"},{"lineNumber":3,"author":{"gitId":"ixxeden"},"content":"{","lastModifiedDate":"2023-04-07"},{"lineNumber":4,"author":{"gitId":"ixxeden"},"content":"    public Ui() {","lastModifiedDate":"2023-04-08"},{"lineNumber":5,"author":{"gitId":"ixxeden"},"content":"        /**","lastModifiedDate":"2023-04-07"},{"lineNumber":6,"author":{"gitId":"ixxeden"},"content":"        *empty constructor","lastModifiedDate":"2023-04-07"},{"lineNumber":7,"author":{"gitId":"ixxeden"},"content":"        */","lastModifiedDate":"2023-04-07"},{"lineNumber":8,"author":{"gitId":"ixxeden"},"content":"    }","lastModifiedDate":"2023-04-07"},{"lineNumber":9,"author":{"gitId":"ixxeden"},"content":"    public void showWelcome()","lastModifiedDate":"2023-04-08"},{"lineNumber":10,"author":{"gitId":"ixxeden"},"content":"    {","lastModifiedDate":"2023-04-07"},{"lineNumber":11,"author":{"gitId":"ixxeden"},"content":"        String logo \u003d \" ____        _        \\n\"","lastModifiedDate":"2023-04-07"},{"lineNumber":12,"author":{"gitId":"ixxeden"},"content":"                + \"|  _ \\\\ _   _| | _____ \\n\"","lastModifiedDate":"2023-04-07"},{"lineNumber":13,"author":{"gitId":"ixxeden"},"content":"                + \"| | | | | | | |/ / _ \\\\\\n\"","lastModifiedDate":"2023-04-07"},{"lineNumber":14,"author":{"gitId":"ixxeden"},"content":"                + \"| |_| | |_| |   \u003c  __/\\n\"","lastModifiedDate":"2023-04-07"},{"lineNumber":15,"author":{"gitId":"ixxeden"},"content":"                + \"|____/ \\\\__,_|_|\\\\_\\\\___|\\n\";","lastModifiedDate":"2023-04-07"},{"lineNumber":16,"author":{"gitId":"ixxeden"},"content":"","lastModifiedDate":"2023-04-07"},{"lineNumber":17,"author":{"gitId":"ixxeden"},"content":"        System.out.println(\"Hello from\\n\" + logo);","lastModifiedDate":"2023-04-07"},{"lineNumber":18,"author":{"gitId":"ixxeden"},"content":"        System.out.println(\"Hello! I\u0027m Duke, your task scheduler.\");","lastModifiedDate":"2023-04-08"},{"lineNumber":19,"author":{"gitId":"ixxeden"},"content":"        System.out.println(\"What can I do for you?\\n\");","lastModifiedDate":"2023-04-07"},{"lineNumber":20,"author":{"gitId":"ixxeden"},"content":"    }","lastModifiedDate":"2023-04-07"},{"lineNumber":21,"author":{"gitId":"ixxeden"},"content":"","lastModifiedDate":"2023-04-07"},{"lineNumber":22,"author":{"gitId":"ixxeden"},"content":"    public static void showLine()","lastModifiedDate":"2023-04-07"},{"lineNumber":23,"author":{"gitId":"ixxeden"},"content":"    {","lastModifiedDate":"2023-04-07"},{"lineNumber":24,"author":{"gitId":"ixxeden"},"content":"        System.out.println(\"________________________________________________________________________\");","lastModifiedDate":"2023-04-08"},{"lineNumber":25,"author":{"gitId":"ixxeden"},"content":"    }","lastModifiedDate":"2023-04-07"},{"lineNumber":26,"author":{"gitId":"ixxeden"},"content":"}","lastModifiedDate":"2023-04-07"}],"authorContributionMap":{"ixxeden":26}},{"path":"src/main/java/duke/Utility/Util.java","fileType":"java","lines":[{"lineNumber":1,"author":{"gitId":"ixxeden"},"content":"package duke.Utility;","lastModifiedDate":"2023-04-08"},{"lineNumber":2,"author":{"gitId":"ixxeden"},"content":"","lastModifiedDate":"2023-04-08"},{"lineNumber":3,"author":{"gitId":"ixxeden"},"content":"import duke.TasksType.Task;","lastModifiedDate":"2023-04-10"},{"lineNumber":4,"author":{"gitId":"ixxeden"},"content":"import java.time.LocalDateTime;","lastModifiedDate":"2023-04-10"},{"lineNumber":5,"author":{"gitId":"ixxeden"},"content":"import java.time.format.DateTimeFormatter;","lastModifiedDate":"2023-04-10"},{"lineNumber":6,"author":{"gitId":"ixxeden"},"content":"","lastModifiedDate":"2023-04-10"},{"lineNumber":7,"author":{"gitId":"ixxeden"},"content":"public class Util {","lastModifiedDate":"2023-04-08"},{"lineNumber":8,"author":{"gitId":"ixxeden"},"content":"    /**","lastModifiedDate":"2023-04-10"},{"lineNumber":9,"author":{"gitId":"ixxeden"},"content":"     * This method checks if the mark/unmark input is valid","lastModifiedDate":"2023-04-10"},{"lineNumber":10,"author":{"gitId":"ixxeden"},"content":"     * @param input takes in a string input from user and check if it has a word and another string (num) behind","lastModifiedDate":"2023-04-10"},{"lineNumber":11,"author":{"gitId":"ixxeden"},"content":"     * @return","lastModifiedDate":"2023-04-10"},{"lineNumber":12,"author":{"gitId":"ixxeden"},"content":"     */","lastModifiedDate":"2023-04-10"},{"lineNumber":13,"author":{"gitId":"ixxeden"},"content":"    public static boolean checkMark(String input) {","lastModifiedDate":"2023-04-08"},{"lineNumber":14,"author":{"gitId":"ixxeden"},"content":"        String[] splitted \u003d input.split(\" \");","lastModifiedDate":"2023-04-08"},{"lineNumber":15,"author":{"gitId":"ixxeden"},"content":"        return splitted.length \u003d\u003d 2;","lastModifiedDate":"2023-04-08"},{"lineNumber":16,"author":{"gitId":"ixxeden"},"content":"    }","lastModifiedDate":"2023-04-08"},{"lineNumber":17,"author":{"gitId":"ixxeden"},"content":"","lastModifiedDate":"2023-04-10"},{"lineNumber":18,"author":{"gitId":"ixxeden"},"content":"    /**","lastModifiedDate":"2023-04-10"},{"lineNumber":19,"author":{"gitId":"ixxeden"},"content":"     * This method changes dates and times to string format","lastModifiedDate":"2023-04-10"},{"lineNumber":20,"author":{"gitId":"ixxeden"},"content":"     * @param formattedDT takes in a LocalDateTime formatted input","lastModifiedDate":"2023-04-10"},{"lineNumber":21,"author":{"gitId":"ixxeden"},"content":"     * @return a string in \"yyyy-MM-dd HH:mm\"","lastModifiedDate":"2023-04-10"},{"lineNumber":22,"author":{"gitId":"ixxeden"},"content":"     */","lastModifiedDate":"2023-04-10"},{"lineNumber":23,"author":{"gitId":"ixxeden"},"content":"    public static String dateTimeToString(LocalDateTime formattedDT) {","lastModifiedDate":"2023-04-10"},{"lineNumber":24,"author":{"gitId":"ixxeden"},"content":"        DateTimeFormatter formatter \u003d DateTimeFormatter.ofPattern(\"yyyy-MM-dd HH:mm\");","lastModifiedDate":"2023-04-10"},{"lineNumber":25,"author":{"gitId":"ixxeden"},"content":"        return formattedDT.format(formatter);","lastModifiedDate":"2023-04-10"},{"lineNumber":26,"author":{"gitId":"ixxeden"},"content":"    }","lastModifiedDate":"2023-04-10"},{"lineNumber":27,"author":{"gitId":"ixxeden"},"content":"","lastModifiedDate":"2023-04-10"},{"lineNumber":28,"author":{"gitId":"ixxeden"},"content":"    /**","lastModifiedDate":"2023-04-10"},{"lineNumber":29,"author":{"gitId":"ixxeden"},"content":"     * This method converts the default LocalDateTime format into the required format","lastModifiedDate":"2023-04-10"},{"lineNumber":30,"author":{"gitId":"ixxeden"},"content":"     * @param dt takes in a LocalDateTime input with default format","lastModifiedDate":"2023-04-10"},{"lineNumber":31,"author":{"gitId":"ixxeden"},"content":"     * @return","lastModifiedDate":"2023-04-10"},{"lineNumber":32,"author":{"gitId":"ixxeden"},"content":"     */","lastModifiedDate":"2023-04-10"},{"lineNumber":33,"author":{"gitId":"ixxeden"},"content":"    public static LocalDateTime convertDateTime(String dt) {","lastModifiedDate":"2023-04-10"},{"lineNumber":34,"author":{"gitId":"ixxeden"},"content":"        DateTimeFormatter formatter \u003d DateTimeFormatter.ofPattern(\"yyyy-MM-dd HH:mm\");","lastModifiedDate":"2023-04-10"},{"lineNumber":35,"author":{"gitId":"ixxeden"},"content":"        LocalDateTime formattedDT \u003d LocalDateTime.parse(dt, formatter);","lastModifiedDate":"2023-04-10"},{"lineNumber":36,"author":{"gitId":"ixxeden"},"content":"        return formattedDT;","lastModifiedDate":"2023-04-10"},{"lineNumber":37,"author":{"gitId":"ixxeden"},"content":"    }","lastModifiedDate":"2023-04-10"},{"lineNumber":38,"author":{"gitId":"ixxeden"},"content":"","lastModifiedDate":"2023-04-10"},{"lineNumber":39,"author":{"gitId":"ixxeden"},"content":"    /**","lastModifiedDate":"2023-04-10"},{"lineNumber":40,"author":{"gitId":"ixxeden"},"content":"     * This method displays the required LocalDateTime into string","lastModifiedDate":"2023-04-10"},{"lineNumber":41,"author":{"gitId":"ixxeden"},"content":"     * @param formattedDT takes in the formatted LocalDateTime input","lastModifiedDate":"2023-04-10"},{"lineNumber":42,"author":{"gitId":"ixxeden"},"content":"     * @return a string of the formatted LocalDateTime","lastModifiedDate":"2023-04-10"},{"lineNumber":43,"author":{"gitId":"ixxeden"},"content":"     */","lastModifiedDate":"2023-04-10"},{"lineNumber":44,"author":{"gitId":"ixxeden"},"content":"    public static String displayDT(LocalDateTime formattedDT) {","lastModifiedDate":"2023-04-10"},{"lineNumber":45,"author":{"gitId":"ixxeden"},"content":"        DateTimeFormatter formatter \u003d DateTimeFormatter.ofPattern(\"MMM dd yyyy HH:mm\");","lastModifiedDate":"2023-04-10"},{"lineNumber":46,"author":{"gitId":"ixxeden"},"content":"        return formattedDT.format(formatter);","lastModifiedDate":"2023-04-10"},{"lineNumber":47,"author":{"gitId":"ixxeden"},"content":"    }","lastModifiedDate":"2023-04-10"},{"lineNumber":48,"author":{"gitId":"ixxeden"},"content":"","lastModifiedDate":"2023-04-10"},{"lineNumber":49,"author":{"gitId":"ixxeden"},"content":"    /**","lastModifiedDate":"2023-04-10"},{"lineNumber":50,"author":{"gitId":"ixxeden"},"content":"     * This method converts the string into priority level","lastModifiedDate":"2023-04-10"},{"lineNumber":51,"author":{"gitId":"ixxeden"},"content":"     * @param s takes in a string input","lastModifiedDate":"2023-04-10"},{"lineNumber":52,"author":{"gitId":"ixxeden"},"content":"     * @return a priorityLevel","lastModifiedDate":"2023-04-10"},{"lineNumber":53,"author":{"gitId":"ixxeden"},"content":"     */","lastModifiedDate":"2023-04-10"},{"lineNumber":54,"author":{"gitId":"ixxeden"},"content":"    public static Task.priorityLevel stringToLevel(String s) {","lastModifiedDate":"2023-04-10"},{"lineNumber":55,"author":{"gitId":"ixxeden"},"content":"        switch (s.toUpperCase()) {","lastModifiedDate":"2023-04-10"},{"lineNumber":56,"author":{"gitId":"ixxeden"},"content":"            case \"LOW\":","lastModifiedDate":"2023-04-10"},{"lineNumber":57,"author":{"gitId":"ixxeden"},"content":"                return Task.priorityLevel.Low;","lastModifiedDate":"2023-04-10"},{"lineNumber":58,"author":{"gitId":"ixxeden"},"content":"            case \"HIGH\":","lastModifiedDate":"2023-04-10"},{"lineNumber":59,"author":{"gitId":"ixxeden"},"content":"                return Task.priorityLevel.High;","lastModifiedDate":"2023-04-10"},{"lineNumber":60,"author":{"gitId":"ixxeden"},"content":"            default:","lastModifiedDate":"2023-04-10"},{"lineNumber":61,"author":{"gitId":"ixxeden"},"content":"                return Task.priorityLevel.Medium;","lastModifiedDate":"2023-04-10"},{"lineNumber":62,"author":{"gitId":"ixxeden"},"content":"        }","lastModifiedDate":"2023-04-10"},{"lineNumber":63,"author":{"gitId":"ixxeden"},"content":"    }","lastModifiedDate":"2023-04-10"},{"lineNumber":64,"author":{"gitId":"ixxeden"},"content":"}","lastModifiedDate":"2023-04-08"}],"authorContributionMap":{"ixxeden":64}},{"path":"src/test/java/duke/CommandTest.java","fileType":"java","lines":[{"lineNumber":1,"author":{"gitId":"ixxeden"},"content":"package duke;","lastModifiedDate":"2023-04-10"},{"lineNumber":2,"author":{"gitId":"ixxeden"},"content":"","lastModifiedDate":"2023-04-10"},{"lineNumber":3,"author":{"gitId":"ixxeden"},"content":"import duke.TaskList.TaskList;","lastModifiedDate":"2023-04-10"},{"lineNumber":4,"author":{"gitId":"ixxeden"},"content":"import duke.TasksType.Task;","lastModifiedDate":"2023-04-10"},{"lineNumber":5,"author":{"gitId":"ixxeden"},"content":"import duke.TasksType.Todo;","lastModifiedDate":"2023-04-10"},{"lineNumber":6,"author":{"gitId":"ixxeden"},"content":"import org.junit.jupiter.api.Test;","lastModifiedDate":"2023-04-10"},{"lineNumber":7,"author":{"gitId":"ixxeden"},"content":"","lastModifiedDate":"2023-04-10"},{"lineNumber":8,"author":{"gitId":"ixxeden"},"content":"import java.util.ArrayList;","lastModifiedDate":"2023-04-10"},{"lineNumber":9,"author":{"gitId":"ixxeden"},"content":"","lastModifiedDate":"2023-04-10"},{"lineNumber":10,"author":{"gitId":"ixxeden"},"content":"import static org.junit.jupiter.api.Assertions.assertEquals;","lastModifiedDate":"2023-04-10"},{"lineNumber":11,"author":{"gitId":"ixxeden"},"content":"","lastModifiedDate":"2023-04-10"},{"lineNumber":12,"author":{"gitId":"ixxeden"},"content":"public class CommandTest {","lastModifiedDate":"2023-04-10"},{"lineNumber":13,"author":{"gitId":"ixxeden"},"content":"    @Test","lastModifiedDate":"2023-04-10"},{"lineNumber":14,"author":{"gitId":"ixxeden"},"content":"    public void addTask() {","lastModifiedDate":"2023-04-10"},{"lineNumber":15,"author":{"gitId":"ixxeden"},"content":"        ArrayList\u003cTask\u003e list \u003d new ArrayList\u003c\u003e();","lastModifiedDate":"2023-04-10"},{"lineNumber":16,"author":{"gitId":"ixxeden"},"content":"        Task task \u003d new Todo(\"Eat dinner\");","lastModifiedDate":"2023-04-10"},{"lineNumber":17,"author":{"gitId":"ixxeden"},"content":"        list.add(task);","lastModifiedDate":"2023-04-10"},{"lineNumber":18,"author":{"gitId":"ixxeden"},"content":"        Task task2 \u003d new Todo(\"Eat breakfast\");","lastModifiedDate":"2023-04-10"},{"lineNumber":19,"author":{"gitId":"ixxeden"},"content":"        list.add(task2);","lastModifiedDate":"2023-04-10"},{"lineNumber":20,"author":{"gitId":"ixxeden"},"content":"        TaskList taskList \u003d new TaskList();","lastModifiedDate":"2023-04-10"},{"lineNumber":21,"author":{"gitId":"ixxeden"},"content":"        taskList.storeList(list);","lastModifiedDate":"2023-04-10"},{"lineNumber":22,"author":{"gitId":"ixxeden"},"content":"","lastModifiedDate":"2023-04-10"},{"lineNumber":23,"author":{"gitId":"ixxeden"},"content":"        assertEquals(\"Eat dinner\", taskList.getTask(0).getDescription());","lastModifiedDate":"2023-04-10"},{"lineNumber":24,"author":{"gitId":"ixxeden"},"content":"        assertEquals(\"Eat breakfast\", taskList.getTask(1).getDescription());","lastModifiedDate":"2023-04-10"},{"lineNumber":25,"author":{"gitId":"ixxeden"},"content":"    }","lastModifiedDate":"2023-04-10"},{"lineNumber":26,"author":{"gitId":"ixxeden"},"content":"}","lastModifiedDate":"2023-04-10"},{"lineNumber":27,"author":{"gitId":"ixxeden"},"content":"","lastModifiedDate":"2023-04-10"}],"authorContributionMap":{"ixxeden":27}},{"path":"src/test/java/duke/ParserTest.java","fileType":"java","lines":[{"lineNumber":1,"author":{"gitId":"ixxeden"},"content":"package duke;","lastModifiedDate":"2023-04-10"},{"lineNumber":2,"author":{"gitId":"ixxeden"},"content":"","lastModifiedDate":"2023-04-10"},{"lineNumber":3,"author":{"gitId":"ixxeden"},"content":"import duke.Parser.Parser;","lastModifiedDate":"2023-04-10"},{"lineNumber":4,"author":{"gitId":"ixxeden"},"content":"import duke.TasksType.Task;","lastModifiedDate":"2023-04-10"},{"lineNumber":5,"author":{"gitId":"ixxeden"},"content":"import org.junit.jupiter.api.Test;","lastModifiedDate":"2023-04-10"},{"lineNumber":6,"author":{"gitId":"ixxeden"},"content":"","lastModifiedDate":"2023-04-10"},{"lineNumber":7,"author":{"gitId":"ixxeden"},"content":"import java.util.ArrayList;","lastModifiedDate":"2023-04-10"},{"lineNumber":8,"author":{"gitId":"ixxeden"},"content":"","lastModifiedDate":"2023-04-10"},{"lineNumber":9,"author":{"gitId":"ixxeden"},"content":"import static org.junit.jupiter.api.Assertions.*;","lastModifiedDate":"2023-04-10"},{"lineNumber":10,"author":{"gitId":"ixxeden"},"content":"","lastModifiedDate":"2023-04-10"},{"lineNumber":11,"author":{"gitId":"ixxeden"},"content":"public class ParserTest {","lastModifiedDate":"2023-04-10"},{"lineNumber":12,"author":{"gitId":"ixxeden"},"content":"    @Test","lastModifiedDate":"2023-04-10"},{"lineNumber":13,"author":{"gitId":"ixxeden"},"content":"    public void unknownCommandGiven() {","lastModifiedDate":"2023-04-10"},{"lineNumber":14,"author":{"gitId":"ixxeden"},"content":"        ArrayList\u003cTask\u003e list \u003d new ArrayList\u003c\u003e();","lastModifiedDate":"2023-04-10"},{"lineNumber":15,"author":{"gitId":"ixxeden"},"content":"        Exception exception \u003d assertThrows(DukeException.class, () -\u003e {","lastModifiedDate":"2023-04-10"},{"lineNumber":16,"author":{"gitId":"ixxeden"},"content":"            Parser.validateQuestion(\"eventt\", list);","lastModifiedDate":"2023-04-10"},{"lineNumber":17,"author":{"gitId":"ixxeden"},"content":"        });","lastModifiedDate":"2023-04-10"},{"lineNumber":18,"author":{"gitId":"ixxeden"},"content":"","lastModifiedDate":"2023-04-10"},{"lineNumber":19,"author":{"gitId":"ixxeden"},"content":"        String expectedOutput \u003d \"☹ OOPS!!! I\u0027m sorry, but I don\u0027t know what that means :-(\";","lastModifiedDate":"2023-04-10"},{"lineNumber":20,"author":{"gitId":"ixxeden"},"content":"        String actualOutput \u003d exception.getMessage();","lastModifiedDate":"2023-04-10"},{"lineNumber":21,"author":{"gitId":"ixxeden"},"content":"","lastModifiedDate":"2023-04-10"},{"lineNumber":22,"author":{"gitId":"ixxeden"},"content":"        assertTrue(actualOutput.contains(expectedOutput));","lastModifiedDate":"2023-04-10"},{"lineNumber":23,"author":{"gitId":"ixxeden"},"content":"    }","lastModifiedDate":"2023-04-10"},{"lineNumber":24,"author":{"gitId":"ixxeden"},"content":"}","lastModifiedDate":"2023-04-10"}],"authorContributionMap":{"ixxeden":24}},{"path":"src/test/java/duke/TaskListTest.java","fileType":"java","lines":[{"lineNumber":1,"author":{"gitId":"ixxeden"},"content":"package duke;","lastModifiedDate":"2023-04-10"},{"lineNumber":2,"author":{"gitId":"ixxeden"},"content":"","lastModifiedDate":"2023-04-10"},{"lineNumber":3,"author":{"gitId":"ixxeden"},"content":"import duke.TaskList.TaskList;","lastModifiedDate":"2023-04-10"},{"lineNumber":4,"author":{"gitId":"ixxeden"},"content":"import duke.TasksType.Task;","lastModifiedDate":"2023-04-10"},{"lineNumber":5,"author":{"gitId":"ixxeden"},"content":"import org.junit.jupiter.api.Test;","lastModifiedDate":"2023-04-10"},{"lineNumber":6,"author":{"gitId":"ixxeden"},"content":"import duke.TasksType.Todo;","lastModifiedDate":"2023-04-10"},{"lineNumber":7,"author":{"gitId":"ixxeden"},"content":"import java.util.ArrayList;","lastModifiedDate":"2023-04-10"},{"lineNumber":8,"author":{"gitId":"ixxeden"},"content":"import static org.junit.jupiter.api.Assertions.assertEquals;","lastModifiedDate":"2023-04-10"},{"lineNumber":9,"author":{"gitId":"ixxeden"},"content":"","lastModifiedDate":"2023-04-10"},{"lineNumber":10,"author":{"gitId":"ixxeden"},"content":"public class TaskListTest {","lastModifiedDate":"2023-04-10"},{"lineNumber":11,"author":{"gitId":"ixxeden"},"content":"    @Test","lastModifiedDate":"2023-04-10"},{"lineNumber":12,"author":{"gitId":"ixxeden"},"content":"    public void changePriorityTest(){","lastModifiedDate":"2023-04-10"},{"lineNumber":13,"author":{"gitId":"ixxeden"},"content":"","lastModifiedDate":"2023-04-10"},{"lineNumber":14,"author":{"gitId":"ixxeden"},"content":"        ArrayList\u003cTask\u003e list \u003d new ArrayList\u003c\u003e();","lastModifiedDate":"2023-04-10"},{"lineNumber":15,"author":{"gitId":"ixxeden"},"content":"        Task task \u003d new Todo(\"Eat dinner\");","lastModifiedDate":"2023-04-10"},{"lineNumber":16,"author":{"gitId":"ixxeden"},"content":"        list.add(task);","lastModifiedDate":"2023-04-10"},{"lineNumber":17,"author":{"gitId":"ixxeden"},"content":"        TaskList taskList \u003d new TaskList();","lastModifiedDate":"2023-04-10"},{"lineNumber":18,"author":{"gitId":"ixxeden"},"content":"        taskList.storeList(list);","lastModifiedDate":"2023-04-10"},{"lineNumber":19,"author":{"gitId":"ixxeden"},"content":"        taskList.setPriority(0, Task.priorityLevel.High);","lastModifiedDate":"2023-04-10"},{"lineNumber":20,"author":{"gitId":"ixxeden"},"content":"","lastModifiedDate":"2023-04-10"},{"lineNumber":21,"author":{"gitId":"ixxeden"},"content":"        assertEquals(Task.priorityLevel.High, taskList.getTask(0).getPriorityLevel());","lastModifiedDate":"2023-04-10"},{"lineNumber":22,"author":{"gitId":"ixxeden"},"content":"    }","lastModifiedDate":"2023-04-10"},{"lineNumber":23,"author":{"gitId":"ixxeden"},"content":"}","lastModifiedDate":"2023-04-10"}],"authorContributionMap":{"ixxeden":23}},{"path":"src/test/java/duke/TodoText.java","fileType":"java","lines":[{"lineNumber":1,"author":{"gitId":"ixxeden"},"content":"package duke;","lastModifiedDate":"2023-04-10"},{"lineNumber":2,"author":{"gitId":"ixxeden"},"content":"","lastModifiedDate":"2023-04-10"},{"lineNumber":3,"author":{"gitId":"ixxeden"},"content":"","lastModifiedDate":"2023-04-10"},{"lineNumber":4,"author":{"gitId":"ixxeden"},"content":"import duke.TasksType.Task;","lastModifiedDate":"2023-04-10"},{"lineNumber":5,"author":{"gitId":"ixxeden"},"content":"import org.junit.jupiter.api.Test;","lastModifiedDate":"2023-04-10"},{"lineNumber":6,"author":{"gitId":"ixxeden"},"content":"import duke.TasksType.Todo;","lastModifiedDate":"2023-04-10"},{"lineNumber":7,"author":{"gitId":"ixxeden"},"content":"import static org.junit.jupiter.api.Assertions.assertEquals;","lastModifiedDate":"2023-04-10"},{"lineNumber":8,"author":{"gitId":"ixxeden"},"content":"","lastModifiedDate":"2023-04-10"},{"lineNumber":9,"author":{"gitId":"ixxeden"},"content":"public class TodoText {","lastModifiedDate":"2023-04-10"},{"lineNumber":10,"author":{"gitId":"ixxeden"},"content":"    @Test","lastModifiedDate":"2023-04-10"},{"lineNumber":11,"author":{"gitId":"ixxeden"},"content":"    public void validateTodoDescription(){","lastModifiedDate":"2023-04-10"},{"lineNumber":12,"author":{"gitId":"ixxeden"},"content":"        Task task \u003d new Todo(\"Eat lunch\");","lastModifiedDate":"2023-04-10"},{"lineNumber":13,"author":{"gitId":"ixxeden"},"content":"        assertEquals(\"Eat lunch\", task.getDescription());","lastModifiedDate":"2023-04-10"},{"lineNumber":14,"author":{"gitId":"ixxeden"},"content":"    }","lastModifiedDate":"2023-04-10"},{"lineNumber":15,"author":{"gitId":"ixxeden"},"content":"}","lastModifiedDate":"2023-04-10"}],"authorContributionMap":{"ixxeden":15}},{"path":"text-ui-test/runtest.bat","fileType":"bat","lines":[{"lineNumber":1,"author":{"gitId":"-"},"content":"@ECHO OFF","lastModifiedDate":"2020-05-25"},{"lineNumber":2,"author":{"gitId":"-"},"content":"","lastModifiedDate":"2020-05-25"},{"lineNumber":3,"author":{"gitId":"-"},"content":"REM create bin directory if it doesn\u0027t exist","lastModifiedDate":"2020-05-25"},{"lineNumber":4,"author":{"gitId":"-"},"content":"if not exist ..\\bin mkdir ..\\bin","lastModifiedDate":"2020-05-25"},{"lineNumber":5,"author":{"gitId":"-"},"content":"","lastModifiedDate":"2020-05-25"},{"lineNumber":6,"author":{"gitId":"-"},"content":"REM delete output from previous run","lastModifiedDate":"2020-05-25"},{"lineNumber":7,"author":{"gitId":"-"},"content":"if exist ACTUAL.TXT del ACTUAL.TXT","lastModifiedDate":"2020-08-25"},{"lineNumber":8,"author":{"gitId":"-"},"content":"","lastModifiedDate":"2020-05-25"},{"lineNumber":9,"author":{"gitId":"-"},"content":"REM compile the code into the bin folder","lastModifiedDate":"2020-05-25"},{"lineNumber":10,"author":{"gitId":"-"},"content":"javac  -cp ..\\src\\main\\java -Xlint:none -d ..\\bin ..\\src\\main\\java\\*.java","lastModifiedDate":"2020-08-25"},{"lineNumber":11,"author":{"gitId":"-"},"content":"IF ERRORLEVEL 1 (","lastModifiedDate":"2020-05-25"},{"lineNumber":12,"author":{"gitId":"-"},"content":"    echo ********** BUILD FAILURE **********","lastModifiedDate":"2020-05-25"},{"lineNumber":13,"author":{"gitId":"-"},"content":"    exit /b 1","lastModifiedDate":"2020-05-25"},{"lineNumber":14,"author":{"gitId":"-"},"content":")","lastModifiedDate":"2020-05-25"},{"lineNumber":15,"author":{"gitId":"-"},"content":"REM no error here, errorlevel \u003d\u003d 0","lastModifiedDate":"2020-05-25"},{"lineNumber":16,"author":{"gitId":"-"},"content":"","lastModifiedDate":"2020-05-25"},{"lineNumber":17,"author":{"gitId":"-"},"content":"REM run the program, feed commands from input.txt file and redirect the output to the ACTUAL.TXT","lastModifiedDate":"2020-05-25"},{"lineNumber":18,"author":{"gitId":"ixxeden"},"content":"java -classpath ..\\bin duke.Duke \u003c input.txt \u003e ACTUAL.TXT","lastModifiedDate":"2023-04-07"},{"lineNumber":19,"author":{"gitId":"-"},"content":"","lastModifiedDate":"2020-05-25"},{"lineNumber":20,"author":{"gitId":"-"},"content":"REM compare the output to the expected output","lastModifiedDate":"2020-05-25"},{"lineNumber":21,"author":{"gitId":"-"},"content":"FC ACTUAL.TXT EXPECTED.TXT","lastModifiedDate":"2020-05-25"}],"authorContributionMap":{"-":20,"ixxeden":1}}]
