[{"path":"src/main/java/Duke.java","fileType":"java","lines":[{"lineNumber":1,"author":{"gitId":"ixxeden"},"content":"import java.util.Scanner;","lastModifiedDate":"2023-02-08"},{"lineNumber":2,"author":{"gitId":"-"},"content":"public class Duke {","lastModifiedDate":"2019-07-29"},{"lineNumber":3,"author":{"gitId":"-"},"content":"    public static void main(String[] args) {","lastModifiedDate":"2019-07-29"},{"lineNumber":4,"author":{"gitId":"-"},"content":"        String logo \u003d \" ____        _        \\n\"","lastModifiedDate":"2019-07-29"},{"lineNumber":5,"author":{"gitId":"-"},"content":"                + \"|  _ \\\\ _   _| | _____ \\n\"","lastModifiedDate":"2019-07-29"},{"lineNumber":6,"author":{"gitId":"-"},"content":"                + \"| | | | | | | |/ / _ \\\\\\n\"","lastModifiedDate":"2019-07-29"},{"lineNumber":7,"author":{"gitId":"-"},"content":"                + \"| |_| | |_| |   \u003c  __/\\n\"","lastModifiedDate":"2019-07-29"},{"lineNumber":8,"author":{"gitId":"-"},"content":"                + \"|____/ \\\\__,_|_|\\\\_\\\\___|\\n\";","lastModifiedDate":"2019-07-29"},{"lineNumber":9,"author":{"gitId":"-"},"content":"        System.out.println(\"Hello from\\n\" + logo);","lastModifiedDate":"2019-07-29"},{"lineNumber":10,"author":{"gitId":"ixxeden"},"content":"        System.out.println(\"Hello! I\u0027m Duke\");","lastModifiedDate":"2023-02-08"},{"lineNumber":11,"author":{"gitId":"ixxeden"},"content":"        System.out.println(\"What can I do for you?\\n\");","lastModifiedDate":"2023-02-08"},{"lineNumber":12,"author":{"gitId":"ixxeden"},"content":"        boolean notBye \u003d false;","lastModifiedDate":"2023-02-08"},{"lineNumber":13,"author":{"gitId":"ixxeden"},"content":"        Scanner Obj \u003d new Scanner(System.in);","lastModifiedDate":"2023-02-08"},{"lineNumber":14,"author":{"gitId":"ixxeden"},"content":"        int stringIndex \u003d 0;","lastModifiedDate":"2023-02-08"},{"lineNumber":15,"author":{"gitId":"ixxeden"},"content":"        String[] list \u003d new String[100];","lastModifiedDate":"2023-02-08"},{"lineNumber":16,"author":{"gitId":"ixxeden"},"content":"        while (!notBye) {","lastModifiedDate":"2023-02-08"},{"lineNumber":17,"author":{"gitId":"ixxeden"},"content":"            String question \u003d Obj.nextLine();","lastModifiedDate":"2023-02-08"},{"lineNumber":18,"author":{"gitId":"ixxeden"},"content":"            if (question.equals(\"bye\")) { //if the input is bye then end the program","lastModifiedDate":"2023-02-08"},{"lineNumber":19,"author":{"gitId":"ixxeden"},"content":"                notBye \u003d true;","lastModifiedDate":"2023-02-08"},{"lineNumber":20,"author":{"gitId":"ixxeden"},"content":"                System.out.println(\"Bye. Hope to see you again soon!\");","lastModifiedDate":"2023-02-08"},{"lineNumber":21,"author":{"gitId":"ixxeden"},"content":"                return; // stop the program and not continue","lastModifiedDate":"2023-02-08"},{"lineNumber":22,"author":{"gitId":"ixxeden"},"content":"            }","lastModifiedDate":"2023-02-08"},{"lineNumber":23,"author":{"gitId":"ixxeden"},"content":"            else if (!question.equals(\"list\")){ //store the string except \"list\"","lastModifiedDate":"2023-02-08"},{"lineNumber":24,"author":{"gitId":"ixxeden"},"content":"                list[stringIndex] \u003d question;","lastModifiedDate":"2023-02-08"},{"lineNumber":25,"author":{"gitId":"ixxeden"},"content":"                stringIndex++;","lastModifiedDate":"2023-02-08"},{"lineNumber":26,"author":{"gitId":"ixxeden"},"content":"                System.out.println(\"added: \" + question);","lastModifiedDate":"2023-02-08"},{"lineNumber":27,"author":{"gitId":"ixxeden"},"content":"            }","lastModifiedDate":"2023-02-08"},{"lineNumber":28,"author":{"gitId":"ixxeden"},"content":"            else if (question.equals(\"list\")) { //loop to print out the items in list[]","lastModifiedDate":"2023-02-08"},{"lineNumber":29,"author":{"gitId":"ixxeden"},"content":"                for (int i \u003d 0; i \u003c stringIndex; i++) {","lastModifiedDate":"2023-02-08"},{"lineNumber":30,"author":{"gitId":"ixxeden"},"content":"                    System.out.println(i + 1 + \". \" + list[i]);","lastModifiedDate":"2023-02-08"},{"lineNumber":31,"author":{"gitId":"ixxeden"},"content":"                }","lastModifiedDate":"2023-02-08"},{"lineNumber":32,"author":{"gitId":"ixxeden"},"content":"            }","lastModifiedDate":"2023-02-08"},{"lineNumber":33,"author":{"gitId":"ixxeden"},"content":"        }","lastModifiedDate":"2023-02-08"},{"lineNumber":34,"author":{"gitId":"-"},"content":"    }","lastModifiedDate":"2019-07-29"},{"lineNumber":35,"author":{"gitId":"-"},"content":"}","lastModifiedDate":"2019-07-29"}],"authorContributionMap":{"-":10,"ixxeden":25}}]
