[{"path":"src/main/java/Deadline.java","fileType":"java","lines":[{"lineNumber":1,"author":{"gitId":"ixxeden"},"content":"public class Deadline extends Task","lastModifiedDate":"2023-04-02"},{"lineNumber":2,"author":{"gitId":"ixxeden"},"content":"{","lastModifiedDate":"2023-04-02"},{"lineNumber":3,"author":{"gitId":"ixxeden"},"content":"    protected String by;","lastModifiedDate":"2023-03-19"},{"lineNumber":4,"author":{"gitId":"ixxeden"},"content":"","lastModifiedDate":"2023-03-19"},{"lineNumber":5,"author":{"gitId":"ixxeden"},"content":"    public Deadline(String description, String by)","lastModifiedDate":"2023-04-02"},{"lineNumber":6,"author":{"gitId":"ixxeden"},"content":"    {","lastModifiedDate":"2023-04-02"},{"lineNumber":7,"author":{"gitId":"ixxeden"},"content":"        super(description);","lastModifiedDate":"2023-03-19"},{"lineNumber":8,"author":{"gitId":"ixxeden"},"content":"        this.by \u003d by;","lastModifiedDate":"2023-03-19"},{"lineNumber":9,"author":{"gitId":"ixxeden"},"content":"    }","lastModifiedDate":"2023-03-19"},{"lineNumber":10,"author":{"gitId":"ixxeden"},"content":"","lastModifiedDate":"2023-03-19"},{"lineNumber":11,"author":{"gitId":"ixxeden"},"content":"    @Override","lastModifiedDate":"2023-03-19"},{"lineNumber":12,"author":{"gitId":"ixxeden"},"content":"    public String toString()","lastModifiedDate":"2023-04-02"},{"lineNumber":13,"author":{"gitId":"ixxeden"},"content":"    {","lastModifiedDate":"2023-04-02"},{"lineNumber":14,"author":{"gitId":"ixxeden"},"content":"        return \"[D]\" + super.toString() + \" (by: \" + by + \")\";","lastModifiedDate":"2023-03-19"},{"lineNumber":15,"author":{"gitId":"ixxeden"},"content":"    }","lastModifiedDate":"2023-03-19"},{"lineNumber":16,"author":{"gitId":"ixxeden"},"content":"}","lastModifiedDate":"2023-03-19"}],"authorContributionMap":{"ixxeden":16}},{"path":"src/main/java/Duke.java","fileType":"java","lines":[{"lineNumber":1,"author":{"gitId":"ixxeden"},"content":"import java.util.Scanner;","lastModifiedDate":"2023-02-08"},{"lineNumber":2,"author":{"gitId":"ixxeden"},"content":"import java.util.ArrayList;","lastModifiedDate":"2023-03-30"},{"lineNumber":3,"author":{"gitId":"ixxeden"},"content":"","lastModifiedDate":"2023-03-17"},{"lineNumber":4,"author":{"gitId":"ixxeden"},"content":"////////////////////////////////////////////////////////////////////////////////////","lastModifiedDate":"2023-03-19"},{"lineNumber":5,"author":{"gitId":"ixxeden"},"content":"// Helper function to check is mark/unmark is a single word or with something behind","lastModifiedDate":"2023-03-19"},{"lineNumber":6,"author":{"gitId":"ixxeden"},"content":"public class Duke","lastModifiedDate":"2023-04-02"},{"lineNumber":7,"author":{"gitId":"ixxeden"},"content":"{","lastModifiedDate":"2023-04-02"},{"lineNumber":8,"author":{"gitId":"ixxeden"},"content":"    public static boolean checkMark(String input)","lastModifiedDate":"2023-03-30"},{"lineNumber":9,"author":{"gitId":"ixxeden"},"content":"    {","lastModifiedDate":"2023-03-30"},{"lineNumber":10,"author":{"gitId":"ixxeden"},"content":"        String[] splitted \u003d input.split(\" \");","lastModifiedDate":"2023-03-17"},{"lineNumber":11,"author":{"gitId":"ixxeden"},"content":"        return splitted.length \u003d\u003d 2;","lastModifiedDate":"2023-03-17"},{"lineNumber":12,"author":{"gitId":"ixxeden"},"content":"    }","lastModifiedDate":"2023-03-17"},{"lineNumber":13,"author":{"gitId":"ixxeden"},"content":"////////////////////////////////////////////////////////////////////////////////////","lastModifiedDate":"2023-03-19"},{"lineNumber":14,"author":{"gitId":"ixxeden"},"content":"","lastModifiedDate":"2023-03-19"},{"lineNumber":15,"author":{"gitId":"ixxeden"},"content":"    public static void validateQuestion(String input, ArrayList list) throws DukeException","lastModifiedDate":"2023-03-30"},{"lineNumber":16,"author":{"gitId":"ixxeden"},"content":"    {","lastModifiedDate":"2023-03-30"},{"lineNumber":17,"author":{"gitId":"ixxeden"},"content":"","lastModifiedDate":"2023-03-21"},{"lineNumber":18,"author":{"gitId":"ixxeden"},"content":"        String[] splitted \u003d input.split(\" \", 2);","lastModifiedDate":"2023-03-21"},{"lineNumber":19,"author":{"gitId":"ixxeden"},"content":"        if (!splitted[0].equalsIgnoreCase(\"bye\") \u0026\u0026 !splitted[0].equalsIgnoreCase(\"todo\") \u0026\u0026 !splitted[0].equalsIgnoreCase(\"deadline\") \u0026\u0026 !splitted[0].equalsIgnoreCase(\"event\") \u0026\u0026 !splitted[0].equalsIgnoreCase(\"list\") \u0026\u0026 !splitted[0].equalsIgnoreCase(\"mark\") \u0026\u0026 !splitted[0].equalsIgnoreCase(\"unmark\") \u0026\u0026 !splitted[0].equalsIgnoreCase(\"delete\"))","lastModifiedDate":"2023-04-02"},{"lineNumber":20,"author":{"gitId":"ixxeden"},"content":"        {","lastModifiedDate":"2023-03-30"},{"lineNumber":21,"author":{"gitId":"ixxeden"},"content":"            throw new DukeException(\"☹ OOPS!!! I\u0027m sorry, but I don\u0027t know what that means :-(\");","lastModifiedDate":"2023-03-21"},{"lineNumber":22,"author":{"gitId":"ixxeden"},"content":"        }","lastModifiedDate":"2023-03-21"},{"lineNumber":23,"author":{"gitId":"ixxeden"},"content":"        if (splitted.length \u003c 2 \u0026\u0026 !splitted[0].equalsIgnoreCase(\"list\"))","lastModifiedDate":"2023-03-30"},{"lineNumber":24,"author":{"gitId":"ixxeden"},"content":"        {","lastModifiedDate":"2023-03-30"},{"lineNumber":25,"author":{"gitId":"ixxeden"},"content":"            throw new DukeException(\"☹ OOPS!!! The description of a \" + splitted[0] + \" cannot be empty.\");","lastModifiedDate":"2023-03-21"},{"lineNumber":26,"author":{"gitId":"ixxeden"},"content":"        }","lastModifiedDate":"2023-03-21"},{"lineNumber":27,"author":{"gitId":"ixxeden"},"content":"        if (splitted[0].equalsIgnoreCase(\"mark\") || splitted[0].equalsIgnoreCase(\"unmark\"))","lastModifiedDate":"2023-03-30"},{"lineNumber":28,"author":{"gitId":"ixxeden"},"content":"        {","lastModifiedDate":"2023-03-30"},{"lineNumber":29,"author":{"gitId":"ixxeden"},"content":"            if ( Integer.parseInt(splitted[1]) \u003e list.size() )","lastModifiedDate":"2023-04-02"},{"lineNumber":30,"author":{"gitId":"ixxeden"},"content":"            {","lastModifiedDate":"2023-04-02"},{"lineNumber":31,"author":{"gitId":"ixxeden"},"content":"                throw new DukeException(\"☹ OOPS!!! Index is over the size of items in the list\");","lastModifiedDate":"2023-03-21"},{"lineNumber":32,"author":{"gitId":"ixxeden"},"content":"            }","lastModifiedDate":"2023-03-21"},{"lineNumber":33,"author":{"gitId":"ixxeden"},"content":"        }","lastModifiedDate":"2023-03-21"},{"lineNumber":34,"author":{"gitId":"ixxeden"},"content":"    }","lastModifiedDate":"2023-03-21"},{"lineNumber":35,"author":{"gitId":"ixxeden"},"content":"","lastModifiedDate":"2023-03-17"},{"lineNumber":36,"author":{"gitId":"ixxeden"},"content":"    public static void main(String[] args)","lastModifiedDate":"2023-03-30"},{"lineNumber":37,"author":{"gitId":"ixxeden"},"content":"    {","lastModifiedDate":"2023-03-30"},{"lineNumber":38,"author":{"gitId":"-"},"content":"        String logo \u003d \" ____        _        \\n\"","lastModifiedDate":"2019-07-29"},{"lineNumber":39,"author":{"gitId":"-"},"content":"                + \"|  _ \\\\ _   _| | _____ \\n\"","lastModifiedDate":"2019-07-29"},{"lineNumber":40,"author":{"gitId":"-"},"content":"                + \"| | | | | | | |/ / _ \\\\\\n\"","lastModifiedDate":"2019-07-29"},{"lineNumber":41,"author":{"gitId":"-"},"content":"                + \"| |_| | |_| |   \u003c  __/\\n\"","lastModifiedDate":"2019-07-29"},{"lineNumber":42,"author":{"gitId":"-"},"content":"                + \"|____/ \\\\__,_|_|\\\\_\\\\___|\\n\";","lastModifiedDate":"2019-07-29"},{"lineNumber":43,"author":{"gitId":"ixxeden"},"content":"","lastModifiedDate":"2023-03-17"},{"lineNumber":44,"author":{"gitId":"-"},"content":"        System.out.println(\"Hello from\\n\" + logo);","lastModifiedDate":"2019-07-29"},{"lineNumber":45,"author":{"gitId":"ixxeden"},"content":"        System.out.println(\"Hello! I\u0027m Duke\");","lastModifiedDate":"2023-02-08"},{"lineNumber":46,"author":{"gitId":"ixxeden"},"content":"        System.out.println(\"What can I do for you?\\n\");","lastModifiedDate":"2023-02-08"},{"lineNumber":47,"author":{"gitId":"ixxeden"},"content":"        boolean isBye \u003d false;","lastModifiedDate":"2023-03-30"},{"lineNumber":48,"author":{"gitId":"ixxeden"},"content":"        Scanner Obj \u003d new Scanner(System.in);","lastModifiedDate":"2023-02-08"},{"lineNumber":49,"author":{"gitId":"ixxeden"},"content":"        ArrayList\u003cTask\u003e list \u003d new ArrayList\u003cTask\u003e();","lastModifiedDate":"2023-03-30"},{"lineNumber":50,"author":{"gitId":"ixxeden"},"content":"","lastModifiedDate":"2023-03-17"},{"lineNumber":51,"author":{"gitId":"ixxeden"},"content":"        while (!isBye)","lastModifiedDate":"2023-03-30"},{"lineNumber":52,"author":{"gitId":"ixxeden"},"content":"        {","lastModifiedDate":"2023-03-30"},{"lineNumber":53,"author":{"gitId":"ixxeden"},"content":"            String question \u003d Obj.nextLine();","lastModifiedDate":"2023-02-08"},{"lineNumber":54,"author":{"gitId":"ixxeden"},"content":"","lastModifiedDate":"2023-03-17"},{"lineNumber":55,"author":{"gitId":"ixxeden"},"content":"            if (question.equalsIgnoreCase(\"bye\"))","lastModifiedDate":"2023-04-02"},{"lineNumber":56,"author":{"gitId":"ixxeden"},"content":"            { //if the input is bye then end the program","lastModifiedDate":"2023-03-30"},{"lineNumber":57,"author":{"gitId":"ixxeden"},"content":"                isBye \u003d true;","lastModifiedDate":"2023-03-30"},{"lineNumber":58,"author":{"gitId":"ixxeden"},"content":"                System.out.println(\"Bye. Hope to see you again soon!\");","lastModifiedDate":"2023-02-08"},{"lineNumber":59,"author":{"gitId":"ixxeden"},"content":"                continue;","lastModifiedDate":"2023-03-19"},{"lineNumber":60,"author":{"gitId":"ixxeden"},"content":"            }","lastModifiedDate":"2023-02-08"},{"lineNumber":61,"author":{"gitId":"ixxeden"},"content":"","lastModifiedDate":"2023-03-17"},{"lineNumber":62,"author":{"gitId":"ixxeden"},"content":"            if (question.equalsIgnoreCase(\"list\"))","lastModifiedDate":"2023-04-02"},{"lineNumber":63,"author":{"gitId":"ixxeden"},"content":"            { //loop to print out the items in list[]","lastModifiedDate":"2023-03-30"},{"lineNumber":64,"author":{"gitId":"ixxeden"},"content":"                System.out.println(\"________________________________________________\");","lastModifiedDate":"2023-03-21"},{"lineNumber":65,"author":{"gitId":"ixxeden"},"content":"                System.out.println(\"Here are the tasks in your list:\");","lastModifiedDate":"2023-03-21"},{"lineNumber":66,"author":{"gitId":"ixxeden"},"content":"                for (int i \u003d 0; i \u003c list.size(); i++) {","lastModifiedDate":"2023-03-30"},{"lineNumber":67,"author":{"gitId":"ixxeden"},"content":"                    System.out.println(i + 1 + \". \" + list.get(i).toString());","lastModifiedDate":"2023-03-30"},{"lineNumber":68,"author":{"gitId":"ixxeden"},"content":"                }","lastModifiedDate":"2023-03-21"},{"lineNumber":69,"author":{"gitId":"ixxeden"},"content":"                System.out.println(\"________________________________________________\");","lastModifiedDate":"2023-03-21"},{"lineNumber":70,"author":{"gitId":"ixxeden"},"content":"                continue;","lastModifiedDate":"2023-03-21"},{"lineNumber":71,"author":{"gitId":"ixxeden"},"content":"            }","lastModifiedDate":"2023-03-21"},{"lineNumber":72,"author":{"gitId":"ixxeden"},"content":"","lastModifiedDate":"2023-03-21"},{"lineNumber":73,"author":{"gitId":"ixxeden"},"content":"            try","lastModifiedDate":"2023-03-21"},{"lineNumber":74,"author":{"gitId":"ixxeden"},"content":"            {","lastModifiedDate":"2023-03-21"},{"lineNumber":75,"author":{"gitId":"ixxeden"},"content":"                validateQuestion(question, list);","lastModifiedDate":"2023-03-21"},{"lineNumber":76,"author":{"gitId":"ixxeden"},"content":"            }","lastModifiedDate":"2023-03-21"},{"lineNumber":77,"author":{"gitId":"ixxeden"},"content":"            catch(DukeException error)","lastModifiedDate":"2023-03-21"},{"lineNumber":78,"author":{"gitId":"ixxeden"},"content":"            {","lastModifiedDate":"2023-03-21"},{"lineNumber":79,"author":{"gitId":"ixxeden"},"content":"                System.out.println(error);","lastModifiedDate":"2023-03-21"},{"lineNumber":80,"author":{"gitId":"ixxeden"},"content":"                continue;","lastModifiedDate":"2023-03-21"},{"lineNumber":81,"author":{"gitId":"ixxeden"},"content":"            }","lastModifiedDate":"2023-03-21"},{"lineNumber":82,"author":{"gitId":"ixxeden"},"content":"","lastModifiedDate":"2023-03-21"},{"lineNumber":83,"author":{"gitId":"ixxeden"},"content":"            if (question.contains(\"mark\"))","lastModifiedDate":"2023-03-30"},{"lineNumber":84,"author":{"gitId":"ixxeden"},"content":"            {","lastModifiedDate":"2023-03-30"},{"lineNumber":85,"author":{"gitId":"ixxeden"},"content":"                if (checkMark(question))","lastModifiedDate":"2023-04-02"},{"lineNumber":86,"author":{"gitId":"ixxeden"},"content":"                {","lastModifiedDate":"2023-04-02"},{"lineNumber":87,"author":{"gitId":"ixxeden"},"content":"                    String[] splitted \u003d question.split(\" \");","lastModifiedDate":"2023-03-17"},{"lineNumber":88,"author":{"gitId":"ixxeden"},"content":"","lastModifiedDate":"2023-04-02"},{"lineNumber":89,"author":{"gitId":"ixxeden"},"content":"                    if (question.contains(\"unmark\"))","lastModifiedDate":"2023-04-02"},{"lineNumber":90,"author":{"gitId":"ixxeden"},"content":"                    {","lastModifiedDate":"2023-04-02"},{"lineNumber":91,"author":{"gitId":"ixxeden"},"content":"                        list.get(Integer.parseInt(splitted[1]) - 1).markAsNotDone();","lastModifiedDate":"2023-03-30"},{"lineNumber":92,"author":{"gitId":"ixxeden"},"content":"                        continue;","lastModifiedDate":"2023-03-17"},{"lineNumber":93,"author":{"gitId":"ixxeden"},"content":"                    }","lastModifiedDate":"2023-03-17"},{"lineNumber":94,"author":{"gitId":"ixxeden"},"content":"                    else","lastModifiedDate":"2023-04-02"},{"lineNumber":95,"author":{"gitId":"ixxeden"},"content":"                    {","lastModifiedDate":"2023-04-02"},{"lineNumber":96,"author":{"gitId":"ixxeden"},"content":"                        list.get(Integer.parseInt(splitted[1]) - 1).markAsDone();","lastModifiedDate":"2023-03-30"},{"lineNumber":97,"author":{"gitId":"ixxeden"},"content":"                        continue;","lastModifiedDate":"2023-03-17"},{"lineNumber":98,"author":{"gitId":"ixxeden"},"content":"                    }","lastModifiedDate":"2023-03-17"},{"lineNumber":99,"author":{"gitId":"ixxeden"},"content":"                }","lastModifiedDate":"2023-02-08"},{"lineNumber":100,"author":{"gitId":"ixxeden"},"content":"            }","lastModifiedDate":"2023-02-08"},{"lineNumber":101,"author":{"gitId":"ixxeden"},"content":"","lastModifiedDate":"2023-03-17"},{"lineNumber":102,"author":{"gitId":"ixxeden"},"content":"            else","lastModifiedDate":"2023-04-02"},{"lineNumber":103,"author":{"gitId":"ixxeden"},"content":"            {","lastModifiedDate":"2023-04-02"},{"lineNumber":104,"author":{"gitId":"ixxeden"},"content":"                String[] splitted \u003d question.split(\" \", 2);","lastModifiedDate":"2023-03-19"},{"lineNumber":105,"author":{"gitId":"ixxeden"},"content":"","lastModifiedDate":"2023-03-19"},{"lineNumber":106,"author":{"gitId":"ixxeden"},"content":"                //catch for \"to-do\"","lastModifiedDate":"2023-03-19"},{"lineNumber":107,"author":{"gitId":"ixxeden"},"content":"                if (splitted[0].equalsIgnoreCase(\"todo\"))","lastModifiedDate":"2023-03-30"},{"lineNumber":108,"author":{"gitId":"ixxeden"},"content":"                {","lastModifiedDate":"2023-03-30"},{"lineNumber":109,"author":{"gitId":"ixxeden"},"content":"                    Todo td  \u003d new Todo(splitted[1]);","lastModifiedDate":"2023-03-19"},{"lineNumber":110,"author":{"gitId":"ixxeden"},"content":"                    list.add(td);","lastModifiedDate":"2023-03-30"},{"lineNumber":111,"author":{"gitId":"ixxeden"},"content":"                    System.out.println(\"Got it. I\u0027ve added this task:\");","lastModifiedDate":"2023-03-19"},{"lineNumber":112,"author":{"gitId":"ixxeden"},"content":"                    System.out.println(td);","lastModifiedDate":"2023-03-19"},{"lineNumber":113,"author":{"gitId":"ixxeden"},"content":"                }","lastModifiedDate":"2023-03-19"},{"lineNumber":114,"author":{"gitId":"ixxeden"},"content":"","lastModifiedDate":"2023-03-19"},{"lineNumber":115,"author":{"gitId":"ixxeden"},"content":"                //catch for \"deadline\"","lastModifiedDate":"2023-03-19"},{"lineNumber":116,"author":{"gitId":"ixxeden"},"content":"                else if (splitted[0].equalsIgnoreCase(\"deadline\"))","lastModifiedDate":"2023-03-30"},{"lineNumber":117,"author":{"gitId":"ixxeden"},"content":"                {","lastModifiedDate":"2023-03-30"},{"lineNumber":118,"author":{"gitId":"ixxeden"},"content":"                    String[] deadlineSplit \u003d splitted[1].split(\"/by\");","lastModifiedDate":"2023-03-19"},{"lineNumber":119,"author":{"gitId":"ixxeden"},"content":"                    Deadline dl \u003d new Deadline(deadlineSplit[0], deadlineSplit[1]);","lastModifiedDate":"2023-03-19"},{"lineNumber":120,"author":{"gitId":"ixxeden"},"content":"                    list.add(dl);","lastModifiedDate":"2023-03-30"},{"lineNumber":121,"author":{"gitId":"ixxeden"},"content":"                    System.out.println(\"Got it. I\u0027ve added this task:\");","lastModifiedDate":"2023-03-19"},{"lineNumber":122,"author":{"gitId":"ixxeden"},"content":"                    System.out.println(dl);","lastModifiedDate":"2023-03-19"},{"lineNumber":123,"author":{"gitId":"ixxeden"},"content":"                }","lastModifiedDate":"2023-03-19"},{"lineNumber":124,"author":{"gitId":"ixxeden"},"content":"","lastModifiedDate":"2023-03-19"},{"lineNumber":125,"author":{"gitId":"ixxeden"},"content":"                //catch for \"event\"","lastModifiedDate":"2023-03-19"},{"lineNumber":126,"author":{"gitId":"ixxeden"},"content":"                else if (splitted[0].equalsIgnoreCase(\"event\"))","lastModifiedDate":"2023-03-30"},{"lineNumber":127,"author":{"gitId":"ixxeden"},"content":"                {","lastModifiedDate":"2023-03-30"},{"lineNumber":128,"author":{"gitId":"ixxeden"},"content":"                    String[] eventSplit \u003d splitted[1].split(\"/from\");","lastModifiedDate":"2023-03-19"},{"lineNumber":129,"author":{"gitId":"ixxeden"},"content":"                    String[] eventSplitAgain \u003d eventSplit[1].split(\"/to\");","lastModifiedDate":"2023-03-19"},{"lineNumber":130,"author":{"gitId":"ixxeden"},"content":"                    Event ev \u003d new Event(eventSplit[0], eventSplitAgain[0], eventSplitAgain[1]);","lastModifiedDate":"2023-03-19"},{"lineNumber":131,"author":{"gitId":"ixxeden"},"content":"                    list.add(ev);","lastModifiedDate":"2023-03-30"},{"lineNumber":132,"author":{"gitId":"ixxeden"},"content":"                    System.out.println(\"Got it. I\u0027ve added this task:\");","lastModifiedDate":"2023-03-19"},{"lineNumber":133,"author":{"gitId":"ixxeden"},"content":"                    System.out.println(ev);","lastModifiedDate":"2023-03-19"},{"lineNumber":134,"author":{"gitId":"ixxeden"},"content":"                }","lastModifiedDate":"2023-03-19"},{"lineNumber":135,"author":{"gitId":"ixxeden"},"content":"                //catch for delete","lastModifiedDate":"2023-03-30"},{"lineNumber":136,"author":{"gitId":"ixxeden"},"content":"                else if (splitted[0].equalsIgnoreCase(\"delete\"))","lastModifiedDate":"2023-03-30"},{"lineNumber":137,"author":{"gitId":"ixxeden"},"content":"                {","lastModifiedDate":"2023-03-30"},{"lineNumber":138,"author":{"gitId":"ixxeden"},"content":"                    Task toDelete \u003d list.get(Integer.parseInt(splitted[1]) - 1);","lastModifiedDate":"2023-03-30"},{"lineNumber":139,"author":{"gitId":"ixxeden"},"content":"                    list.remove(Integer.parseInt(splitted[1]) - 1);","lastModifiedDate":"2023-03-30"},{"lineNumber":140,"author":{"gitId":"ixxeden"},"content":"                    System.out.println(\"Noted. I\u0027ve removed this task:\");","lastModifiedDate":"2023-03-30"},{"lineNumber":141,"author":{"gitId":"ixxeden"},"content":"                    System.out.println(toDelete);","lastModifiedDate":"2023-03-30"},{"lineNumber":142,"author":{"gitId":"ixxeden"},"content":"                }","lastModifiedDate":"2023-03-30"},{"lineNumber":143,"author":{"gitId":"ixxeden"},"content":"                else","lastModifiedDate":"2023-03-30"},{"lineNumber":144,"author":{"gitId":"ixxeden"},"content":"                {","lastModifiedDate":"2023-03-30"},{"lineNumber":145,"author":{"gitId":"ixxeden"},"content":"                    System.out.println(\"Task not recognised\");","lastModifiedDate":"2023-03-19"},{"lineNumber":146,"author":{"gitId":"ixxeden"},"content":"                }","lastModifiedDate":"2023-03-19"},{"lineNumber":147,"author":{"gitId":"ixxeden"},"content":"            }","lastModifiedDate":"2023-02-08"},{"lineNumber":148,"author":{"gitId":"ixxeden"},"content":"        }","lastModifiedDate":"2023-02-08"},{"lineNumber":149,"author":{"gitId":"-"},"content":"    }","lastModifiedDate":"2019-07-29"},{"lineNumber":150,"author":{"gitId":"-"},"content":"}","lastModifiedDate":"2019-07-29"}],"authorContributionMap":{"-":8,"ixxeden":142}},{"path":"src/main/java/DukeException.java","fileType":"java","lines":[{"lineNumber":1,"author":{"gitId":"ixxeden"},"content":"public class DukeException extends Exception","lastModifiedDate":"2023-04-02"},{"lineNumber":2,"author":{"gitId":"ixxeden"},"content":"{","lastModifiedDate":"2023-04-02"},{"lineNumber":3,"author":{"gitId":"ixxeden"},"content":"    public DukeException(String errorQuestion)","lastModifiedDate":"2023-04-02"},{"lineNumber":4,"author":{"gitId":"ixxeden"},"content":"    {","lastModifiedDate":"2023-04-02"},{"lineNumber":5,"author":{"gitId":"ixxeden"},"content":"        super(errorQuestion);","lastModifiedDate":"2023-03-21"},{"lineNumber":6,"author":{"gitId":"ixxeden"},"content":"    }","lastModifiedDate":"2023-03-21"},{"lineNumber":7,"author":{"gitId":"ixxeden"},"content":"}","lastModifiedDate":"2023-03-21"}],"authorContributionMap":{"ixxeden":7}},{"path":"src/main/java/Event.java","fileType":"java","lines":[{"lineNumber":1,"author":{"gitId":"ixxeden"},"content":"public class Event extends Task","lastModifiedDate":"2023-04-02"},{"lineNumber":2,"author":{"gitId":"ixxeden"},"content":"{","lastModifiedDate":"2023-04-02"},{"lineNumber":3,"author":{"gitId":"ixxeden"},"content":"    protected String from;","lastModifiedDate":"2023-03-19"},{"lineNumber":4,"author":{"gitId":"ixxeden"},"content":"    protected String to;","lastModifiedDate":"2023-03-19"},{"lineNumber":5,"author":{"gitId":"ixxeden"},"content":"    public Event(String description, String from, String to)","lastModifiedDate":"2023-04-02"},{"lineNumber":6,"author":{"gitId":"ixxeden"},"content":"    {","lastModifiedDate":"2023-04-02"},{"lineNumber":7,"author":{"gitId":"ixxeden"},"content":"        super(description);","lastModifiedDate":"2023-03-19"},{"lineNumber":8,"author":{"gitId":"ixxeden"},"content":"        this.from \u003d from;","lastModifiedDate":"2023-03-19"},{"lineNumber":9,"author":{"gitId":"ixxeden"},"content":"        this.to \u003d to;","lastModifiedDate":"2023-03-19"},{"lineNumber":10,"author":{"gitId":"ixxeden"},"content":"    }","lastModifiedDate":"2023-03-19"},{"lineNumber":11,"author":{"gitId":"ixxeden"},"content":"","lastModifiedDate":"2023-03-19"},{"lineNumber":12,"author":{"gitId":"ixxeden"},"content":"    @Override","lastModifiedDate":"2023-03-19"},{"lineNumber":13,"author":{"gitId":"ixxeden"},"content":"    public String toString()","lastModifiedDate":"2023-04-02"},{"lineNumber":14,"author":{"gitId":"ixxeden"},"content":"    {","lastModifiedDate":"2023-04-02"},{"lineNumber":15,"author":{"gitId":"ixxeden"},"content":"        return \"[E]\" + super.toString() + \" (from: \" + from + \" to: \" + to + \")\";","lastModifiedDate":"2023-03-19"},{"lineNumber":16,"author":{"gitId":"ixxeden"},"content":"    }","lastModifiedDate":"2023-03-19"},{"lineNumber":17,"author":{"gitId":"ixxeden"},"content":"}","lastModifiedDate":"2023-03-19"}],"authorContributionMap":{"ixxeden":17}},{"path":"src/main/java/Task.java","fileType":"java","lines":[{"lineNumber":1,"author":{"gitId":"ixxeden"},"content":"public class Task","lastModifiedDate":"2023-04-02"},{"lineNumber":2,"author":{"gitId":"ixxeden"},"content":"{","lastModifiedDate":"2023-04-02"},{"lineNumber":3,"author":{"gitId":"ixxeden"},"content":"    protected String description;","lastModifiedDate":"2023-03-17"},{"lineNumber":4,"author":{"gitId":"ixxeden"},"content":"    protected boolean isDone;","lastModifiedDate":"2023-03-17"},{"lineNumber":5,"author":{"gitId":"ixxeden"},"content":"","lastModifiedDate":"2023-03-17"},{"lineNumber":6,"author":{"gitId":"ixxeden"},"content":"    public Task(String description)","lastModifiedDate":"2023-04-02"},{"lineNumber":7,"author":{"gitId":"ixxeden"},"content":"    {","lastModifiedDate":"2023-04-02"},{"lineNumber":8,"author":{"gitId":"ixxeden"},"content":"        this.description \u003d description;","lastModifiedDate":"2023-03-17"},{"lineNumber":9,"author":{"gitId":"ixxeden"},"content":"        this.isDone \u003d false;","lastModifiedDate":"2023-03-17"},{"lineNumber":10,"author":{"gitId":"ixxeden"},"content":"    }","lastModifiedDate":"2023-03-17"},{"lineNumber":11,"author":{"gitId":"ixxeden"},"content":"","lastModifiedDate":"2023-03-17"},{"lineNumber":12,"author":{"gitId":"ixxeden"},"content":"    public void markAsDone()","lastModifiedDate":"2023-04-02"},{"lineNumber":13,"author":{"gitId":"ixxeden"},"content":"    {","lastModifiedDate":"2023-04-02"},{"lineNumber":14,"author":{"gitId":"ixxeden"},"content":"        this.isDone \u003d true;","lastModifiedDate":"2023-03-17"},{"lineNumber":15,"author":{"gitId":"ixxeden"},"content":"    }","lastModifiedDate":"2023-03-17"},{"lineNumber":16,"author":{"gitId":"ixxeden"},"content":"    public void markAsNotDone()","lastModifiedDate":"2023-04-02"},{"lineNumber":17,"author":{"gitId":"ixxeden"},"content":"    {","lastModifiedDate":"2023-04-02"},{"lineNumber":18,"author":{"gitId":"ixxeden"},"content":"        this.isDone \u003d false;","lastModifiedDate":"2023-03-17"},{"lineNumber":19,"author":{"gitId":"ixxeden"},"content":"    }","lastModifiedDate":"2023-03-17"},{"lineNumber":20,"author":{"gitId":"ixxeden"},"content":"    public String getStatusIcon()","lastModifiedDate":"2023-04-02"},{"lineNumber":21,"author":{"gitId":"ixxeden"},"content":"    {","lastModifiedDate":"2023-04-02"},{"lineNumber":22,"author":{"gitId":"ixxeden"},"content":"        return (isDone ? \"X\" : \" \"); // mark done task with X","lastModifiedDate":"2023-03-17"},{"lineNumber":23,"author":{"gitId":"ixxeden"},"content":"    }","lastModifiedDate":"2023-03-17"},{"lineNumber":24,"author":{"gitId":"ixxeden"},"content":"","lastModifiedDate":"2023-03-19"},{"lineNumber":25,"author":{"gitId":"ixxeden"},"content":"    @Override","lastModifiedDate":"2023-03-19"},{"lineNumber":26,"author":{"gitId":"ixxeden"},"content":"    public String toString()","lastModifiedDate":"2023-04-02"},{"lineNumber":27,"author":{"gitId":"ixxeden"},"content":"    {","lastModifiedDate":"2023-04-02"},{"lineNumber":28,"author":{"gitId":"ixxeden"},"content":"        return \"[\" + this.getStatusIcon() + \"] \" + this.description;","lastModifiedDate":"2023-03-19"},{"lineNumber":29,"author":{"gitId":"ixxeden"},"content":"    }","lastModifiedDate":"2023-03-19"},{"lineNumber":30,"author":{"gitId":"ixxeden"},"content":"}","lastModifiedDate":"2023-03-17"}],"authorContributionMap":{"ixxeden":30}},{"path":"src/main/java/Todo.java","fileType":"java","lines":[{"lineNumber":1,"author":{"gitId":"ixxeden"},"content":"public class Todo extends Task","lastModifiedDate":"2023-04-02"},{"lineNumber":2,"author":{"gitId":"ixxeden"},"content":"{","lastModifiedDate":"2023-04-02"},{"lineNumber":3,"author":{"gitId":"ixxeden"},"content":"     public Todo(String description)","lastModifiedDate":"2023-04-02"},{"lineNumber":4,"author":{"gitId":"ixxeden"},"content":"     {","lastModifiedDate":"2023-04-02"},{"lineNumber":5,"author":{"gitId":"ixxeden"},"content":"        super(description);","lastModifiedDate":"2023-03-19"},{"lineNumber":6,"author":{"gitId":"ixxeden"},"content":"     }","lastModifiedDate":"2023-03-19"},{"lineNumber":7,"author":{"gitId":"ixxeden"},"content":"    @Override","lastModifiedDate":"2023-03-19"},{"lineNumber":8,"author":{"gitId":"ixxeden"},"content":"    public String toString()","lastModifiedDate":"2023-04-02"},{"lineNumber":9,"author":{"gitId":"ixxeden"},"content":"    {","lastModifiedDate":"2023-04-02"},{"lineNumber":10,"author":{"gitId":"ixxeden"},"content":"        return \"[T]\" + super.toString();","lastModifiedDate":"2023-03-19"},{"lineNumber":11,"author":{"gitId":"ixxeden"},"content":"    }","lastModifiedDate":"2023-03-19"},{"lineNumber":12,"author":{"gitId":"ixxeden"},"content":"}","lastModifiedDate":"2023-03-19"}],"authorContributionMap":{"ixxeden":12}}]
