{"authorDailyContributionsMap":{"ixxeden":[{"date":"2023-02-08","commitResults":[{"hash":"51f93a2486ddf1843e7f1bc98391cd96b241a971","isMergeCommit":false,"messageTitle":"Level 1","messageBody":"","fileTypesAndContributionMap":{"java":{"insertions":18,"deletions":0}}},{"hash":"b45c7886d22477633363963a980aee5cb160d4ff","isMergeCommit":false,"messageTitle":"Level 1","messageBody":"","fileTypesAndContributionMap":{"java":{"insertions":1,"deletions":0}}},{"hash":"f9e8217f91e1af99de5d2b204f454f2cee1202c0","isMergeCommit":false,"messageTitle":"Level 1","messageBody":"","fileTypesAndContributionMap":{"java":{"insertions":0,"deletions":1}}},{"hash":"196c31990d9dddaed382f580e8b5e117c4a824a8","isMergeCommit":false,"messageTitle":"Level 2","messageBody":"","fileTypesAndContributionMap":{"java":{"insertions":13,"deletions":4}}},{"hash":"aeda9af9b26e16bbaf623216455b13b8b0a144ad","isMergeCommit":false,"messageTitle":"Level 2","messageBody":"","fileTypesAndContributionMap":{"java":{"insertions":3,"deletions":5}}}]},{"date":"2023-03-17","commitResults":[{"hash":"7c00a33f150c9ee4dd65f86e21932e24960c7d3e","isMergeCommit":false,"messageTitle":"Level 2","messageBody":"","fileTypesAndContributionMap":{"java":{"insertions":59,"deletions":12}}},{"hash":"5a6ce7ac94aeb4de4b4f27b9d5c838ba2022824a","isMergeCommit":false,"messageTitle":"Level 2","messageBody":"","fileTypesAndContributionMap":{"java":{"insertions":1,"deletions":0}}},{"hash":"836e102b0aadcab9cf19b0994a96fd6249e8b414","isMergeCommit":false,"messageTitle":"Level 2","messageBody":"","fileTypesAndContributionMap":{"java":{"insertions":4,"deletions":5}}},{"hash":"91b4a1500d72c7457c4b415658586102065f9834","isMergeCommit":false,"messageTitle":"Level 2","messageBody":"","fileTypesAndContributionMap":{"java":{"insertions":0,"deletions":1}}},{"hash":"e455fdb56d8288853c59e0c79d2d67e83f81231e","isMergeCommit":false,"messageTitle":"Level 3","messageBody":"","fileTypesAndContributionMap":{"java":{"insertions":1,"deletions":0}}},{"hash":"683738181ea5e30d80dcb46352fcc8201115cb0d","isMergeCommit":false,"messageTitle":"Level 3","messageBody":"","fileTypesAndContributionMap":{"java":{"insertions":1,"deletions":1}}}]},{"date":"2023-03-19","commitResults":[{"hash":"99ad861c54225a48f9d5f1ee6f8751119e527c54","isMergeCommit":false,"messageTitle":"Level 4","messageBody":"","fileTypesAndContributionMap":{"java":{"insertions":91,"deletions":7}}}]},{"date":"2023-03-21","commitResults":[{"hash":"8a2a8e2a7e8f8451629c4261fb51c42c66020179","isMergeCommit":false,"messageTitle":"Level 5","messageBody":"","fileTypesAndContributionMap":{"java":{"insertions":51,"deletions":8}}}]},{"date":"2023-03-30","commitResults":[{"hash":"2492f5032b47fd870aafdd490dcd54ca4d8140ed","isMergeCommit":false,"messageTitle":"Level 6","messageBody":"","fileTypesAndContributionMap":{"java":{"insertions":53,"deletions":35}}}]},{"date":"2023-04-02","commitResults":[{"hash":"c5479c7b04939477a890a2d1ad0f21d31360501e","isMergeCommit":false,"messageTitle":"Level 6 amended","messageBody":"","fileTypesAndContributionMap":{"java":{"insertions":51,"deletions":46}}}]},{"date":"2023-04-03","commitResults":[{"hash":"fa423b63343dec8117fe4529dc209d3aec4dbf18","isMergeCommit":false,"messageTitle":"Level 6 amended","messageBody":"","fileTypesAndContributionMap":{"java":{"insertions":60,"deletions":48}}},{"hash":"4520039acc85080ec2e030a741e897f6f8a529d5","isMergeCommit":false,"messageTitle":"Level 6 amended","messageBody":"","fileTypesAndContributionMap":{"java":{"insertions":0,"deletions":1}}},{"hash":"77b4f90d83188349b2815b88bd2f3ff8085492a2","isMergeCommit":true,"messageTitle":"Merge remote-tracking branch \u0027origin/master\u0027","messageBody":"# Conflicts:\n#\tsrc/main/java/Duke.java\n","fileTypesAndContributionMap":{}},{"hash":"94ce99991df75001fb040e5b4c99546779761491","isMergeCommit":false,"messageTitle":"Level 6 3rd apr","messageBody":"","fileTypesAndContributionMap":{"java":{"insertions":0,"deletions":1}}}]},{"date":"2023-04-07","commitResults":[{"hash":"a1c91eb0cc31a906a457af6ab3d65d181f52b4f0","isMergeCommit":false,"messageTitle":"Level 7 partial 7th apr","messageBody":"","fileTypesAndContributionMap":{"java":{"insertions":463,"deletions":157},"bat":{"insertions":1,"deletions":1},"md":{"insertions":2,"deletions":2}}}]},{"date":"2023-04-08","commitResults":[{"hash":"ef2ee5ac05bbb9d7bb2ac9b7a699b7a818c409e4","isMergeCommit":false,"messageTitle":"Level 7 complete 7th apr","messageBody":"","fileTypesAndContributionMap":{"txt":{"insertions":9,"deletions":0},"java":{"insertions":171,"deletions":309}}},{"hash":"29730fa7d19499d5ee41b6e8130fa4cdf8b96b1b","isMergeCommit":false,"messageTitle":"Level 7 complete 7th apr","messageBody":"","fileTypesAndContributionMap":{"java":{"insertions":16,"deletions":16}}},{"hash":"8fa5f1dea90b40c2831916e4ea3a374f52df66ca","isMergeCommit":false,"messageTitle":"Level 7 complete 7th apr","messageBody":"","fileTypesAndContributionMap":{"txt":{"insertions":2,"deletions":2},"java":{"insertions":15,"deletions":9}}}]}]},"authorFileTypeContributionMap":{"ixxeden":{"java":411,"md":2,"fxml":0,"sh":0,"bat":1,"gradle":0,"txt":9}},"authorContributionVariance":{"ixxeden":7895.161},"authorDisplayNameMap":{"ixxeden":"LIAO..LVIN"}}
