{"authorDailyContributionsMap":{"ixxeden":[{"date":"2023-02-08","commitResults":[{"hash":"51f93a2486ddf1843e7f1bc98391cd96b241a971","isMergeCommit":false,"messageTitle":"Level 1","messageBody":"","fileTypesAndContributionMap":{"java":{"insertions":18,"deletions":0}}},{"hash":"b45c7886d22477633363963a980aee5cb160d4ff","isMergeCommit":false,"messageTitle":"Level 1","messageBody":"","fileTypesAndContributionMap":{"java":{"insertions":1,"deletions":0}}},{"hash":"f9e8217f91e1af99de5d2b204f454f2cee1202c0","isMergeCommit":false,"messageTitle":"Level 1","messageBody":"","fileTypesAndContributionMap":{"java":{"insertions":0,"deletions":1}}},{"hash":"196c31990d9dddaed382f580e8b5e117c4a824a8","isMergeCommit":false,"messageTitle":"Level 2","messageBody":"","fileTypesAndContributionMap":{"java":{"insertions":13,"deletions":4}}},{"hash":"aeda9af9b26e16bbaf623216455b13b8b0a144ad","isMergeCommit":false,"messageTitle":"Level 2","messageBody":"","fileTypesAndContributionMap":{"java":{"insertions":3,"deletions":5}}}]},{"date":"2023-03-17","commitResults":[{"hash":"7c00a33f150c9ee4dd65f86e21932e24960c7d3e","isMergeCommit":false,"messageTitle":"Level 2","messageBody":"","fileTypesAndContributionMap":{"java":{"insertions":59,"deletions":12}}},{"hash":"5a6ce7ac94aeb4de4b4f27b9d5c838ba2022824a","isMergeCommit":false,"messageTitle":"Level 2","messageBody":"","fileTypesAndContributionMap":{"java":{"insertions":1,"deletions":0}}},{"hash":"836e102b0aadcab9cf19b0994a96fd6249e8b414","isMergeCommit":false,"messageTitle":"Level 2","messageBody":"","fileTypesAndContributionMap":{"java":{"insertions":4,"deletions":5}}},{"hash":"91b4a1500d72c7457c4b415658586102065f9834","isMergeCommit":false,"messageTitle":"Level 2","messageBody":"","fileTypesAndContributionMap":{"java":{"insertions":0,"deletions":1}}},{"hash":"e455fdb56d8288853c59e0c79d2d67e83f81231e","isMergeCommit":false,"messageTitle":"Level 3","messageBody":"","fileTypesAndContributionMap":{"java":{"insertions":1,"deletions":0}}},{"hash":"683738181ea5e30d80dcb46352fcc8201115cb0d","isMergeCommit":false,"messageTitle":"Level 3","messageBody":"","fileTypesAndContributionMap":{"java":{"insertions":1,"deletions":1}}}]},{"date":"2023-03-19","commitResults":[{"hash":"99ad861c54225a48f9d5f1ee6f8751119e527c54","isMergeCommit":false,"messageTitle":"Level 4","messageBody":"","fileTypesAndContributionMap":{"java":{"insertions":91,"deletions":7}}}]}]},"authorFileTypeContributionMap":{"ixxeden":{"java":156,"md":0,"fxml":0,"sh":0,"bat":0,"gradle":0,"txt":0}},"authorContributionVariance":{"ixxeden":258.73386},"authorDisplayNameMap":{"ixxeden":"LIAO..LVIN"}}
