{"authorDailyContributionsMap":{"ixxeden":[{"date":"2023-02-08","commitResults":[{"hash":"51f93a2486ddf1843e7f1bc98391cd96b241a971","messageTitle":"Level 1","messageBody":"","fileTypesAndContributionMap":{"java":{"insertions":18,"deletions":0}}},{"hash":"b45c7886d22477633363963a980aee5cb160d4ff","messageTitle":"Level 1","messageBody":"","fileTypesAndContributionMap":{"java":{"insertions":1,"deletions":0}}},{"hash":"f9e8217f91e1af99de5d2b204f454f2cee1202c0","messageTitle":"Level 1","messageBody":"","fileTypesAndContributionMap":{"java":{"insertions":0,"deletions":1}}},{"hash":"196c31990d9dddaed382f580e8b5e117c4a824a8","messageTitle":"Level 2","messageBody":"","fileTypesAndContributionMap":{"java":{"insertions":13,"deletions":4}}},{"hash":"aeda9af9b26e16bbaf623216455b13b8b0a144ad","messageTitle":"Level 2","messageBody":"","fileTypesAndContributionMap":{"java":{"insertions":3,"deletions":5}}}]}]},"authorFileTypeContributionMap":{"ixxeden":{"java":25,"md":0,"fxml":0,"sh":0,"bat":0,"gradle":0,"txt":0}},"authorContributionVariance":{"ixxeden":63.2154},"authorDisplayNameMap":{"ixxeden":"LIAO..LVIN"}}
