[{"path":"src/main/java/Duke.java","fileType":"java","lines":[{"lineNumber":1,"author":{"gitId":"mamthat"},"content":"import java.util.*;","lastModifiedDate":"2023-02-10"},{"lineNumber":2,"author":{"gitId":"-"},"content":"public class Duke {","lastModifiedDate":"2019-07-29"},{"lineNumber":3,"author":{"gitId":"-"},"content":"    public static void main(String[] args) {","lastModifiedDate":"2019-07-29"},{"lineNumber":4,"author":{"gitId":"mamthat"},"content":"","lastModifiedDate":"2023-02-10"},{"lineNumber":5,"author":{"gitId":"mamthat"},"content":"        String borderLine \u003d \"____________________________________________________________\";","lastModifiedDate":"2023-02-10"},{"lineNumber":6,"author":{"gitId":"mamthat"},"content":"        String greetings \u003d \"Hello! I\u0027m Duke \\n\\tWhat can I do for you\";","lastModifiedDate":"2023-02-10"},{"lineNumber":7,"author":{"gitId":"mamthat"},"content":"        System.out.printf(\"\\t%s\\n\\t%s\\n\\t%s\\n\",borderLine, greetings, borderLine);","lastModifiedDate":"2023-02-10"},{"lineNumber":8,"author":{"gitId":"mamthat"},"content":"","lastModifiedDate":"2023-02-10"},{"lineNumber":9,"author":{"gitId":"mamthat"},"content":"        ArrayList itemList \u003d new ArrayList();","lastModifiedDate":"2023-02-10"},{"lineNumber":10,"author":{"gitId":"mamthat"},"content":"        Scanner input \u003d new Scanner(System.in);","lastModifiedDate":"2023-02-10"},{"lineNumber":11,"author":{"gitId":"mamthat"},"content":"","lastModifiedDate":"2023-02-10"},{"lineNumber":12,"author":{"gitId":"mamthat"},"content":"        while(true) {","lastModifiedDate":"2023-02-10"},{"lineNumber":13,"author":{"gitId":"mamthat"},"content":"            System.out.print(\"Enter input : \");","lastModifiedDate":"2023-02-10"},{"lineNumber":14,"author":{"gitId":"mamthat"},"content":"            String userInput \u003d input.nextLine().trim();","lastModifiedDate":"2023-02-10"},{"lineNumber":15,"author":{"gitId":"mamthat"},"content":"            String lineItem \u003d \"\";","lastModifiedDate":"2023-02-10"},{"lineNumber":16,"author":{"gitId":"mamthat"},"content":"","lastModifiedDate":"2023-02-10"},{"lineNumber":17,"author":{"gitId":"mamthat"},"content":"            if(\"list\".equalsIgnoreCase(userInput)) {","lastModifiedDate":"2023-02-10"},{"lineNumber":18,"author":{"gitId":"mamthat"},"content":"                for(int i\u003d0; i\u003citemList.size(); i++) {","lastModifiedDate":"2023-02-10"},{"lineNumber":19,"author":{"gitId":"mamthat"},"content":"                    if(!\"list\".equalsIgnoreCase(itemList.get(i).toString())) {","lastModifiedDate":"2023-02-10"},{"lineNumber":20,"author":{"gitId":"mamthat"},"content":"                        lineItem +\u003d \"\\t\" + (i + 1) + \". \" + itemList.get(i);","lastModifiedDate":"2023-02-10"},{"lineNumber":21,"author":{"gitId":"mamthat"},"content":"                    }","lastModifiedDate":"2023-02-10"},{"lineNumber":22,"author":{"gitId":"mamthat"},"content":"                }","lastModifiedDate":"2023-02-10"},{"lineNumber":23,"author":{"gitId":"mamthat"},"content":"                lineItem.trim();","lastModifiedDate":"2023-02-10"},{"lineNumber":24,"author":{"gitId":"mamthat"},"content":"            } else {","lastModifiedDate":"2023-02-10"},{"lineNumber":25,"author":{"gitId":"mamthat"},"content":"                lineItem \u003d \"\\t\" + userInput + \"\\n\";","lastModifiedDate":"2023-02-10"},{"lineNumber":26,"author":{"gitId":"mamthat"},"content":"                itemList.add(lineItem);","lastModifiedDate":"2023-02-10"},{"lineNumber":27,"author":{"gitId":"mamthat"},"content":"            }","lastModifiedDate":"2023-02-10"},{"lineNumber":28,"author":{"gitId":"mamthat"},"content":"","lastModifiedDate":"2023-02-10"},{"lineNumber":29,"author":{"gitId":"mamthat"},"content":"            if(\"bye\".equalsIgnoreCase(userInput)) {","lastModifiedDate":"2023-02-10"},{"lineNumber":30,"author":{"gitId":"mamthat"},"content":"                String message \u003d \"Bye. Hope to see you again soon!\";","lastModifiedDate":"2023-02-10"},{"lineNumber":31,"author":{"gitId":"mamthat"},"content":"                System.out.printf(\"\\t%s\\n\\t%s\\n\\t%s\\n\",borderLine, message, borderLine);","lastModifiedDate":"2023-02-10"},{"lineNumber":32,"author":{"gitId":"mamthat"},"content":"                break;","lastModifiedDate":"2023-02-10"},{"lineNumber":33,"author":{"gitId":"mamthat"},"content":"            }","lastModifiedDate":"2023-02-10"},{"lineNumber":34,"author":{"gitId":"mamthat"},"content":"","lastModifiedDate":"2023-02-10"},{"lineNumber":35,"author":{"gitId":"mamthat"},"content":"            System.out.printf(\"\\t%s\\n%s\\t%s\\n\",borderLine, lineItem, borderLine);","lastModifiedDate":"2023-02-10"},{"lineNumber":36,"author":{"gitId":"mamthat"},"content":"        }","lastModifiedDate":"2023-02-10"},{"lineNumber":37,"author":{"gitId":"-"},"content":"    }","lastModifiedDate":"2019-07-29"},{"lineNumber":38,"author":{"gitId":"-"},"content":"}","lastModifiedDate":"2019-07-29"}],"authorContributionMap":{"mamthat":34,"-":4}}]
