[{"path":"src/main/java/Duke.java","fileType":"java","lines":[{"lineNumber":1,"author":{"gitId":"mamthat"},"content":"import java.util.*;","lastModifiedDate":"2023-02-10"},{"lineNumber":2,"author":{"gitId":"mamthat"},"content":"","lastModifiedDate":"2023-03-13"},{"lineNumber":3,"author":{"gitId":"-"},"content":"public class Duke {","lastModifiedDate":"2019-07-29"},{"lineNumber":4,"author":{"gitId":"mamthat"},"content":"    private static ArrayList\u003cItem\u003e itemList \u003d new ArrayList\u003c\u003e();","lastModifiedDate":"2023-03-13"},{"lineNumber":5,"author":{"gitId":"mamthat"},"content":"","lastModifiedDate":"2023-02-10"},{"lineNumber":6,"author":{"gitId":"-"},"content":"    public static void main(String[] args) {","lastModifiedDate":"2023-03-13"},{"lineNumber":7,"author":{"gitId":"mamthat"},"content":"","lastModifiedDate":"2023-02-10"},{"lineNumber":8,"author":{"gitId":"mamthat"},"content":"        printIntroductionGreeting();","lastModifiedDate":"2023-03-13"},{"lineNumber":9,"author":{"gitId":"mamthat"},"content":"        Scanner input \u003d new Scanner(System.in);","lastModifiedDate":"2023-02-10"},{"lineNumber":10,"author":{"gitId":"mamthat"},"content":"","lastModifiedDate":"2023-02-10"},{"lineNumber":11,"author":{"gitId":"mamthat"},"content":"        while(true) {","lastModifiedDate":"2023-02-10"},{"lineNumber":12,"author":{"gitId":"mamthat"},"content":"            System.out.print(\"Enter input : \");","lastModifiedDate":"2023-02-10"},{"lineNumber":13,"author":{"gitId":"mamthat"},"content":"            String userInput \u003d input.nextLine().trim();","lastModifiedDate":"2023-02-10"},{"lineNumber":14,"author":{"gitId":"mamthat"},"content":"","lastModifiedDate":"2023-02-10"},{"lineNumber":15,"author":{"gitId":"mamthat"},"content":"            switch (userInput) {","lastModifiedDate":"2023-03-13"},{"lineNumber":16,"author":{"gitId":"mamthat"},"content":"                case \"list\":","lastModifiedDate":"2023-03-13"},{"lineNumber":17,"author":{"gitId":"mamthat"},"content":"                    printItemList();","lastModifiedDate":"2023-03-13"},{"lineNumber":18,"author":{"gitId":"mamthat"},"content":"                    break;","lastModifiedDate":"2023-03-13"},{"lineNumber":19,"author":{"gitId":"mamthat"},"content":"                case \"bye\":","lastModifiedDate":"2023-03-13"},{"lineNumber":20,"author":{"gitId":"mamthat"},"content":"                    printEndGreeting();","lastModifiedDate":"2023-03-13"},{"lineNumber":21,"author":{"gitId":"mamthat"},"content":"                    return;","lastModifiedDate":"2023-03-13"},{"lineNumber":22,"author":{"gitId":"mamthat"},"content":"                default:","lastModifiedDate":"2023-03-13"},{"lineNumber":23,"author":{"gitId":"mamthat"},"content":"                    if(isItem(userInput)) {","lastModifiedDate":"2023-03-13"},{"lineNumber":24,"author":{"gitId":"mamthat"},"content":"                        if (isItemExists(userInput) \u003d\u003d false) {","lastModifiedDate":"2023-03-13"},{"lineNumber":25,"author":{"gitId":"mamthat"},"content":"                            Item item \u003d new Item(userInput, false);","lastModifiedDate":"2023-03-13"},{"lineNumber":26,"author":{"gitId":"mamthat"},"content":"                            itemList.add(item);","lastModifiedDate":"2023-03-13"},{"lineNumber":27,"author":{"gitId":"mamthat"},"content":"                            System.out.println(\"Item added\");","lastModifiedDate":"2023-03-13"},{"lineNumber":28,"author":{"gitId":"mamthat"},"content":"                        } else {","lastModifiedDate":"2023-03-13"},{"lineNumber":29,"author":{"gitId":"mamthat"},"content":"                            System.out.println(\"Item already exists. Please add another item.\");","lastModifiedDate":"2023-03-13"},{"lineNumber":30,"author":{"gitId":"mamthat"},"content":"                        }","lastModifiedDate":"2023-03-13"},{"lineNumber":31,"author":{"gitId":"mamthat"},"content":"                    }","lastModifiedDate":"2023-03-13"},{"lineNumber":32,"author":{"gitId":"mamthat"},"content":"                    String[] itemArray \u003d userInput.split(\" \", 2);","lastModifiedDate":"2023-03-13"},{"lineNumber":33,"author":{"gitId":"mamthat"},"content":"                    if(itemArray.length \u003e 1 \u0026\u0026 isNumeric(itemArray[1]) \u003d\u003d true) {","lastModifiedDate":"2023-03-13"},{"lineNumber":34,"author":{"gitId":"mamthat"},"content":"                        if(itemArray[0].equals(\"mark\")) {","lastModifiedDate":"2023-03-13"},{"lineNumber":35,"author":{"gitId":"mamthat"},"content":"                            markOrUnmarkItem(Integer.parseInt(itemArray[1]), true);","lastModifiedDate":"2023-03-13"},{"lineNumber":36,"author":{"gitId":"mamthat"},"content":"                        }","lastModifiedDate":"2023-03-13"},{"lineNumber":37,"author":{"gitId":"mamthat"},"content":"                        if(itemArray[0].equals(\"unmark\")) {","lastModifiedDate":"2023-03-13"},{"lineNumber":38,"author":{"gitId":"mamthat"},"content":"                            markOrUnmarkItem(Integer.parseInt(itemArray[1]), false);","lastModifiedDate":"2023-03-13"},{"lineNumber":39,"author":{"gitId":"mamthat"},"content":"                        }","lastModifiedDate":"2023-03-13"},{"lineNumber":40,"author":{"gitId":"mamthat"},"content":"                    }","lastModifiedDate":"2023-03-13"},{"lineNumber":41,"author":{"gitId":"mamthat"},"content":"                    break;","lastModifiedDate":"2023-03-13"},{"lineNumber":42,"author":{"gitId":"mamthat"},"content":"            }","lastModifiedDate":"2023-03-13"},{"lineNumber":43,"author":{"gitId":"mamthat"},"content":"        }","lastModifiedDate":"2023-03-13"},{"lineNumber":44,"author":{"gitId":"mamthat"},"content":"    }","lastModifiedDate":"2023-03-13"},{"lineNumber":45,"author":{"gitId":"mamthat"},"content":"","lastModifiedDate":"2023-03-13"},{"lineNumber":46,"author":{"gitId":"mamthat"},"content":"    public static void printIntroductionGreeting() {","lastModifiedDate":"2023-03-13"},{"lineNumber":47,"author":{"gitId":"mamthat"},"content":"        String borderLine \u003d \"____________________________________________________________\";","lastModifiedDate":"2023-03-13"},{"lineNumber":48,"author":{"gitId":"mamthat"},"content":"        String greetings \u003d \"Hello! I\u0027m Duke \\n\\tWhat can I do for you\";","lastModifiedDate":"2023-03-13"},{"lineNumber":49,"author":{"gitId":"mamthat"},"content":"        System.out.printf(\"\\t%s\\n\\t%s\\n\\t%s\\n\",borderLine, greetings, borderLine);","lastModifiedDate":"2023-03-13"},{"lineNumber":50,"author":{"gitId":"mamthat"},"content":"    }","lastModifiedDate":"2023-03-13"},{"lineNumber":51,"author":{"gitId":"mamthat"},"content":"    public static void printEndGreeting() {","lastModifiedDate":"2023-03-13"},{"lineNumber":52,"author":{"gitId":"mamthat"},"content":"        String borderLine \u003d \"____________________________________________________________\";","lastModifiedDate":"2023-03-13"},{"lineNumber":53,"author":{"gitId":"mamthat"},"content":"        String greetings \u003d \"Bye. Hope to see you again soon!\";","lastModifiedDate":"2023-03-13"},{"lineNumber":54,"author":{"gitId":"mamthat"},"content":"        System.out.printf(\"\\t%s\\n\\t%s\\n\\t%s\\n\",borderLine, greetings, borderLine);","lastModifiedDate":"2023-03-13"},{"lineNumber":55,"author":{"gitId":"mamthat"},"content":"    }","lastModifiedDate":"2023-03-13"},{"lineNumber":56,"author":{"gitId":"mamthat"},"content":"","lastModifiedDate":"2023-03-13"},{"lineNumber":57,"author":{"gitId":"mamthat"},"content":"    public static Boolean isItem(String input) {","lastModifiedDate":"2023-03-13"},{"lineNumber":58,"author":{"gitId":"mamthat"},"content":"        if(input.contains(\"list\") || input.contains(\"mark\") || input.contains(\"unmark\") || input.equals(\" \")) {","lastModifiedDate":"2023-03-13"},{"lineNumber":59,"author":{"gitId":"mamthat"},"content":"            return false;","lastModifiedDate":"2023-03-13"},{"lineNumber":60,"author":{"gitId":"mamthat"},"content":"        }","lastModifiedDate":"2023-03-13"},{"lineNumber":61,"author":{"gitId":"mamthat"},"content":"        return true;","lastModifiedDate":"2023-03-13"},{"lineNumber":62,"author":{"gitId":"mamthat"},"content":"    }","lastModifiedDate":"2023-03-13"},{"lineNumber":63,"author":{"gitId":"mamthat"},"content":"","lastModifiedDate":"2023-03-13"},{"lineNumber":64,"author":{"gitId":"mamthat"},"content":"    public static boolean isItemExists(String item) {","lastModifiedDate":"2023-03-13"},{"lineNumber":65,"author":{"gitId":"mamthat"},"content":"        for(int i\u003d0; i\u003citemList.size(); i++) {","lastModifiedDate":"2023-03-13"},{"lineNumber":66,"author":{"gitId":"mamthat"},"content":"            if(itemList.get(i).getItemName().equalsIgnoreCase(item)) {","lastModifiedDate":"2023-03-13"},{"lineNumber":67,"author":{"gitId":"mamthat"},"content":"                return true;","lastModifiedDate":"2023-03-13"},{"lineNumber":68,"author":{"gitId":"mamthat"},"content":"            }","lastModifiedDate":"2023-03-13"},{"lineNumber":69,"author":{"gitId":"mamthat"},"content":"        }","lastModifiedDate":"2023-03-13"},{"lineNumber":70,"author":{"gitId":"mamthat"},"content":"        return false;","lastModifiedDate":"2023-03-13"},{"lineNumber":71,"author":{"gitId":"mamthat"},"content":"    }","lastModifiedDate":"2023-03-13"},{"lineNumber":72,"author":{"gitId":"mamthat"},"content":"","lastModifiedDate":"2023-03-13"},{"lineNumber":73,"author":{"gitId":"mamthat"},"content":"    private static String getStatusSymbol(boolean status) {","lastModifiedDate":"2023-03-13"},{"lineNumber":74,"author":{"gitId":"mamthat"},"content":"        if(status \u003d\u003d true) {","lastModifiedDate":"2023-03-13"},{"lineNumber":75,"author":{"gitId":"mamthat"},"content":"            return \"X\";","lastModifiedDate":"2023-03-13"},{"lineNumber":76,"author":{"gitId":"mamthat"},"content":"        }","lastModifiedDate":"2023-03-13"},{"lineNumber":77,"author":{"gitId":"mamthat"},"content":"        return \" \";","lastModifiedDate":"2023-03-13"},{"lineNumber":78,"author":{"gitId":"mamthat"},"content":"    }","lastModifiedDate":"2023-03-13"},{"lineNumber":79,"author":{"gitId":"mamthat"},"content":"","lastModifiedDate":"2023-03-13"},{"lineNumber":80,"author":{"gitId":"mamthat"},"content":"    private static void printItemList() {","lastModifiedDate":"2023-03-13"},{"lineNumber":81,"author":{"gitId":"mamthat"},"content":"        String borderLine \u003d \"\\t____________________________________________________________\";","lastModifiedDate":"2023-03-13"},{"lineNumber":82,"author":{"gitId":"mamthat"},"content":"        System.out.println(borderLine);","lastModifiedDate":"2023-03-13"},{"lineNumber":83,"author":{"gitId":"mamthat"},"content":"        for(int i\u003d0; i\u003citemList.size(); i++) {","lastModifiedDate":"2023-02-10"},{"lineNumber":84,"author":{"gitId":"mamthat"},"content":"            if(isItem(itemList.get(i).getItemName())) {","lastModifiedDate":"2023-03-13"},{"lineNumber":85,"author":{"gitId":"mamthat"},"content":"                System.out.println(\"\\t\" + (i + 1) + \". [\" + getStatusSymbol(itemList.get(i).getStatus()) + \"] \" + itemList.get(i).getItemName() + \"\\t\");","lastModifiedDate":"2023-03-13"},{"lineNumber":86,"author":{"gitId":"mamthat"},"content":"            }","lastModifiedDate":"2023-02-10"},{"lineNumber":87,"author":{"gitId":"mamthat"},"content":"        }","lastModifiedDate":"2023-02-10"},{"lineNumber":88,"author":{"gitId":"mamthat"},"content":"        System.out.println(borderLine);","lastModifiedDate":"2023-03-13"},{"lineNumber":89,"author":{"gitId":"mamthat"},"content":"    }","lastModifiedDate":"2023-03-13"},{"lineNumber":90,"author":{"gitId":"mamthat"},"content":"","lastModifiedDate":"2023-03-13"},{"lineNumber":91,"author":{"gitId":"mamthat"},"content":"    private static void printMarkOrUnmarkItem(Boolean status) {","lastModifiedDate":"2023-03-13"},{"lineNumber":92,"author":{"gitId":"mamthat"},"content":"        if(status \u003d\u003d true) {","lastModifiedDate":"2023-03-13"},{"lineNumber":93,"author":{"gitId":"mamthat"},"content":"            System.out.println(\"\\tNice! I\u0027ve marked this task as done:\");","lastModifiedDate":"2023-03-13"},{"lineNumber":94,"author":{"gitId":"mamthat"},"content":"        } else {","lastModifiedDate":"2023-02-10"},{"lineNumber":95,"author":{"gitId":"mamthat"},"content":"            System.out.println(\"\\tOK, I\u0027ve marked this task as not done yet:\");","lastModifiedDate":"2023-03-13"},{"lineNumber":96,"author":{"gitId":"mamthat"},"content":"        }","lastModifiedDate":"2023-03-13"},{"lineNumber":97,"author":{"gitId":"mamthat"},"content":"    }","lastModifiedDate":"2023-02-10"},{"lineNumber":98,"author":{"gitId":"mamthat"},"content":"","lastModifiedDate":"2023-02-10"},{"lineNumber":99,"author":{"gitId":"mamthat"},"content":"    private static void markOrUnmarkItem(Integer itemNo, Boolean status) {","lastModifiedDate":"2023-03-13"},{"lineNumber":100,"author":{"gitId":"mamthat"},"content":"        String borderLine \u003d \"\\t____________________________________________________________\";","lastModifiedDate":"2023-03-13"},{"lineNumber":101,"author":{"gitId":"mamthat"},"content":"        System.out.println(borderLine);","lastModifiedDate":"2023-03-13"},{"lineNumber":102,"author":{"gitId":"mamthat"},"content":"        for(int i\u003d0; i\u003citemList.size(); i++) {","lastModifiedDate":"2023-03-13"},{"lineNumber":103,"author":{"gitId":"mamthat"},"content":"            if(i+1 \u003d\u003d itemNo) {","lastModifiedDate":"2023-03-13"},{"lineNumber":104,"author":{"gitId":"mamthat"},"content":"                itemList.get(i).setStatus(status);","lastModifiedDate":"2023-03-13"},{"lineNumber":105,"author":{"gitId":"mamthat"},"content":"                printMarkOrUnmarkItem(status);","lastModifiedDate":"2023-03-13"},{"lineNumber":106,"author":{"gitId":"mamthat"},"content":"                System.out.println(\"\\t [\" + getStatusSymbol(itemList.get(i).getStatus()) + \"] \" + itemList.get(i).getItemName() + \"\\t\");","lastModifiedDate":"2023-03-13"},{"lineNumber":107,"author":{"gitId":"mamthat"},"content":"            }","lastModifiedDate":"2023-03-13"},{"lineNumber":108,"author":{"gitId":"mamthat"},"content":"        }","lastModifiedDate":"2023-03-13"},{"lineNumber":109,"author":{"gitId":"mamthat"},"content":"        System.out.println(borderLine);","lastModifiedDate":"2023-03-13"},{"lineNumber":110,"author":{"gitId":"mamthat"},"content":"    }","lastModifiedDate":"2023-02-10"},{"lineNumber":111,"author":{"gitId":"mamthat"},"content":"","lastModifiedDate":"2023-02-10"},{"lineNumber":112,"author":{"gitId":"mamthat"},"content":"    public static boolean isNumeric(String itemNo) {","lastModifiedDate":"2023-03-13"},{"lineNumber":113,"author":{"gitId":"mamthat"},"content":"        if (itemNo \u003d\u003d \" \") {","lastModifiedDate":"2023-03-13"},{"lineNumber":114,"author":{"gitId":"mamthat"},"content":"            return false;","lastModifiedDate":"2023-03-13"},{"lineNumber":115,"author":{"gitId":"mamthat"},"content":"        }","lastModifiedDate":"2023-03-13"},{"lineNumber":116,"author":{"gitId":"mamthat"},"content":"        try {","lastModifiedDate":"2023-03-13"},{"lineNumber":117,"author":{"gitId":"mamthat"},"content":"            Integer.parseInt(itemNo);","lastModifiedDate":"2023-03-13"},{"lineNumber":118,"author":{"gitId":"mamthat"},"content":"        } catch (NumberFormatException nfe) {","lastModifiedDate":"2023-03-13"},{"lineNumber":119,"author":{"gitId":"mamthat"},"content":"            return false;","lastModifiedDate":"2023-03-13"},{"lineNumber":120,"author":{"gitId":"mamthat"},"content":"        }","lastModifiedDate":"2023-02-10"},{"lineNumber":121,"author":{"gitId":"mamthat"},"content":"        return true;","lastModifiedDate":"2023-03-13"},{"lineNumber":122,"author":{"gitId":"-"},"content":"    }","lastModifiedDate":"2019-07-29"},{"lineNumber":123,"author":{"gitId":"-"},"content":"}","lastModifiedDate":"2019-07-29"}],"authorContributionMap":{"mamthat":119,"-":4}},{"path":"src/main/java/Item.java","fileType":"java","lines":[{"lineNumber":1,"author":{"gitId":"mamthat"},"content":"public class Item {","lastModifiedDate":"2023-03-13"},{"lineNumber":2,"author":{"gitId":"mamthat"},"content":"    private String itemName;","lastModifiedDate":"2023-03-13"},{"lineNumber":3,"author":{"gitId":"mamthat"},"content":"    private Boolean status;","lastModifiedDate":"2023-03-13"},{"lineNumber":4,"author":{"gitId":"mamthat"},"content":"","lastModifiedDate":"2023-03-13"},{"lineNumber":5,"author":{"gitId":"mamthat"},"content":"    public Item(){","lastModifiedDate":"2023-03-13"},{"lineNumber":6,"author":{"gitId":"mamthat"},"content":"        this(\"Default Item\", false);","lastModifiedDate":"2023-03-13"},{"lineNumber":7,"author":{"gitId":"mamthat"},"content":"    }","lastModifiedDate":"2023-03-13"},{"lineNumber":8,"author":{"gitId":"mamthat"},"content":"","lastModifiedDate":"2023-03-13"},{"lineNumber":9,"author":{"gitId":"mamthat"},"content":"    public Item(String itemName, Boolean status) {","lastModifiedDate":"2023-03-13"},{"lineNumber":10,"author":{"gitId":"mamthat"},"content":"        this.itemName \u003d itemName;","lastModifiedDate":"2023-03-13"},{"lineNumber":11,"author":{"gitId":"mamthat"},"content":"        this.status \u003d status;","lastModifiedDate":"2023-03-13"},{"lineNumber":12,"author":{"gitId":"mamthat"},"content":"    }","lastModifiedDate":"2023-03-13"},{"lineNumber":13,"author":{"gitId":"mamthat"},"content":"","lastModifiedDate":"2023-03-13"},{"lineNumber":14,"author":{"gitId":"mamthat"},"content":"    public String getItemName() {","lastModifiedDate":"2023-03-13"},{"lineNumber":15,"author":{"gitId":"mamthat"},"content":"        return itemName;","lastModifiedDate":"2023-03-13"},{"lineNumber":16,"author":{"gitId":"mamthat"},"content":"    }","lastModifiedDate":"2023-03-13"},{"lineNumber":17,"author":{"gitId":"mamthat"},"content":"","lastModifiedDate":"2023-03-13"},{"lineNumber":18,"author":{"gitId":"mamthat"},"content":"    public Boolean getStatus() {","lastModifiedDate":"2023-03-13"},{"lineNumber":19,"author":{"gitId":"mamthat"},"content":"        return status;","lastModifiedDate":"2023-03-13"},{"lineNumber":20,"author":{"gitId":"mamthat"},"content":"    }","lastModifiedDate":"2023-03-13"},{"lineNumber":21,"author":{"gitId":"mamthat"},"content":"","lastModifiedDate":"2023-03-13"},{"lineNumber":22,"author":{"gitId":"mamthat"},"content":"    public void setItemName(String itemName) {","lastModifiedDate":"2023-03-13"},{"lineNumber":23,"author":{"gitId":"mamthat"},"content":"        this.itemName \u003d itemName;","lastModifiedDate":"2023-03-13"},{"lineNumber":24,"author":{"gitId":"mamthat"},"content":"    }","lastModifiedDate":"2023-03-13"},{"lineNumber":25,"author":{"gitId":"mamthat"},"content":"","lastModifiedDate":"2023-03-13"},{"lineNumber":26,"author":{"gitId":"mamthat"},"content":"    public void setStatus(Boolean status) {","lastModifiedDate":"2023-03-13"},{"lineNumber":27,"author":{"gitId":"mamthat"},"content":"        this.status \u003d status;","lastModifiedDate":"2023-03-13"},{"lineNumber":28,"author":{"gitId":"mamthat"},"content":"    }","lastModifiedDate":"2023-03-13"},{"lineNumber":29,"author":{"gitId":"mamthat"},"content":"}","lastModifiedDate":"2023-03-13"}],"authorContributionMap":{"mamthat":29}}]
