[{"path":"data/duke.txt","fileType":"txt","lines":[{"lineNumber":1,"author":{"gitId":"mamthat"},"content":"T | 0 | read book","lastModifiedDate":"2023-04-16"},{"lineNumber":2,"author":{"gitId":"mamthat"},"content":"T | 1 | write book","lastModifiedDate":"2023-04-16"},{"lineNumber":3,"author":{"gitId":"mamthat"},"content":"T | 1 | read book","lastModifiedDate":"2023-04-16"},{"lineNumber":4,"author":{"gitId":"mamthat"},"content":"T | 1 | read book","lastModifiedDate":"2023-04-16"},{"lineNumber":5,"author":{"gitId":"mamthat"},"content":"T | 1 | read book","lastModifiedDate":"2023-04-16"},{"lineNumber":6,"author":{"gitId":"mamthat"},"content":"T | 1 | write book","lastModifiedDate":"2023-04-16"},{"lineNumber":7,"author":{"gitId":"mamthat"},"content":"D | 0 | return book | May 30th","lastModifiedDate":"2023-04-16"},{"lineNumber":8,"author":{"gitId":"mamthat"},"content":"E | 0 | project meeting | Aug 6th 2-4pm","lastModifiedDate":"2023-04-16"},{"lineNumber":9,"author":{"gitId":"mamthat"},"content":"T | 1 | read book","lastModifiedDate":"2023-04-16"},{"lineNumber":10,"author":{"gitId":"mamthat"},"content":"D | 0 | return book | June 6th","lastModifiedDate":"2023-04-16"},{"lineNumber":11,"author":{"gitId":"mamthat"},"content":"E | 0 | project meeting | Aug 6th 2-4pm","lastModifiedDate":"2023-04-16"},{"lineNumber":12,"author":{"gitId":"mamthat"},"content":"T | 1 | join sports club","lastModifiedDate":"2023-04-16"}],"authorContributionMap":{"mamthat":12}},{"path":"src/main/java/Deadline.java","fileType":"java","lines":[{"lineNumber":1,"author":{"gitId":"mamthat"},"content":"public class Deadline extends Task {","lastModifiedDate":"2023-03-20"},{"lineNumber":2,"author":{"gitId":"mamthat"},"content":"    protected String by;","lastModifiedDate":"2023-03-20"},{"lineNumber":3,"author":{"gitId":"mamthat"},"content":"","lastModifiedDate":"2023-03-20"},{"lineNumber":4,"author":{"gitId":"mamthat"},"content":"    public Deadline(String taskName, String by) {","lastModifiedDate":"2023-03-20"},{"lineNumber":5,"author":{"gitId":"mamthat"},"content":"        super(taskName);","lastModifiedDate":"2023-03-20"},{"lineNumber":6,"author":{"gitId":"mamthat"},"content":"        this.by \u003d by;","lastModifiedDate":"2023-03-20"},{"lineNumber":7,"author":{"gitId":"mamthat"},"content":"    }","lastModifiedDate":"2023-03-20"},{"lineNumber":8,"author":{"gitId":"mamthat"},"content":"","lastModifiedDate":"2023-03-20"},{"lineNumber":9,"author":{"gitId":"mamthat"},"content":"    @Override","lastModifiedDate":"2023-03-20"},{"lineNumber":10,"author":{"gitId":"mamthat"},"content":"    public String toString() {","lastModifiedDate":"2023-03-20"},{"lineNumber":11,"author":{"gitId":"mamthat"},"content":"        return \"[D]\" + super.toString() + \" (by: \" + by + \")\";","lastModifiedDate":"2023-03-20"},{"lineNumber":12,"author":{"gitId":"mamthat"},"content":"    }","lastModifiedDate":"2023-03-20"},{"lineNumber":13,"author":{"gitId":"mamthat"},"content":"}","lastModifiedDate":"2023-03-20"}],"authorContributionMap":{"mamthat":13}},{"path":"src/main/java/Duke.java","fileType":"java","lines":[{"lineNumber":1,"author":{"gitId":"mamthat"},"content":"import java.util.*;","lastModifiedDate":"2023-02-10"},{"lineNumber":2,"author":{"gitId":"mamthat"},"content":"import java.io.*;","lastModifiedDate":"2023-04-16"},{"lineNumber":3,"author":{"gitId":"mamthat"},"content":"","lastModifiedDate":"2023-03-13"},{"lineNumber":4,"author":{"gitId":"-"},"content":"public class Duke {","lastModifiedDate":"2019-07-29"},{"lineNumber":5,"author":{"gitId":"mamthat"},"content":"    private static ArrayList\u003cTask\u003e taskList \u003d new ArrayList\u003c\u003e();","lastModifiedDate":"2023-03-20"},{"lineNumber":6,"author":{"gitId":"mamthat"},"content":"    private static String borderLine \u003d \"\\t____________________________________________________________\";","lastModifiedDate":"2023-04-16"},{"lineNumber":7,"author":{"gitId":"mamthat"},"content":"","lastModifiedDate":"2023-02-10"},{"lineNumber":8,"author":{"gitId":"-"},"content":"    public static void main(String[] args) {","lastModifiedDate":"2023-03-13"},{"lineNumber":9,"author":{"gitId":"mamthat"},"content":"  ","lastModifiedDate":"2023-02-10"},{"lineNumber":10,"author":{"gitId":"mamthat"},"content":"        printIntroductionGreeting();","lastModifiedDate":"2023-03-13"},{"lineNumber":11,"author":{"gitId":"mamthat"},"content":"        Scanner input \u003d new Scanner(System.in);","lastModifiedDate":"2023-02-10"},{"lineNumber":12,"author":{"gitId":"mamthat"},"content":"        while(true) {","lastModifiedDate":"2023-02-10"},{"lineNumber":13,"author":{"gitId":"mamthat"},"content":"            System.out.print(\"Enter input : \");","lastModifiedDate":"2023-02-10"},{"lineNumber":14,"author":{"gitId":"mamthat"},"content":"            String userInput \u003d input.nextLine().trim();","lastModifiedDate":"2023-02-10"},{"lineNumber":15,"author":{"gitId":"mamthat"},"content":"","lastModifiedDate":"2023-02-10"},{"lineNumber":16,"author":{"gitId":"mamthat"},"content":"            switch (userInput) {","lastModifiedDate":"2023-03-13"},{"lineNumber":17,"author":{"gitId":"mamthat"},"content":"                case \"list\":","lastModifiedDate":"2023-03-13"},{"lineNumber":18,"author":{"gitId":"mamthat"},"content":"                    printTasksList();","lastModifiedDate":"2023-03-20"},{"lineNumber":19,"author":{"gitId":"mamthat"},"content":"                    break;","lastModifiedDate":"2023-03-13"},{"lineNumber":20,"author":{"gitId":"mamthat"},"content":"                case \"bye\":","lastModifiedDate":"2023-03-13"},{"lineNumber":21,"author":{"gitId":"mamthat"},"content":"                    printEndGreeting();","lastModifiedDate":"2023-03-13"},{"lineNumber":22,"author":{"gitId":"mamthat"},"content":"                    return;","lastModifiedDate":"2023-03-13"},{"lineNumber":23,"author":{"gitId":"mamthat"},"content":"                default:","lastModifiedDate":"2023-03-13"},{"lineNumber":24,"author":{"gitId":"mamthat"},"content":"                    if(isTask(userInput)) {  ","lastModifiedDate":"2023-03-20"},{"lineNumber":25,"author":{"gitId":"mamthat"},"content":"                        if (isTaskExists(userInput) \u003d\u003d false) {","lastModifiedDate":"2023-03-20"},{"lineNumber":26,"author":{"gitId":"mamthat"},"content":"                            Task task \u003d new Task(userInput);","lastModifiedDate":"2023-03-20"},{"lineNumber":27,"author":{"gitId":"mamthat"},"content":"                            taskList.add(task);","lastModifiedDate":"2023-03-20"},{"lineNumber":28,"author":{"gitId":"mamthat"},"content":"                            System.out.println(\"Item added\");","lastModifiedDate":"2023-03-13"},{"lineNumber":29,"author":{"gitId":"mamthat"},"content":"                        } else {","lastModifiedDate":"2023-03-13"},{"lineNumber":30,"author":{"gitId":"mamthat"},"content":"                            System.out.println(\"Item already exists. Please add another item.\");","lastModifiedDate":"2023-03-13"},{"lineNumber":31,"author":{"gitId":"mamthat"},"content":"                        }","lastModifiedDate":"2023-03-13"},{"lineNumber":32,"author":{"gitId":"mamthat"},"content":"                    }","lastModifiedDate":"2023-03-13"},{"lineNumber":33,"author":{"gitId":"mamthat"},"content":"","lastModifiedDate":"2023-03-20"},{"lineNumber":34,"author":{"gitId":"mamthat"},"content":"                    if(userInput.contains(\"mark\") || userInput.contains(\"unmark\")) {","lastModifiedDate":"2023-03-20"},{"lineNumber":35,"author":{"gitId":"mamthat"},"content":"                        markOrUnmarkTask(userInput);","lastModifiedDate":"2023-03-20"},{"lineNumber":36,"author":{"gitId":"mamthat"},"content":"                    }","lastModifiedDate":"2023-03-13"},{"lineNumber":37,"author":{"gitId":"mamthat"},"content":"                    ","lastModifiedDate":"2023-03-20"},{"lineNumber":38,"author":{"gitId":"mamthat"},"content":"                    if(userInput.contains(\"todo\")) {","lastModifiedDate":"2023-03-20"},{"lineNumber":39,"author":{"gitId":"mamthat"},"content":"                        setToDoTask(userInput, false, null);","lastModifiedDate":"2023-04-16"},{"lineNumber":40,"author":{"gitId":"mamthat"},"content":"                    }","lastModifiedDate":"2023-03-20"},{"lineNumber":41,"author":{"gitId":"mamthat"},"content":"","lastModifiedDate":"2023-03-20"},{"lineNumber":42,"author":{"gitId":"mamthat"},"content":"                    if(userInput.contains(\"deadline\")) {","lastModifiedDate":"2023-03-20"},{"lineNumber":43,"author":{"gitId":"mamthat"},"content":"                        setDeadlineTask(userInput, false, null);","lastModifiedDate":"2023-04-16"},{"lineNumber":44,"author":{"gitId":"mamthat"},"content":"                    }","lastModifiedDate":"2023-03-13"},{"lineNumber":45,"author":{"gitId":"mamthat"},"content":"                    ","lastModifiedDate":"2023-03-20"},{"lineNumber":46,"author":{"gitId":"mamthat"},"content":"                    if(userInput.contains(\"event\")) {","lastModifiedDate":"2023-03-20"},{"lineNumber":47,"author":{"gitId":"mamthat"},"content":"                        setEventTask(userInput, false, null);","lastModifiedDate":"2023-04-16"},{"lineNumber":48,"author":{"gitId":"mamthat"},"content":"                    }     ","lastModifiedDate":"2023-03-20"},{"lineNumber":49,"author":{"gitId":"mamthat"},"content":"","lastModifiedDate":"2023-03-20"},{"lineNumber":50,"author":{"gitId":"mamthat"},"content":"                    if(userInput.contains(\"delete\")) {","lastModifiedDate":"2023-03-20"},{"lineNumber":51,"author":{"gitId":"mamthat"},"content":"                        removeTask(userInput);","lastModifiedDate":"2023-03-20"},{"lineNumber":52,"author":{"gitId":"mamthat"},"content":"                    }  ","lastModifiedDate":"2023-03-20"},{"lineNumber":53,"author":{"gitId":"mamthat"},"content":"","lastModifiedDate":"2023-03-20"},{"lineNumber":54,"author":{"gitId":"mamthat"},"content":"                    if(userInput.contains(\"bulk add\")) {","lastModifiedDate":"2023-04-16"},{"lineNumber":55,"author":{"gitId":"mamthat"},"content":"                        bulkAddTasksFromFile(userInput);","lastModifiedDate":"2023-04-16"},{"lineNumber":56,"author":{"gitId":"mamthat"},"content":"                    }  ","lastModifiedDate":"2023-04-16"},{"lineNumber":57,"author":{"gitId":"mamthat"},"content":"                    ","lastModifiedDate":"2023-04-16"},{"lineNumber":58,"author":{"gitId":"mamthat"},"content":"                    break;","lastModifiedDate":"2023-03-13"},{"lineNumber":59,"author":{"gitId":"mamthat"},"content":"            }","lastModifiedDate":"2023-03-13"},{"lineNumber":60,"author":{"gitId":"mamthat"},"content":"        }","lastModifiedDate":"2023-03-13"},{"lineNumber":61,"author":{"gitId":"mamthat"},"content":"    }","lastModifiedDate":"2023-03-13"},{"lineNumber":62,"author":{"gitId":"mamthat"},"content":"","lastModifiedDate":"2023-03-13"},{"lineNumber":63,"author":{"gitId":"mamthat"},"content":"    public static void printIntroductionGreeting() {","lastModifiedDate":"2023-03-13"},{"lineNumber":64,"author":{"gitId":"mamthat"},"content":"        String borderLine \u003d \"____________________________________________________________\";","lastModifiedDate":"2023-03-13"},{"lineNumber":65,"author":{"gitId":"mamthat"},"content":"        String greetings \u003d \"Hello! I\u0027m Duke \\n\\tWhat can I do for you \\n\\t(Enter tasks individually or add tasks in ../data/duke.text and hit \u0027bulk add\u0027 to bulk add tasks \";","lastModifiedDate":"2023-04-16"},{"lineNumber":66,"author":{"gitId":"mamthat"},"content":"        System.out.printf(\"\\t%s\\n\\t%s\\n\\t%s\\n\",borderLine, greetings, borderLine);","lastModifiedDate":"2023-03-13"},{"lineNumber":67,"author":{"gitId":"mamthat"},"content":"    }","lastModifiedDate":"2023-03-13"},{"lineNumber":68,"author":{"gitId":"mamthat"},"content":"","lastModifiedDate":"2023-04-16"},{"lineNumber":69,"author":{"gitId":"mamthat"},"content":"    public static void printEndGreeting() {","lastModifiedDate":"2023-03-13"},{"lineNumber":70,"author":{"gitId":"mamthat"},"content":"        String borderLine \u003d \"____________________________________________________________\";","lastModifiedDate":"2023-03-13"},{"lineNumber":71,"author":{"gitId":"mamthat"},"content":"        String greetings \u003d \"Bye. Hope to see you again soon!\";","lastModifiedDate":"2023-03-13"},{"lineNumber":72,"author":{"gitId":"mamthat"},"content":"        System.out.printf(\"\\t%s\\n\\t%s\\n\\t%s\\n\",borderLine, greetings, borderLine);","lastModifiedDate":"2023-03-13"},{"lineNumber":73,"author":{"gitId":"mamthat"},"content":"    }","lastModifiedDate":"2023-03-13"},{"lineNumber":74,"author":{"gitId":"mamthat"},"content":"","lastModifiedDate":"2023-03-13"},{"lineNumber":75,"author":{"gitId":"mamthat"},"content":"    public static boolean isNumeric(String taskNo) {","lastModifiedDate":"2023-03-20"},{"lineNumber":76,"author":{"gitId":"mamthat"},"content":"        if (taskNo \u003d\u003d \" \") {","lastModifiedDate":"2023-03-20"},{"lineNumber":77,"author":{"gitId":"mamthat"},"content":"            return false;","lastModifiedDate":"2023-03-13"},{"lineNumber":78,"author":{"gitId":"mamthat"},"content":"        }","lastModifiedDate":"2023-03-13"},{"lineNumber":79,"author":{"gitId":"mamthat"},"content":"        try {","lastModifiedDate":"2023-03-20"},{"lineNumber":80,"author":{"gitId":"mamthat"},"content":"            Integer.parseInt(taskNo);","lastModifiedDate":"2023-03-20"},{"lineNumber":81,"author":{"gitId":"mamthat"},"content":"        } catch (NumberFormatException nfe) {","lastModifiedDate":"2023-03-20"},{"lineNumber":82,"author":{"gitId":"mamthat"},"content":"            return false;","lastModifiedDate":"2023-03-20"},{"lineNumber":83,"author":{"gitId":"mamthat"},"content":"        }","lastModifiedDate":"2023-03-13"},{"lineNumber":84,"author":{"gitId":"mamthat"},"content":"        return true;","lastModifiedDate":"2023-03-13"},{"lineNumber":85,"author":{"gitId":"mamthat"},"content":"    }","lastModifiedDate":"2023-03-13"},{"lineNumber":86,"author":{"gitId":"mamthat"},"content":"","lastModifiedDate":"2023-03-20"},{"lineNumber":87,"author":{"gitId":"mamthat"},"content":"    public static Boolean isTask(String input) {","lastModifiedDate":"2023-03-20"},{"lineNumber":88,"author":{"gitId":"mamthat"},"content":"        if(input.contains(\"list\") || input.contains(\"mark\") ","lastModifiedDate":"2023-03-20"},{"lineNumber":89,"author":{"gitId":"mamthat"},"content":"        || input.contains(\"unmark\") || input.contains(\"todo\")","lastModifiedDate":"2023-03-20"},{"lineNumber":90,"author":{"gitId":"mamthat"},"content":"        || input.contains(\"deadline\") || input.contains(\"event\") ","lastModifiedDate":"2023-03-20"},{"lineNumber":91,"author":{"gitId":"mamthat"},"content":"        || input.contains(\"delete\") || input.contains(\"bulk add\") ","lastModifiedDate":"2023-04-16"},{"lineNumber":92,"author":{"gitId":"mamthat"},"content":"        || input.equals(\" \")) {","lastModifiedDate":"2023-04-16"},{"lineNumber":93,"author":{"gitId":"mamthat"},"content":"            return false;","lastModifiedDate":"2023-03-13"},{"lineNumber":94,"author":{"gitId":"mamthat"},"content":"        }","lastModifiedDate":"2023-03-13"},{"lineNumber":95,"author":{"gitId":"mamthat"},"content":"        return true;","lastModifiedDate":"2023-03-20"},{"lineNumber":96,"author":{"gitId":"mamthat"},"content":"    }","lastModifiedDate":"2023-03-20"},{"lineNumber":97,"author":{"gitId":"mamthat"},"content":"","lastModifiedDate":"2023-03-13"},{"lineNumber":98,"author":{"gitId":"mamthat"},"content":"    public static boolean isTaskExists(String task) {","lastModifiedDate":"2023-03-20"},{"lineNumber":99,"author":{"gitId":"mamthat"},"content":"        for(int i\u003d0; i\u003ctaskList.size(); i++) {","lastModifiedDate":"2023-03-20"},{"lineNumber":100,"author":{"gitId":"mamthat"},"content":"            if(taskList.get(i).getTaskName().equalsIgnoreCase(task)) {","lastModifiedDate":"2023-03-20"},{"lineNumber":101,"author":{"gitId":"mamthat"},"content":"                return true;","lastModifiedDate":"2023-03-20"},{"lineNumber":102,"author":{"gitId":"mamthat"},"content":"            }","lastModifiedDate":"2023-03-20"},{"lineNumber":103,"author":{"gitId":"mamthat"},"content":"        }","lastModifiedDate":"2023-03-13"},{"lineNumber":104,"author":{"gitId":"mamthat"},"content":"        return false;","lastModifiedDate":"2023-03-20"},{"lineNumber":105,"author":{"gitId":"mamthat"},"content":"    }","lastModifiedDate":"2023-03-13"},{"lineNumber":106,"author":{"gitId":"mamthat"},"content":"","lastModifiedDate":"2023-03-13"},{"lineNumber":107,"author":{"gitId":"mamthat"},"content":"    private static void printTasksList() {","lastModifiedDate":"2023-03-20"},{"lineNumber":108,"author":{"gitId":"mamthat"},"content":"        String borderLine \u003d \"\\t____________________________________________________________\";","lastModifiedDate":"2023-03-13"},{"lineNumber":109,"author":{"gitId":"mamthat"},"content":"        System.out.println(borderLine);","lastModifiedDate":"2023-03-13"},{"lineNumber":110,"author":{"gitId":"mamthat"},"content":"        for(int i\u003d0; i\u003ctaskList.size(); i++) {","lastModifiedDate":"2023-03-20"},{"lineNumber":111,"author":{"gitId":"mamthat"},"content":"            if(isTask(taskList.get(i).getTaskName())) {","lastModifiedDate":"2023-03-20"},{"lineNumber":112,"author":{"gitId":"mamthat"},"content":"                System.out.println(\"\\t \" + (i+1) + \". \" +taskList.get(i).toString()+ \"\\t\");","lastModifiedDate":"2023-03-20"},{"lineNumber":113,"author":{"gitId":"mamthat"},"content":"            }","lastModifiedDate":"2023-02-10"},{"lineNumber":114,"author":{"gitId":"mamthat"},"content":"        }","lastModifiedDate":"2023-02-10"},{"lineNumber":115,"author":{"gitId":"mamthat"},"content":"        System.out.println(borderLine);","lastModifiedDate":"2023-03-13"},{"lineNumber":116,"author":{"gitId":"mamthat"},"content":"    }","lastModifiedDate":"2023-03-13"},{"lineNumber":117,"author":{"gitId":"mamthat"},"content":"","lastModifiedDate":"2023-03-13"},{"lineNumber":118,"author":{"gitId":"mamthat"},"content":"    private static void printMarkOrUnmarkTask(Boolean status) {","lastModifiedDate":"2023-03-20"},{"lineNumber":119,"author":{"gitId":"mamthat"},"content":"        if(status \u003d\u003d true) {","lastModifiedDate":"2023-03-13"},{"lineNumber":120,"author":{"gitId":"mamthat"},"content":"            System.out.println(\"\\tNice! I\u0027ve marked this task as done:\");","lastModifiedDate":"2023-03-13"},{"lineNumber":121,"author":{"gitId":"mamthat"},"content":"        } else {","lastModifiedDate":"2023-02-10"},{"lineNumber":122,"author":{"gitId":"mamthat"},"content":"            System.out.println(\"\\tOK, I\u0027ve marked this task as not done yet:\");","lastModifiedDate":"2023-03-13"},{"lineNumber":123,"author":{"gitId":"mamthat"},"content":"        }","lastModifiedDate":"2023-03-13"},{"lineNumber":124,"author":{"gitId":"mamthat"},"content":"    }","lastModifiedDate":"2023-02-10"},{"lineNumber":125,"author":{"gitId":"mamthat"},"content":"","lastModifiedDate":"2023-02-10"},{"lineNumber":126,"author":{"gitId":"mamthat"},"content":"    private static void markOrUnmarkTask(String userInput) {","lastModifiedDate":"2023-03-20"},{"lineNumber":127,"author":{"gitId":"mamthat"},"content":"        try{","lastModifiedDate":"2023-03-20"},{"lineNumber":128,"author":{"gitId":"mamthat"},"content":"            if(userInput.split(\" \", 2).length \u003e 1 \u0026\u0026 isNumeric(userInput.split(\" \", 2)[1]) \u003d\u003d false) {","lastModifiedDate":"2023-03-20"},{"lineNumber":129,"author":{"gitId":"mamthat"},"content":"                throw new DukeException();","lastModifiedDate":"2023-03-20"},{"lineNumber":130,"author":{"gitId":"mamthat"},"content":"            }","lastModifiedDate":"2023-03-20"},{"lineNumber":131,"author":{"gitId":"mamthat"},"content":"","lastModifiedDate":"2023-03-20"},{"lineNumber":132,"author":{"gitId":"mamthat"},"content":"            boolean status \u003d false;","lastModifiedDate":"2023-03-20"},{"lineNumber":133,"author":{"gitId":"mamthat"},"content":"            if(userInput.split(\" \", 2)[0].equals(\"mark\")) {","lastModifiedDate":"2023-03-20"},{"lineNumber":134,"author":{"gitId":"mamthat"},"content":"                status \u003d true;","lastModifiedDate":"2023-03-20"},{"lineNumber":135,"author":{"gitId":"mamthat"},"content":"            }","lastModifiedDate":"2023-03-20"},{"lineNumber":136,"author":{"gitId":"mamthat"},"content":"            else {","lastModifiedDate":"2023-03-20"},{"lineNumber":137,"author":{"gitId":"mamthat"},"content":"                status \u003d false;","lastModifiedDate":"2023-03-20"},{"lineNumber":138,"author":{"gitId":"mamthat"},"content":"            }","lastModifiedDate":"2023-03-20"},{"lineNumber":139,"author":{"gitId":"mamthat"},"content":"","lastModifiedDate":"2023-03-20"},{"lineNumber":140,"author":{"gitId":"mamthat"},"content":"            int taskNo \u003d Integer.parseInt(userInput.split(\" \", 2)[1]);","lastModifiedDate":"2023-03-20"},{"lineNumber":141,"author":{"gitId":"mamthat"},"content":"            String borderLine \u003d \"\\t____________________________________________________________\";","lastModifiedDate":"2023-03-13"},{"lineNumber":142,"author":{"gitId":"mamthat"},"content":"            System.out.println(borderLine);","lastModifiedDate":"2023-03-13"},{"lineNumber":143,"author":{"gitId":"mamthat"},"content":"            for(int i\u003d0; i\u003ctaskList.size(); i++) {","lastModifiedDate":"2023-03-20"},{"lineNumber":144,"author":{"gitId":"mamthat"},"content":"                if(i+1 \u003d\u003d taskNo) {","lastModifiedDate":"2023-03-20"},{"lineNumber":145,"author":{"gitId":"mamthat"},"content":"                    if(taskList.get(i).getStatus() !\u003d status) {","lastModifiedDate":"2023-03-20"},{"lineNumber":146,"author":{"gitId":"mamthat"},"content":"                        taskList.get(i).setStatus(status);","lastModifiedDate":"2023-03-20"},{"lineNumber":147,"author":{"gitId":"mamthat"},"content":"                        printMarkOrUnmarkTask(status);","lastModifiedDate":"2023-03-20"},{"lineNumber":148,"author":{"gitId":"mamthat"},"content":"                        System.out.println(\"\\t \" + taskList.get(i).toString()+ \"\\t\");","lastModifiedDate":"2023-03-20"},{"lineNumber":149,"author":{"gitId":"mamthat"},"content":"                    } else {","lastModifiedDate":"2023-03-20"},{"lineNumber":150,"author":{"gitId":"mamthat"},"content":"                        System.out.println(\"\\tTask status is already set\");","lastModifiedDate":"2023-03-20"},{"lineNumber":151,"author":{"gitId":"mamthat"},"content":"                    }","lastModifiedDate":"2023-03-20"},{"lineNumber":152,"author":{"gitId":"mamthat"},"content":"                }","lastModifiedDate":"2023-03-13"},{"lineNumber":153,"author":{"gitId":"mamthat"},"content":"            }","lastModifiedDate":"2023-03-13"},{"lineNumber":154,"author":{"gitId":"mamthat"},"content":"            System.out.println(borderLine);","lastModifiedDate":"2023-03-13"},{"lineNumber":155,"author":{"gitId":"mamthat"},"content":"        } catch(ArrayIndexOutOfBoundsException _exception) {","lastModifiedDate":"2023-03-20"},{"lineNumber":156,"author":{"gitId":"mamthat"},"content":"            System.out.println(\"☹ OOPS!!! The description of a todo cannot be empty.\");","lastModifiedDate":"2023-03-20"},{"lineNumber":157,"author":{"gitId":"mamthat"},"content":"        } catch(DukeException exception) {","lastModifiedDate":"2023-03-20"},{"lineNumber":158,"author":{"gitId":"mamthat"},"content":"            System.out.println(\"☹ OOPS!!! The description of a todo cannot be empty.\");","lastModifiedDate":"2023-03-20"},{"lineNumber":159,"author":{"gitId":"mamthat"},"content":"        } ","lastModifiedDate":"2023-02-10"},{"lineNumber":160,"author":{"gitId":"mamthat"},"content":"    }","lastModifiedDate":"2023-03-20"},{"lineNumber":161,"author":{"gitId":"mamthat"},"content":"","lastModifiedDate":"2023-03-20"},{"lineNumber":162,"author":{"gitId":"mamthat"},"content":"    private static void setToDoTask(String userInput, boolean isBulkTask, Boolean markOrUnmarked) {","lastModifiedDate":"2023-04-16"},{"lineNumber":163,"author":{"gitId":"mamthat"},"content":"        try{","lastModifiedDate":"2023-03-20"},{"lineNumber":164,"author":{"gitId":"mamthat"},"content":"            String[] taskArray \u003d userInput.split(\" \", 2);","lastModifiedDate":"2023-03-20"},{"lineNumber":165,"author":{"gitId":"mamthat"},"content":"            String taskName \u003d taskArray[1];","lastModifiedDate":"2023-03-20"},{"lineNumber":166,"author":{"gitId":"mamthat"},"content":"","lastModifiedDate":"2023-03-20"},{"lineNumber":167,"author":{"gitId":"mamthat"},"content":"            if(taskName \u003d\u003d \"\") ","lastModifiedDate":"2023-03-20"},{"lineNumber":168,"author":{"gitId":"mamthat"},"content":"                throw new DukeException();","lastModifiedDate":"2023-03-20"},{"lineNumber":169,"author":{"gitId":"mamthat"},"content":"","lastModifiedDate":"2023-02-10"},{"lineNumber":170,"author":{"gitId":"mamthat"},"content":"            if(!isBulkTask) {","lastModifiedDate":"2023-04-16"},{"lineNumber":171,"author":{"gitId":"mamthat"},"content":"                System.out.println(borderLine); ","lastModifiedDate":"2023-03-20"},{"lineNumber":172,"author":{"gitId":"mamthat"},"content":"            }","lastModifiedDate":"2023-04-16"},{"lineNumber":173,"author":{"gitId":"mamthat"},"content":"","lastModifiedDate":"2023-03-20"},{"lineNumber":174,"author":{"gitId":"mamthat"},"content":"            for(int i\u003d0; i\u003ctaskList.size(); i++) {","lastModifiedDate":"2023-03-20"},{"lineNumber":175,"author":{"gitId":"mamthat"},"content":"                if(taskList.get(i).taskName.equalsIgnoreCase(taskName)) {","lastModifiedDate":"2023-03-20"},{"lineNumber":176,"author":{"gitId":"mamthat"},"content":"                    Task toDoTask \u003d new Todo(taskName, true);","lastModifiedDate":"2023-03-20"},{"lineNumber":177,"author":{"gitId":"mamthat"},"content":"                    boolean status \u003d taskList.get(i).getStatus();","lastModifiedDate":"2023-04-16"},{"lineNumber":178,"author":{"gitId":"mamthat"},"content":"                    if(markOrUnmarked !\u003d null) {","lastModifiedDate":"2023-04-16"},{"lineNumber":179,"author":{"gitId":"mamthat"},"content":"                        status \u003d markOrUnmarked;","lastModifiedDate":"2023-04-16"},{"lineNumber":180,"author":{"gitId":"mamthat"},"content":"                    } ","lastModifiedDate":"2023-04-16"},{"lineNumber":181,"author":{"gitId":"mamthat"},"content":"                    toDoTask.setStatus(status);","lastModifiedDate":"2023-04-16"},{"lineNumber":182,"author":{"gitId":"mamthat"},"content":"                    taskList.set(i, toDoTask);","lastModifiedDate":"2023-03-20"},{"lineNumber":183,"author":{"gitId":"mamthat"},"content":"                    if(!isBulkTask) {","lastModifiedDate":"2023-04-16"},{"lineNumber":184,"author":{"gitId":"mamthat"},"content":"                        printTaskUpdates(toDoTask.toString(), TaskUpdateType.UPDATE);  ","lastModifiedDate":"2023-04-16"},{"lineNumber":185,"author":{"gitId":"mamthat"},"content":"                    }  ","lastModifiedDate":"2023-03-13"},{"lineNumber":186,"author":{"gitId":"mamthat"},"content":"                }","lastModifiedDate":"2023-02-10"},{"lineNumber":187,"author":{"gitId":"mamthat"},"content":"            }","lastModifiedDate":"2023-04-16"},{"lineNumber":188,"author":{"gitId":"mamthat"},"content":"            if(!isBulkTask) {","lastModifiedDate":"2023-04-16"},{"lineNumber":189,"author":{"gitId":"mamthat"},"content":"                System.out.println(borderLine);","lastModifiedDate":"2023-03-20"},{"lineNumber":190,"author":{"gitId":"mamthat"},"content":"            }","lastModifiedDate":"2023-04-16"},{"lineNumber":191,"author":{"gitId":"mamthat"},"content":"        } catch(ArrayIndexOutOfBoundsException _exception) {","lastModifiedDate":"2023-03-20"},{"lineNumber":192,"author":{"gitId":"mamthat"},"content":"            System.out.println(\"☹ OOPS!!! The description of a todo cannot be empty.\");","lastModifiedDate":"2023-03-20"},{"lineNumber":193,"author":{"gitId":"mamthat"},"content":"        } catch(DukeException exception) {","lastModifiedDate":"2023-03-20"},{"lineNumber":194,"author":{"gitId":"mamthat"},"content":"            System.out.println(\"☹ OOPS!!! The description of a todo cannot be empty.\");","lastModifiedDate":"2023-03-20"},{"lineNumber":195,"author":{"gitId":"mamthat"},"content":"        } ","lastModifiedDate":"2023-03-20"},{"lineNumber":196,"author":{"gitId":"mamthat"},"content":"    }","lastModifiedDate":"2023-03-20"},{"lineNumber":197,"author":{"gitId":"mamthat"},"content":"","lastModifiedDate":"2023-03-20"},{"lineNumber":198,"author":{"gitId":"mamthat"},"content":"    private static void setDeadlineTask(String userInput, boolean isBulkTask, Boolean markOrUnmarked) {","lastModifiedDate":"2023-04-16"},{"lineNumber":199,"author":{"gitId":"mamthat"},"content":"        try{","lastModifiedDate":"2023-03-20"},{"lineNumber":200,"author":{"gitId":"mamthat"},"content":"            String[] taskArray \u003d userInput.split(\" \", 2);","lastModifiedDate":"2023-03-20"},{"lineNumber":201,"author":{"gitId":"mamthat"},"content":"            String taskInputDetails \u003d taskArray[1];","lastModifiedDate":"2023-03-20"},{"lineNumber":202,"author":{"gitId":"mamthat"},"content":"","lastModifiedDate":"2023-03-20"},{"lineNumber":203,"author":{"gitId":"mamthat"},"content":"            if(taskInputDetails \u003d\u003d \"\") ","lastModifiedDate":"2023-03-20"},{"lineNumber":204,"author":{"gitId":"mamthat"},"content":"                throw new DukeException();","lastModifiedDate":"2023-03-20"},{"lineNumber":205,"author":{"gitId":"mamthat"},"content":"","lastModifiedDate":"2023-03-20"},{"lineNumber":206,"author":{"gitId":"mamthat"},"content":"            if(!isBulkTask) {","lastModifiedDate":"2023-04-16"},{"lineNumber":207,"author":{"gitId":"mamthat"},"content":"                System.out.println(borderLine); ","lastModifiedDate":"2023-03-20"},{"lineNumber":208,"author":{"gitId":"mamthat"},"content":"            }","lastModifiedDate":"2023-04-16"},{"lineNumber":209,"author":{"gitId":"mamthat"},"content":"","lastModifiedDate":"2023-03-20"},{"lineNumber":210,"author":{"gitId":"mamthat"},"content":"            String[] taskDetails \u003d taskInputDetails.split(\"/\", 2);","lastModifiedDate":"2023-03-20"},{"lineNumber":211,"author":{"gitId":"mamthat"},"content":"            String taskName \u003d taskDetails[0].trim();","lastModifiedDate":"2023-03-20"},{"lineNumber":212,"author":{"gitId":"mamthat"},"content":"            String day \u003d taskDetails[1].split(\" \",2)[1].trim();","lastModifiedDate":"2023-04-16"},{"lineNumber":213,"author":{"gitId":"mamthat"},"content":"","lastModifiedDate":"2023-04-16"},{"lineNumber":214,"author":{"gitId":"mamthat"},"content":"","lastModifiedDate":"2023-03-20"},{"lineNumber":215,"author":{"gitId":"mamthat"},"content":"            for(int i\u003d0; i\u003ctaskList.size(); i++) {","lastModifiedDate":"2023-03-20"},{"lineNumber":216,"author":{"gitId":"mamthat"},"content":"                if(taskList.get(i).taskName.equalsIgnoreCase(taskName)) {","lastModifiedDate":"2023-03-20"},{"lineNumber":217,"author":{"gitId":"mamthat"},"content":"                    Task deadlineTask \u003d new Deadline(taskName, day);","lastModifiedDate":"2023-03-20"},{"lineNumber":218,"author":{"gitId":"mamthat"},"content":"                    boolean status \u003d taskList.get(i).getStatus();","lastModifiedDate":"2023-04-16"},{"lineNumber":219,"author":{"gitId":"mamthat"},"content":"                    if(markOrUnmarked !\u003d null) {","lastModifiedDate":"2023-04-16"},{"lineNumber":220,"author":{"gitId":"mamthat"},"content":"                        status \u003d markOrUnmarked;","lastModifiedDate":"2023-04-16"},{"lineNumber":221,"author":{"gitId":"mamthat"},"content":"                    }","lastModifiedDate":"2023-04-16"},{"lineNumber":222,"author":{"gitId":"mamthat"},"content":"                    deadlineTask.setStatus(status); ","lastModifiedDate":"2023-04-16"},{"lineNumber":223,"author":{"gitId":"mamthat"},"content":"                    taskList.set(i, deadlineTask);","lastModifiedDate":"2023-03-20"},{"lineNumber":224,"author":{"gitId":"mamthat"},"content":"                    if(!isBulkTask) {","lastModifiedDate":"2023-04-16"},{"lineNumber":225,"author":{"gitId":"mamthat"},"content":"                        printTaskUpdates(deadlineTask.toString(), TaskUpdateType.UPDATE);","lastModifiedDate":"2023-04-16"},{"lineNumber":226,"author":{"gitId":"mamthat"},"content":"                    }  ","lastModifiedDate":"2023-04-16"},{"lineNumber":227,"author":{"gitId":"mamthat"},"content":"                } ","lastModifiedDate":"2023-03-20"},{"lineNumber":228,"author":{"gitId":"mamthat"},"content":"            }","lastModifiedDate":"2023-03-20"},{"lineNumber":229,"author":{"gitId":"mamthat"},"content":"","lastModifiedDate":"2023-03-20"},{"lineNumber":230,"author":{"gitId":"mamthat"},"content":"            if(!isBulkTask) {","lastModifiedDate":"2023-04-16"},{"lineNumber":231,"author":{"gitId":"mamthat"},"content":"                System.out.println(borderLine);","lastModifiedDate":"2023-04-16"},{"lineNumber":232,"author":{"gitId":"mamthat"},"content":"            }","lastModifiedDate":"2023-04-16"},{"lineNumber":233,"author":{"gitId":"mamthat"},"content":"","lastModifiedDate":"2023-04-16"},{"lineNumber":234,"author":{"gitId":"mamthat"},"content":"        System.out.println(borderLine);","lastModifiedDate":"2023-03-20"},{"lineNumber":235,"author":{"gitId":"mamthat"},"content":"        } catch(ArrayIndexOutOfBoundsException _exception) {","lastModifiedDate":"2023-03-20"},{"lineNumber":236,"author":{"gitId":"mamthat"},"content":"            System.out.println(\"☹ OOPS!!! The description of a deadline cannot be empty.\");","lastModifiedDate":"2023-03-20"},{"lineNumber":237,"author":{"gitId":"mamthat"},"content":"        } catch(DukeException exception) {","lastModifiedDate":"2023-03-20"},{"lineNumber":238,"author":{"gitId":"mamthat"},"content":"            System.out.println(\"☹ OOPS!!! The description of a deadline cannot be empty.\");","lastModifiedDate":"2023-03-20"},{"lineNumber":239,"author":{"gitId":"mamthat"},"content":"        } ","lastModifiedDate":"2023-03-20"},{"lineNumber":240,"author":{"gitId":"mamthat"},"content":"    }","lastModifiedDate":"2023-03-20"},{"lineNumber":241,"author":{"gitId":"mamthat"},"content":"","lastModifiedDate":"2023-03-20"},{"lineNumber":242,"author":{"gitId":"mamthat"},"content":"    private static void setEventTask(String userInput, boolean isBulkTask, Boolean markOrUnmarked) {","lastModifiedDate":"2023-04-16"},{"lineNumber":243,"author":{"gitId":"mamthat"},"content":"","lastModifiedDate":"2023-04-16"},{"lineNumber":244,"author":{"gitId":"mamthat"},"content":"        try{","lastModifiedDate":"2023-03-20"},{"lineNumber":245,"author":{"gitId":"mamthat"},"content":"            String[] taskArray \u003d userInput.split(\" \", 2);","lastModifiedDate":"2023-03-20"},{"lineNumber":246,"author":{"gitId":"mamthat"},"content":"            String taskInputDetails \u003d taskArray[1];","lastModifiedDate":"2023-03-20"},{"lineNumber":247,"author":{"gitId":"mamthat"},"content":"","lastModifiedDate":"2023-03-20"},{"lineNumber":248,"author":{"gitId":"mamthat"},"content":"            if(taskInputDetails \u003d\u003d \"\") ","lastModifiedDate":"2023-03-20"},{"lineNumber":249,"author":{"gitId":"mamthat"},"content":"                throw new DukeException();","lastModifiedDate":"2023-03-20"},{"lineNumber":250,"author":{"gitId":"mamthat"},"content":"","lastModifiedDate":"2023-03-20"},{"lineNumber":251,"author":{"gitId":"mamthat"},"content":"            String borderLine \u003d \"\\t____________________________________________________________\";","lastModifiedDate":"2023-03-20"},{"lineNumber":252,"author":{"gitId":"mamthat"},"content":"            if(!isBulkTask) {","lastModifiedDate":"2023-04-16"},{"lineNumber":253,"author":{"gitId":"mamthat"},"content":"                System.out.println(borderLine); ","lastModifiedDate":"2023-03-20"},{"lineNumber":254,"author":{"gitId":"mamthat"},"content":"            }","lastModifiedDate":"2023-04-16"},{"lineNumber":255,"author":{"gitId":"mamthat"},"content":"","lastModifiedDate":"2023-03-20"},{"lineNumber":256,"author":{"gitId":"mamthat"},"content":"            String[] taskDetails \u003d taskInputDetails.split(\"/\", 3);","lastModifiedDate":"2023-03-20"},{"lineNumber":257,"author":{"gitId":"mamthat"},"content":"            String taskName \u003d taskDetails[0].trim();","lastModifiedDate":"2023-03-20"},{"lineNumber":258,"author":{"gitId":"mamthat"},"content":"            String from \u003d taskDetails[1].replace(\"from\", \"\").trim();","lastModifiedDate":"2023-04-16"},{"lineNumber":259,"author":{"gitId":"mamthat"},"content":"            String to \u003d taskDetails[2].replace(\"to\", \"\").trim();","lastModifiedDate":"2023-04-16"},{"lineNumber":260,"author":{"gitId":"mamthat"},"content":"","lastModifiedDate":"2023-03-20"},{"lineNumber":261,"author":{"gitId":"mamthat"},"content":"            for(int i\u003d0; i\u003ctaskList.size(); i++) {","lastModifiedDate":"2023-03-20"},{"lineNumber":262,"author":{"gitId":"mamthat"},"content":"                if(taskList.get(i).taskName.equalsIgnoreCase(taskName)) {","lastModifiedDate":"2023-03-20"},{"lineNumber":263,"author":{"gitId":"mamthat"},"content":"                    Task eventTask \u003d new Event(taskName, from, to);","lastModifiedDate":"2023-03-20"},{"lineNumber":264,"author":{"gitId":"mamthat"},"content":"                    boolean status \u003d taskList.get(i).getStatus();","lastModifiedDate":"2023-04-16"},{"lineNumber":265,"author":{"gitId":"mamthat"},"content":"                    if(markOrUnmarked !\u003d null) {","lastModifiedDate":"2023-04-16"},{"lineNumber":266,"author":{"gitId":"mamthat"},"content":"                        status \u003d markOrUnmarked;","lastModifiedDate":"2023-04-16"},{"lineNumber":267,"author":{"gitId":"mamthat"},"content":"                    }","lastModifiedDate":"2023-04-16"},{"lineNumber":268,"author":{"gitId":"mamthat"},"content":"                    eventTask.setStatus(status); ","lastModifiedDate":"2023-04-16"},{"lineNumber":269,"author":{"gitId":"mamthat"},"content":"                    taskList.set(i, eventTask);","lastModifiedDate":"2023-03-20"},{"lineNumber":270,"author":{"gitId":"mamthat"},"content":"                    if(!isBulkTask) {","lastModifiedDate":"2023-04-16"},{"lineNumber":271,"author":{"gitId":"mamthat"},"content":"                        printTaskUpdates(eventTask.toString(), TaskUpdateType.UPDATE);","lastModifiedDate":"2023-04-16"},{"lineNumber":272,"author":{"gitId":"mamthat"},"content":"                    }","lastModifiedDate":"2023-04-16"},{"lineNumber":273,"author":{"gitId":"mamthat"},"content":"                }","lastModifiedDate":"2023-03-20"},{"lineNumber":274,"author":{"gitId":"mamthat"},"content":"            }","lastModifiedDate":"2023-03-20"},{"lineNumber":275,"author":{"gitId":"mamthat"},"content":"","lastModifiedDate":"2023-03-20"},{"lineNumber":276,"author":{"gitId":"mamthat"},"content":"        if(!isBulkTask) {","lastModifiedDate":"2023-04-16"},{"lineNumber":277,"author":{"gitId":"mamthat"},"content":"            System.out.println(borderLine);","lastModifiedDate":"2023-03-20"},{"lineNumber":278,"author":{"gitId":"mamthat"},"content":"        }","lastModifiedDate":"2023-04-16"},{"lineNumber":279,"author":{"gitId":"mamthat"},"content":"","lastModifiedDate":"2023-04-16"},{"lineNumber":280,"author":{"gitId":"mamthat"},"content":"        } catch(ArrayIndexOutOfBoundsException _exception) {","lastModifiedDate":"2023-03-20"},{"lineNumber":281,"author":{"gitId":"mamthat"},"content":"            System.out.println(\"☹ OOPS!!! The description of an event cannot be empty.\");","lastModifiedDate":"2023-03-20"},{"lineNumber":282,"author":{"gitId":"mamthat"},"content":"        } catch(DukeException exception) {","lastModifiedDate":"2023-03-20"},{"lineNumber":283,"author":{"gitId":"mamthat"},"content":"            System.out.println(\"☹ OOPS!!! The description of an event cannot be empty.\");","lastModifiedDate":"2023-03-20"},{"lineNumber":284,"author":{"gitId":"mamthat"},"content":"        } ","lastModifiedDate":"2023-03-20"},{"lineNumber":285,"author":{"gitId":"mamthat"},"content":"    }","lastModifiedDate":"2023-03-20"},{"lineNumber":286,"author":{"gitId":"mamthat"},"content":"","lastModifiedDate":"2023-03-20"},{"lineNumber":287,"author":{"gitId":"mamthat"},"content":"    private static void removeTask(String userInput) {","lastModifiedDate":"2023-03-20"},{"lineNumber":288,"author":{"gitId":"mamthat"},"content":"        try {","lastModifiedDate":"2023-03-20"},{"lineNumber":289,"author":{"gitId":"mamthat"},"content":"            String[] taskArray \u003d userInput.split(\" \", 2);","lastModifiedDate":"2023-03-20"},{"lineNumber":290,"author":{"gitId":"mamthat"},"content":"            String taskNumber \u003d taskArray[1];","lastModifiedDate":"2023-03-20"},{"lineNumber":291,"author":{"gitId":"mamthat"},"content":"","lastModifiedDate":"2023-03-20"},{"lineNumber":292,"author":{"gitId":"mamthat"},"content":"            if(taskNumber \u003d\u003d \"\") ","lastModifiedDate":"2023-03-20"},{"lineNumber":293,"author":{"gitId":"mamthat"},"content":"                throw new DukeException();","lastModifiedDate":"2023-03-20"},{"lineNumber":294,"author":{"gitId":"mamthat"},"content":"","lastModifiedDate":"2023-03-20"},{"lineNumber":295,"author":{"gitId":"mamthat"},"content":"            int taskNo \u003d Integer.parseInt(userInput.split(\" \", 2)[1]); ","lastModifiedDate":"2023-03-20"},{"lineNumber":296,"author":{"gitId":"mamthat"},"content":"","lastModifiedDate":"2023-03-20"},{"lineNumber":297,"author":{"gitId":"mamthat"},"content":"            for(int i\u003d0; i\u003ctaskList.size(); i++) {","lastModifiedDate":"2023-03-20"},{"lineNumber":298,"author":{"gitId":"mamthat"},"content":"                if(i+1 \u003d\u003d taskNo) {","lastModifiedDate":"2023-03-20"},{"lineNumber":299,"author":{"gitId":"mamthat"},"content":"                    taskList.remove(i);","lastModifiedDate":"2023-03-20"},{"lineNumber":300,"author":{"gitId":"mamthat"},"content":"                    printTaskUpdates(taskList.get(i).toString(), TaskUpdateType.DELETE);","lastModifiedDate":"2023-04-16"},{"lineNumber":301,"author":{"gitId":"mamthat"},"content":"                }","lastModifiedDate":"2023-03-20"},{"lineNumber":302,"author":{"gitId":"mamthat"},"content":"            }","lastModifiedDate":"2023-03-20"},{"lineNumber":303,"author":{"gitId":"mamthat"},"content":"","lastModifiedDate":"2023-03-20"},{"lineNumber":304,"author":{"gitId":"mamthat"},"content":"        } catch(ArrayIndexOutOfBoundsException _exception) {","lastModifiedDate":"2023-03-20"},{"lineNumber":305,"author":{"gitId":"mamthat"},"content":"            System.out.println(\"☹ OOPS!!! The task number cannot be empty.\");","lastModifiedDate":"2023-03-20"},{"lineNumber":306,"author":{"gitId":"mamthat"},"content":"        } catch(DukeException exception) {","lastModifiedDate":"2023-03-20"},{"lineNumber":307,"author":{"gitId":"mamthat"},"content":"            System.out.println(\"☹ OOPS!!! The task number cannot be empty.\");","lastModifiedDate":"2023-03-20"},{"lineNumber":308,"author":{"gitId":"mamthat"},"content":"        } ","lastModifiedDate":"2023-03-20"},{"lineNumber":309,"author":{"gitId":"mamthat"},"content":"    }","lastModifiedDate":"2023-03-20"},{"lineNumber":310,"author":{"gitId":"mamthat"},"content":"","lastModifiedDate":"2023-03-20"},{"lineNumber":311,"author":{"gitId":"mamthat"},"content":"    private static void printTaskUpdates(String taskDetails, TaskUpdateType updateType) {","lastModifiedDate":"2023-04-16"},{"lineNumber":312,"author":{"gitId":"mamthat"},"content":"        String message \u003d \"\";","lastModifiedDate":"2023-03-20"},{"lineNumber":313,"author":{"gitId":"mamthat"},"content":"        if(updateType \u003d\u003d TaskUpdateType.UPDATE) {","lastModifiedDate":"2023-04-16"},{"lineNumber":314,"author":{"gitId":"mamthat"},"content":"            message \u003d \"Got it. I\u0027ve added this task:\";","lastModifiedDate":"2023-03-20"},{"lineNumber":315,"author":{"gitId":"mamthat"},"content":"        } else if(updateType \u003d\u003d TaskUpdateType.DELETE) {","lastModifiedDate":"2023-04-16"},{"lineNumber":316,"author":{"gitId":"mamthat"},"content":"            message \u003d \"Noted. I\u0027ve removed this task:\";","lastModifiedDate":"2023-03-20"},{"lineNumber":317,"author":{"gitId":"mamthat"},"content":"        }","lastModifiedDate":"2023-03-20"},{"lineNumber":318,"author":{"gitId":"mamthat"},"content":"","lastModifiedDate":"2023-03-20"},{"lineNumber":319,"author":{"gitId":"mamthat"},"content":"        System.out.println(\"\\t\" + message + \"\\n\\t \" + taskDetails + \"\\n\\tNow you have \" + taskList.size() + \" in the list.\");","lastModifiedDate":"2023-03-20"},{"lineNumber":320,"author":{"gitId":"-"},"content":"    }","lastModifiedDate":"2019-07-29"},{"lineNumber":321,"author":{"gitId":"mamthat"},"content":"","lastModifiedDate":"2023-04-16"},{"lineNumber":322,"author":{"gitId":"mamthat"},"content":"    private static void bulkAddTasksFromFile(String userInput) {","lastModifiedDate":"2023-04-16"},{"lineNumber":323,"author":{"gitId":"mamthat"},"content":"        try {","lastModifiedDate":"2023-04-16"},{"lineNumber":324,"author":{"gitId":"mamthat"},"content":"            Scanner scan \u003d new Scanner(new FileReader(\"/Users/mtadiboina/Desktop/School/TIC2002/Project_Duke/tic2002-duke-mamtha/data/duke.txt\")).useDelimiter(\",\\\\n\");","lastModifiedDate":"2023-04-16"},{"lineNumber":325,"author":{"gitId":"mamthat"},"content":"            String fileContent \u003d scan.next();","lastModifiedDate":"2023-04-16"},{"lineNumber":326,"author":{"gitId":"mamthat"},"content":"            String[] tasks \u003d fileContent.split(\"\\\\n\");","lastModifiedDate":"2023-04-16"},{"lineNumber":327,"author":{"gitId":"mamthat"},"content":"            bulkAddTasks(tasks);","lastModifiedDate":"2023-04-16"},{"lineNumber":328,"author":{"gitId":"mamthat"},"content":"          } catch(ArrayIndexOutOfBoundsException _exception) {","lastModifiedDate":"2023-04-16"},{"lineNumber":329,"author":{"gitId":"mamthat"},"content":"            System.out.println(\"The filename cannot be empty.\");","lastModifiedDate":"2023-04-16"},{"lineNumber":330,"author":{"gitId":"mamthat"},"content":"          } catch (FileNotFoundException e) {","lastModifiedDate":"2023-04-16"},{"lineNumber":331,"author":{"gitId":"mamthat"},"content":"            System.out.println(\"An error occurred while reading file. No file found in /Users/mtadiboina/Desktop/School/TIC2002/Project_Duke/tic2002-duke-mamtha/data/\");","lastModifiedDate":"2023-04-16"},{"lineNumber":332,"author":{"gitId":"mamthat"},"content":"            e.printStackTrace();","lastModifiedDate":"2023-04-16"},{"lineNumber":333,"author":{"gitId":"mamthat"},"content":"          }","lastModifiedDate":"2023-04-16"},{"lineNumber":334,"author":{"gitId":"mamthat"},"content":"    }","lastModifiedDate":"2023-04-16"},{"lineNumber":335,"author":{"gitId":"mamthat"},"content":"","lastModifiedDate":"2023-04-16"},{"lineNumber":336,"author":{"gitId":"mamthat"},"content":"    private static void bulkAddTasks(String[] tasks) {","lastModifiedDate":"2023-04-16"},{"lineNumber":337,"author":{"gitId":"mamthat"},"content":"        EnumMap\u003cTaskOperationTypePrefix, TaskOperationTypeAction\u003e operationMapping \u003d new EnumMap\u003c\u003e(TaskOperationTypePrefix.class);","lastModifiedDate":"2023-04-16"},{"lineNumber":338,"author":{"gitId":"mamthat"},"content":"        operationMapping.put(TaskOperationTypePrefix.D, TaskOperationTypeAction.deadline);","lastModifiedDate":"2023-04-16"},{"lineNumber":339,"author":{"gitId":"mamthat"},"content":"        operationMapping.put(TaskOperationTypePrefix.E, TaskOperationTypeAction.event);","lastModifiedDate":"2023-04-16"},{"lineNumber":340,"author":{"gitId":"mamthat"},"content":"        operationMapping.put(TaskOperationTypePrefix.T, TaskOperationTypeAction.todo);","lastModifiedDate":"2023-04-16"},{"lineNumber":341,"author":{"gitId":"mamthat"},"content":"","lastModifiedDate":"2023-04-16"},{"lineNumber":342,"author":{"gitId":"mamthat"},"content":"        for (String task : tasks) {","lastModifiedDate":"2023-04-16"},{"lineNumber":343,"author":{"gitId":"mamthat"},"content":"            String[] taskDetails \u003d task.split(\"\\\\|\");","lastModifiedDate":"2023-04-16"},{"lineNumber":344,"author":{"gitId":"mamthat"},"content":"            String taskOperation \u003d taskDetails[0].trim();","lastModifiedDate":"2023-04-16"},{"lineNumber":345,"author":{"gitId":"mamthat"},"content":"            Boolean status \u003d Integer.parseInt(taskDetails[1].trim()) \u003d\u003d 0 ? false : true;","lastModifiedDate":"2023-04-16"},{"lineNumber":346,"author":{"gitId":"mamthat"},"content":"            String taskName \u003d taskDetails[2].trim();","lastModifiedDate":"2023-04-16"},{"lineNumber":347,"author":{"gitId":"mamthat"},"content":"","lastModifiedDate":"2023-04-16"},{"lineNumber":348,"author":{"gitId":"mamthat"},"content":"            TaskUpdateType taskUpdateType \u003d getTaskUpdateType(taskName);","lastModifiedDate":"2023-04-16"},{"lineNumber":349,"author":{"gitId":"mamthat"},"content":"            ","lastModifiedDate":"2023-04-16"},{"lineNumber":350,"author":{"gitId":"mamthat"},"content":"            if(taskUpdateType \u003d\u003d TaskUpdateType.INSERT) {","lastModifiedDate":"2023-04-16"},{"lineNumber":351,"author":{"gitId":"mamthat"},"content":"                Task newTask \u003d new Task(taskName);","lastModifiedDate":"2023-04-16"},{"lineNumber":352,"author":{"gitId":"mamthat"},"content":"                taskList.add(newTask);","lastModifiedDate":"2023-04-16"},{"lineNumber":353,"author":{"gitId":"mamthat"},"content":"            }","lastModifiedDate":"2023-04-16"},{"lineNumber":354,"author":{"gitId":"mamthat"},"content":"","lastModifiedDate":"2023-04-16"},{"lineNumber":355,"author":{"gitId":"mamthat"},"content":"            if(taskOperation.equals(TaskOperationTypePrefix.D.toString())) {","lastModifiedDate":"2023-04-16"},{"lineNumber":356,"author":{"gitId":"mamthat"},"content":"                String taskNameWithDeadline \u003d taskName + \"/by\"+ taskDetails[3];","lastModifiedDate":"2023-04-16"},{"lineNumber":357,"author":{"gitId":"mamthat"},"content":"                setDeadlineTask(operationMapping.get(TaskOperationTypePrefix.D).toString() + \" \" + taskNameWithDeadline, true, status);","lastModifiedDate":"2023-04-16"},{"lineNumber":358,"author":{"gitId":"mamthat"},"content":"            }","lastModifiedDate":"2023-04-16"},{"lineNumber":359,"author":{"gitId":"mamthat"},"content":"","lastModifiedDate":"2023-04-16"},{"lineNumber":360,"author":{"gitId":"mamthat"},"content":"            if(taskOperation.equals(TaskOperationTypePrefix.T.toString())) {","lastModifiedDate":"2023-04-16"},{"lineNumber":361,"author":{"gitId":"mamthat"},"content":"                setToDoTask(operationMapping.get(TaskOperationTypePrefix.T).toString() + \" \" + taskName, true, status);","lastModifiedDate":"2023-04-16"},{"lineNumber":362,"author":{"gitId":"mamthat"},"content":"            }","lastModifiedDate":"2023-04-16"},{"lineNumber":363,"author":{"gitId":"mamthat"},"content":"","lastModifiedDate":"2023-04-16"},{"lineNumber":364,"author":{"gitId":"mamthat"},"content":"            if(taskOperation.equals(TaskOperationTypePrefix.E.toString())) {","lastModifiedDate":"2023-04-16"},{"lineNumber":365,"author":{"gitId":"mamthat"},"content":"                String[] eventTask \u003d taskDetails[3].split(\"-\"); ","lastModifiedDate":"2023-04-16"},{"lineNumber":366,"author":{"gitId":"mamthat"},"content":"                String fromTime \u003d eventTask[0]+\"pm\";","lastModifiedDate":"2023-04-16"},{"lineNumber":367,"author":{"gitId":"mamthat"},"content":"                String toTime \u003d eventTask[1];","lastModifiedDate":"2023-04-16"},{"lineNumber":368,"author":{"gitId":"mamthat"},"content":"                String taskNameWithEvent \u003d taskName + \"/from\" + fromTime + \" /to \" + toTime;","lastModifiedDate":"2023-04-16"},{"lineNumber":369,"author":{"gitId":"mamthat"},"content":"                setEventTask(operationMapping.get(TaskOperationTypePrefix.E).toString() + \" \" + taskNameWithEvent, true, status);","lastModifiedDate":"2023-04-16"},{"lineNumber":370,"author":{"gitId":"mamthat"},"content":"            }","lastModifiedDate":"2023-04-16"},{"lineNumber":371,"author":{"gitId":"mamthat"},"content":"        }","lastModifiedDate":"2023-04-16"},{"lineNumber":372,"author":{"gitId":"mamthat"},"content":"    }  ","lastModifiedDate":"2023-04-16"},{"lineNumber":373,"author":{"gitId":"mamthat"},"content":"","lastModifiedDate":"2023-04-16"},{"lineNumber":374,"author":{"gitId":"mamthat"},"content":"    public static TaskUpdateType getTaskUpdateType(String taskName) {","lastModifiedDate":"2023-04-16"},{"lineNumber":375,"author":{"gitId":"mamthat"},"content":"        boolean isTaskExistCheck \u003d isTaskExists(taskName);","lastModifiedDate":"2023-04-16"},{"lineNumber":376,"author":{"gitId":"mamthat"},"content":"        if(isTaskExistCheck) {","lastModifiedDate":"2023-04-16"},{"lineNumber":377,"author":{"gitId":"mamthat"},"content":"            return TaskUpdateType.UPDATE;","lastModifiedDate":"2023-04-16"},{"lineNumber":378,"author":{"gitId":"mamthat"},"content":"        } else {","lastModifiedDate":"2023-04-16"},{"lineNumber":379,"author":{"gitId":"mamthat"},"content":"            return TaskUpdateType.INSERT;","lastModifiedDate":"2023-04-16"},{"lineNumber":380,"author":{"gitId":"mamthat"},"content":"        }","lastModifiedDate":"2023-04-16"},{"lineNumber":381,"author":{"gitId":"mamthat"},"content":"    }","lastModifiedDate":"2023-04-16"},{"lineNumber":382,"author":{"gitId":"mamthat"},"content":" ","lastModifiedDate":"2023-04-16"},{"lineNumber":383,"author":{"gitId":"mamthat"},"content":"    public static boolean hasSameStatus(String taskName, boolean status) {","lastModifiedDate":"2023-04-16"},{"lineNumber":384,"author":{"gitId":"mamthat"},"content":"        for(int i\u003d0; i\u003ctaskList.size(); i++) {","lastModifiedDate":"2023-04-16"},{"lineNumber":385,"author":{"gitId":"mamthat"},"content":"            if(taskList.get(i).getTaskName().equalsIgnoreCase(taskName)) {","lastModifiedDate":"2023-04-16"},{"lineNumber":386,"author":{"gitId":"mamthat"},"content":"                if(taskList.get(i).getStatus() \u003d\u003d status) {","lastModifiedDate":"2023-04-16"},{"lineNumber":387,"author":{"gitId":"mamthat"},"content":"                    return true;","lastModifiedDate":"2023-04-16"},{"lineNumber":388,"author":{"gitId":"mamthat"},"content":"                }","lastModifiedDate":"2023-04-16"},{"lineNumber":389,"author":{"gitId":"mamthat"},"content":"            }","lastModifiedDate":"2023-04-16"},{"lineNumber":390,"author":{"gitId":"mamthat"},"content":"        }","lastModifiedDate":"2023-04-16"},{"lineNumber":391,"author":{"gitId":"mamthat"},"content":"        return false;","lastModifiedDate":"2023-04-16"},{"lineNumber":392,"author":{"gitId":"mamthat"},"content":"    }","lastModifiedDate":"2023-04-16"},{"lineNumber":393,"author":{"gitId":"mamthat"},"content":"","lastModifiedDate":"2023-04-16"},{"lineNumber":394,"author":{"gitId":"mamthat"},"content":"    public static boolean checkCanAddOrUpdateTask(boolean taskExists, boolean sameStatus) {","lastModifiedDate":"2023-04-16"},{"lineNumber":395,"author":{"gitId":"mamthat"},"content":"        if(taskExists) {","lastModifiedDate":"2023-04-16"},{"lineNumber":396,"author":{"gitId":"mamthat"},"content":"            if(!sameStatus) {","lastModifiedDate":"2023-04-16"},{"lineNumber":397,"author":{"gitId":"mamthat"},"content":"                return true;","lastModifiedDate":"2023-04-16"},{"lineNumber":398,"author":{"gitId":"mamthat"},"content":"            } else {","lastModifiedDate":"2023-04-16"},{"lineNumber":399,"author":{"gitId":"mamthat"},"content":"                return false;","lastModifiedDate":"2023-04-16"},{"lineNumber":400,"author":{"gitId":"mamthat"},"content":"            }","lastModifiedDate":"2023-04-16"},{"lineNumber":401,"author":{"gitId":"mamthat"},"content":"        }","lastModifiedDate":"2023-04-16"},{"lineNumber":402,"author":{"gitId":"mamthat"},"content":"","lastModifiedDate":"2023-04-16"},{"lineNumber":403,"author":{"gitId":"mamthat"},"content":"        if(!taskExists) {","lastModifiedDate":"2023-04-16"},{"lineNumber":404,"author":{"gitId":"mamthat"},"content":"            return true;","lastModifiedDate":"2023-04-16"},{"lineNumber":405,"author":{"gitId":"mamthat"},"content":"        }","lastModifiedDate":"2023-04-16"},{"lineNumber":406,"author":{"gitId":"mamthat"},"content":"","lastModifiedDate":"2023-04-16"},{"lineNumber":407,"author":{"gitId":"mamthat"},"content":"        return false;","lastModifiedDate":"2023-04-16"},{"lineNumber":408,"author":{"gitId":"mamthat"},"content":"    }","lastModifiedDate":"2023-04-16"},{"lineNumber":409,"author":{"gitId":"mamthat"},"content":"    ","lastModifiedDate":"2023-04-16"},{"lineNumber":410,"author":{"gitId":"mamthat"},"content":"    public static boolean hasSameStatusTest(String taskName, boolean status) {","lastModifiedDate":"2023-04-16"},{"lineNumber":411,"author":{"gitId":"mamthat"},"content":"        for(int i\u003d0; i\u003ctaskList.size(); i++) {","lastModifiedDate":"2023-04-16"},{"lineNumber":412,"author":{"gitId":"mamthat"},"content":"            if(taskList.get(i).getTaskName().equalsIgnoreCase(taskName)) {","lastModifiedDate":"2023-04-16"},{"lineNumber":413,"author":{"gitId":"mamthat"},"content":"                if(taskList.get(i).getStatus() \u003d\u003d status) {","lastModifiedDate":"2023-04-16"},{"lineNumber":414,"author":{"gitId":"mamthat"},"content":"                    return true;","lastModifiedDate":"2023-04-16"},{"lineNumber":415,"author":{"gitId":"mamthat"},"content":"                }","lastModifiedDate":"2023-04-16"},{"lineNumber":416,"author":{"gitId":"mamthat"},"content":"            }","lastModifiedDate":"2023-04-16"},{"lineNumber":417,"author":{"gitId":"mamthat"},"content":"        }","lastModifiedDate":"2023-04-16"},{"lineNumber":418,"author":{"gitId":"mamthat"},"content":"        return false;","lastModifiedDate":"2023-04-16"},{"lineNumber":419,"author":{"gitId":"mamthat"},"content":"    }","lastModifiedDate":"2023-04-16"},{"lineNumber":420,"author":{"gitId":"mamthat"},"content":"","lastModifiedDate":"2023-04-16"},{"lineNumber":421,"author":{"gitId":"mamthat"},"content":"    public static boolean checkCanAddTask(boolean taskExists, boolean sameStatus) {","lastModifiedDate":"2023-04-16"},{"lineNumber":422,"author":{"gitId":"mamthat"},"content":"        if(!taskExists || (taskExists \u0026\u0026 !sameStatus)) {","lastModifiedDate":"2023-04-16"},{"lineNumber":423,"author":{"gitId":"mamthat"},"content":"            return true;","lastModifiedDate":"2023-04-16"},{"lineNumber":424,"author":{"gitId":"mamthat"},"content":"        }","lastModifiedDate":"2023-04-16"},{"lineNumber":425,"author":{"gitId":"mamthat"},"content":"","lastModifiedDate":"2023-04-16"},{"lineNumber":426,"author":{"gitId":"mamthat"},"content":"        return false;","lastModifiedDate":"2023-04-16"},{"lineNumber":427,"author":{"gitId":"mamthat"},"content":"    }","lastModifiedDate":"2023-04-16"},{"lineNumber":428,"author":{"gitId":"mamthat"},"content":"","lastModifiedDate":"2023-04-16"},{"lineNumber":429,"author":{"gitId":"mamthat"},"content":"    ","lastModifiedDate":"2023-04-16"},{"lineNumber":430,"author":{"gitId":"-"},"content":"}","lastModifiedDate":"2019-07-29"}],"authorContributionMap":{"mamthat":426,"-":4}},{"path":"src/main/java/DukeException.java","fileType":"java","lines":[{"lineNumber":1,"author":{"gitId":"mamthat"},"content":"public class DukeException extends Exception {","lastModifiedDate":"2023-03-20"},{"lineNumber":2,"author":{"gitId":"mamthat"},"content":"    ","lastModifiedDate":"2023-03-20"},{"lineNumber":3,"author":{"gitId":"mamthat"},"content":"}","lastModifiedDate":"2023-03-20"}],"authorContributionMap":{"mamthat":3}},{"path":"src/main/java/Event.java","fileType":"java","lines":[{"lineNumber":1,"author":{"gitId":"mamthat"},"content":"public class Event extends Task{","lastModifiedDate":"2023-03-20"},{"lineNumber":2,"author":{"gitId":"mamthat"},"content":"    protected String from;","lastModifiedDate":"2023-03-20"},{"lineNumber":3,"author":{"gitId":"mamthat"},"content":"    protected String to;","lastModifiedDate":"2023-03-20"},{"lineNumber":4,"author":{"gitId":"mamthat"},"content":"","lastModifiedDate":"2023-03-20"},{"lineNumber":5,"author":{"gitId":"mamthat"},"content":"    public Event(String taskName, String from, String to) {","lastModifiedDate":"2023-03-20"},{"lineNumber":6,"author":{"gitId":"mamthat"},"content":"        super(taskName);","lastModifiedDate":"2023-03-20"},{"lineNumber":7,"author":{"gitId":"mamthat"},"content":"        this.from \u003d from;","lastModifiedDate":"2023-03-20"},{"lineNumber":8,"author":{"gitId":"mamthat"},"content":"        this.to \u003d to;","lastModifiedDate":"2023-03-20"},{"lineNumber":9,"author":{"gitId":"mamthat"},"content":"    }","lastModifiedDate":"2023-03-20"},{"lineNumber":10,"author":{"gitId":"mamthat"},"content":"","lastModifiedDate":"2023-03-20"},{"lineNumber":11,"author":{"gitId":"mamthat"},"content":"    @Override ","lastModifiedDate":"2023-03-20"},{"lineNumber":12,"author":{"gitId":"mamthat"},"content":"    public String toString() {","lastModifiedDate":"2023-03-20"},{"lineNumber":13,"author":{"gitId":"mamthat"},"content":"        return \"[E]\" + super.toString() + \" (from: \" + from + \" to: \" + to + \")\";","lastModifiedDate":"2023-03-20"},{"lineNumber":14,"author":{"gitId":"mamthat"},"content":"    }","lastModifiedDate":"2023-03-20"},{"lineNumber":15,"author":{"gitId":"mamthat"},"content":"}","lastModifiedDate":"2023-03-20"}],"authorContributionMap":{"mamthat":15}},{"path":"src/main/java/Task.java","fileType":"java","lines":[{"lineNumber":1,"author":{"gitId":"mamthat"},"content":"public class Task {","lastModifiedDate":"2023-03-20"},{"lineNumber":2,"author":{"gitId":"mamthat"},"content":"    protected String taskName;","lastModifiedDate":"2023-03-20"},{"lineNumber":3,"author":{"gitId":"mamthat"},"content":"    protected Boolean status;","lastModifiedDate":"2023-03-20"},{"lineNumber":4,"author":{"gitId":"mamthat"},"content":"","lastModifiedDate":"2023-03-20"},{"lineNumber":5,"author":{"gitId":"mamthat"},"content":"    public Task(){","lastModifiedDate":"2023-03-20"},{"lineNumber":6,"author":{"gitId":"mamthat"},"content":"        this(\"Default Task\");","lastModifiedDate":"2023-03-20"},{"lineNumber":7,"author":{"gitId":"mamthat"},"content":"    }","lastModifiedDate":"2023-03-20"},{"lineNumber":8,"author":{"gitId":"mamthat"},"content":"","lastModifiedDate":"2023-03-20"},{"lineNumber":9,"author":{"gitId":"mamthat"},"content":"    public Task(String taskName) {","lastModifiedDate":"2023-03-20"},{"lineNumber":10,"author":{"gitId":"mamthat"},"content":"        this.taskName \u003d taskName;","lastModifiedDate":"2023-03-20"},{"lineNumber":11,"author":{"gitId":"mamthat"},"content":"        this.status \u003d false;","lastModifiedDate":"2023-03-20"},{"lineNumber":12,"author":{"gitId":"mamthat"},"content":"    }","lastModifiedDate":"2023-03-20"},{"lineNumber":13,"author":{"gitId":"mamthat"},"content":"","lastModifiedDate":"2023-03-20"},{"lineNumber":14,"author":{"gitId":"mamthat"},"content":"    @Override","lastModifiedDate":"2023-03-20"},{"lineNumber":15,"author":{"gitId":"mamthat"},"content":"    public String toString() {","lastModifiedDate":"2023-03-20"},{"lineNumber":16,"author":{"gitId":"mamthat"},"content":"        return \"[\" + getStatusIcon() + \"] \" + taskName;","lastModifiedDate":"2023-03-20"},{"lineNumber":17,"author":{"gitId":"mamthat"},"content":"    }","lastModifiedDate":"2023-03-20"},{"lineNumber":18,"author":{"gitId":"mamthat"},"content":"","lastModifiedDate":"2023-03-20"},{"lineNumber":19,"author":{"gitId":"mamthat"},"content":"    public String getTaskName() {","lastModifiedDate":"2023-03-20"},{"lineNumber":20,"author":{"gitId":"mamthat"},"content":"        return taskName;","lastModifiedDate":"2023-03-20"},{"lineNumber":21,"author":{"gitId":"mamthat"},"content":"    }","lastModifiedDate":"2023-03-20"},{"lineNumber":22,"author":{"gitId":"mamthat"},"content":"","lastModifiedDate":"2023-03-20"},{"lineNumber":23,"author":{"gitId":"mamthat"},"content":"    public Boolean getStatus() {","lastModifiedDate":"2023-03-20"},{"lineNumber":24,"author":{"gitId":"mamthat"},"content":"        return status;","lastModifiedDate":"2023-03-20"},{"lineNumber":25,"author":{"gitId":"mamthat"},"content":"    }","lastModifiedDate":"2023-03-20"},{"lineNumber":26,"author":{"gitId":"mamthat"},"content":"","lastModifiedDate":"2023-03-20"},{"lineNumber":27,"author":{"gitId":"mamthat"},"content":"    public String getStatusIcon() {","lastModifiedDate":"2023-03-20"},{"lineNumber":28,"author":{"gitId":"mamthat"},"content":"        return (status ? \"X\" : \" \");","lastModifiedDate":"2023-03-20"},{"lineNumber":29,"author":{"gitId":"mamthat"},"content":"    }","lastModifiedDate":"2023-03-20"},{"lineNumber":30,"author":{"gitId":"mamthat"},"content":"","lastModifiedDate":"2023-03-20"},{"lineNumber":31,"author":{"gitId":"mamthat"},"content":"    public void setItemName(String taskName) {","lastModifiedDate":"2023-03-20"},{"lineNumber":32,"author":{"gitId":"mamthat"},"content":"        this.taskName \u003d taskName;","lastModifiedDate":"2023-03-20"},{"lineNumber":33,"author":{"gitId":"mamthat"},"content":"    }","lastModifiedDate":"2023-03-20"},{"lineNumber":34,"author":{"gitId":"mamthat"},"content":"","lastModifiedDate":"2023-03-20"},{"lineNumber":35,"author":{"gitId":"mamthat"},"content":"    public void setStatus(Boolean status) {","lastModifiedDate":"2023-03-20"},{"lineNumber":36,"author":{"gitId":"mamthat"},"content":"        this.status \u003d status;","lastModifiedDate":"2023-03-20"},{"lineNumber":37,"author":{"gitId":"mamthat"},"content":"    }","lastModifiedDate":"2023-03-20"},{"lineNumber":38,"author":{"gitId":"mamthat"},"content":"}","lastModifiedDate":"2023-03-20"}],"authorContributionMap":{"mamthat":38}},{"path":"src/main/java/TaskOperationTypeEnum.java","fileType":"java","lines":[{"lineNumber":1,"author":{"gitId":"mamthat"},"content":"enum TaskOperationTypePrefix {","lastModifiedDate":"2023-04-16"},{"lineNumber":2,"author":{"gitId":"mamthat"},"content":"    D,","lastModifiedDate":"2023-04-16"},{"lineNumber":3,"author":{"gitId":"mamthat"},"content":"    E,","lastModifiedDate":"2023-04-16"},{"lineNumber":4,"author":{"gitId":"mamthat"},"content":"    T, ","lastModifiedDate":"2023-04-16"},{"lineNumber":5,"author":{"gitId":"mamthat"},"content":"}","lastModifiedDate":"2023-04-16"},{"lineNumber":6,"author":{"gitId":"mamthat"},"content":"","lastModifiedDate":"2023-04-16"},{"lineNumber":7,"author":{"gitId":"mamthat"},"content":"enum TaskOperationTypeAction {","lastModifiedDate":"2023-04-16"},{"lineNumber":8,"author":{"gitId":"mamthat"},"content":"    deadline,","lastModifiedDate":"2023-04-16"},{"lineNumber":9,"author":{"gitId":"mamthat"},"content":"    event,","lastModifiedDate":"2023-04-16"},{"lineNumber":10,"author":{"gitId":"mamthat"},"content":"    todo, ","lastModifiedDate":"2023-04-16"},{"lineNumber":11,"author":{"gitId":"mamthat"},"content":"}","lastModifiedDate":"2023-04-16"},{"lineNumber":12,"author":{"gitId":"mamthat"},"content":"","lastModifiedDate":"2023-04-16"},{"lineNumber":13,"author":{"gitId":"mamthat"},"content":"","lastModifiedDate":"2023-04-16"}],"authorContributionMap":{"mamthat":13}},{"path":"src/main/java/TaskUpdateTypeEnum.java","fileType":"java","lines":[{"lineNumber":1,"author":{"gitId":"mamthat"},"content":"enum TaskUpdateType {","lastModifiedDate":"2023-04-16"},{"lineNumber":2,"author":{"gitId":"mamthat"},"content":"    INSERT,","lastModifiedDate":"2023-04-16"},{"lineNumber":3,"author":{"gitId":"mamthat"},"content":"    UPDATE,","lastModifiedDate":"2023-04-16"},{"lineNumber":4,"author":{"gitId":"mamthat"},"content":"    DELETE, ","lastModifiedDate":"2023-04-16"},{"lineNumber":5,"author":{"gitId":"mamthat"},"content":"}","lastModifiedDate":"2023-04-16"}],"authorContributionMap":{"mamthat":5}},{"path":"src/main/java/Todo.java","fileType":"java","lines":[{"lineNumber":1,"author":{"gitId":"mamthat"},"content":"public class Todo extends Task {","lastModifiedDate":"2023-03-20"},{"lineNumber":2,"author":{"gitId":"mamthat"},"content":"    protected boolean toDo;","lastModifiedDate":"2023-03-20"},{"lineNumber":3,"author":{"gitId":"mamthat"},"content":"","lastModifiedDate":"2023-03-20"},{"lineNumber":4,"author":{"gitId":"mamthat"},"content":"    public Todo(String taskName, boolean toDo) {","lastModifiedDate":"2023-03-20"},{"lineNumber":5,"author":{"gitId":"mamthat"},"content":"        super(taskName);","lastModifiedDate":"2023-03-20"},{"lineNumber":6,"author":{"gitId":"mamthat"},"content":"        this.toDo \u003d toDo;","lastModifiedDate":"2023-03-20"},{"lineNumber":7,"author":{"gitId":"mamthat"},"content":"    }","lastModifiedDate":"2023-03-20"},{"lineNumber":8,"author":{"gitId":"mamthat"},"content":"","lastModifiedDate":"2023-03-20"},{"lineNumber":9,"author":{"gitId":"mamthat"},"content":"    @Override","lastModifiedDate":"2023-03-20"},{"lineNumber":10,"author":{"gitId":"mamthat"},"content":"    public String toString() {","lastModifiedDate":"2023-03-20"},{"lineNumber":11,"author":{"gitId":"mamthat"},"content":"        return \"[T]\" + super.toString();","lastModifiedDate":"2023-03-20"},{"lineNumber":12,"author":{"gitId":"mamthat"},"content":"    }","lastModifiedDate":"2023-03-20"},{"lineNumber":13,"author":{"gitId":"mamthat"},"content":"}","lastModifiedDate":"2023-03-20"}],"authorContributionMap":{"mamthat":13}},{"path":"text-ui-test/input.txt","fileType":"txt","lines":[{"lineNumber":1,"author":{"gitId":"mamthat"},"content":"read book","lastModifiedDate":"2023-03-20"},{"lineNumber":2,"author":{"gitId":"mamthat"},"content":"return book","lastModifiedDate":"2023-03-20"},{"lineNumber":3,"author":{"gitId":"mamthat"},"content":"buy bread","lastModifiedDate":"2023-03-20"},{"lineNumber":4,"author":{"gitId":"mamthat"},"content":"list","lastModifiedDate":"2023-03-20"},{"lineNumber":5,"author":{"gitId":"mamthat"},"content":"mark 2","lastModifiedDate":"2023-03-20"},{"lineNumber":6,"author":{"gitId":"mamthat"},"content":"list","lastModifiedDate":"2023-03-20"},{"lineNumber":7,"author":{"gitId":"mamthat"},"content":"unmark 2","lastModifiedDate":"2023-03-20"},{"lineNumber":8,"author":{"gitId":"mamthat"},"content":"list","lastModifiedDate":"2023-03-20"},{"lineNumber":9,"author":{"gitId":"mamthat"},"content":"bye","lastModifiedDate":"2023-03-20"}],"authorContributionMap":{"mamthat":9}}]
