{"authorDailyContributionsMap":{"mamthat":[{"date":"2023-02-10","commitResults":[{"hash":"6dbdfb6a33a58a384e82359fe5d8413f37713b96","isMergeCommit":false,"messageTitle":"Level-1","messageBody":"","fileTypesAndContributionMap":{"java":{"insertions":18,"deletions":6}}},{"hash":"2eb5a3620421eefa521ea2a5ee1904589c35b5dd","isMergeCommit":false,"messageTitle":"Level-2","messageBody":"","fileTypesAndContributionMap":{"java":{"insertions":24,"deletions":8}}}]},{"date":"2023-03-13","commitResults":[{"hash":"1dfb9b17dca1eaf10e71c396b8cb235a18a6c300","isMergeCommit":false,"messageTitle":"Level-3","messageBody":"","fileTypesAndContributionMap":{"java":{"insertions":135,"deletions":21}}}]},{"date":"2023-03-20","commitResults":[{"hash":"1796f057636293b183715b4f5b7133ba974bd139","isMergeCommit":false,"messageTitle":"Updating \u0027Item\u0027 class to \u0027Task\u0027","messageBody":"Updating \u0027Item\u0027 class to \u0027Task\u0027 and its respective methods for better readability\n","fileTypesAndContributionMap":{"java":{"insertions":35,"deletions":35}}},{"hash":"80db58040c94763da82fc42a5cf2d34cd6f93c4a","isMergeCommit":false,"messageTitle":"A-TextUiTesting","messageBody":"Test using the I/O redirection technique\n","fileTypesAndContributionMap":{"txt":{"insertions":9,"deletions":0},"sh":{"insertions":0,"deletions":0}}},{"hash":"d3d9595f5e7c138198ae668fed35f7e3aeb6054d","isMergeCommit":false,"messageTitle":"Updating Task constructor","messageBody":"Part of Level-3\n","fileTypesAndContributionMap":{"java":{"insertions":6,"deletions":6}}},{"hash":"fccbd70703f8e65c52528fc93be58969dcd18643","isMergeCommit":false,"messageTitle":"Level-4","messageBody":"","fileTypesAndContributionMap":{"java":{"insertions":172,"deletions":45}}},{"hash":"0de6be8711e0fa33b6711df59f40ea8836a5ef50","isMergeCommit":false,"messageTitle":"Level-5","messageBody":"","fileTypesAndContributionMap":{"java":{"insertions":124,"deletions":74}}},{"hash":"3aecf6b24c6fe82f4aa7c712c40067229ae73f90","isMergeCommit":false,"messageTitle":"Level-6 \u0026 A-Enums","messageBody":"","fileTypesAndContributionMap":{"java":{"insertions":56,"deletions":18}}}]},{"date":"2023-04-16","commitResults":[{"hash":"d143a9272b8b9b4ad10b832fdc23100b423d900d","isMergeCommit":false,"messageTitle":"Level-7","messageBody":"","fileTypesAndContributionMap":{"txt":{"insertions":12,"deletions":0},"java":{"insertions":199,"deletions":36}}}]}]},"authorFileTypeContributionMap":{"mamthat":{"java":526,"md":0,"fxml":0,"sh":0,"bat":0,"gradle":0,"txt":21}},"authorContributionVariance":{"mamthat":4223.118},"authorDisplayNameMap":{"mamthat":"TADI..MTHA"}}
