{"authorDailyContributionsMap":{"mamthat":[{"date":"2023-02-10","commitResults":[{"hash":"6dbdfb6a33a58a384e82359fe5d8413f37713b96","messageTitle":"Level-1","messageBody":"","fileTypesAndContributionMap":{"java":{"insertions":18,"deletions":6}}},{"hash":"2eb5a3620421eefa521ea2a5ee1904589c35b5dd","messageTitle":"Level-2","messageBody":"","fileTypesAndContributionMap":{"java":{"insertions":24,"deletions":8}}}]}]},"authorFileTypeContributionMap":{"mamthat":{"java":34,"md":0,"fxml":0,"sh":0,"bat":0,"gradle":0,"txt":0}},"authorContributionVariance":{"mamthat":92.150604},"authorDisplayNameMap":{"mamthat":"TADI..MTHA"}}
