[{"path":"src/main/java/Deadline.java","fileType":"java","lines":[{"lineNumber":1,"author":{"gitId":"Haoxuan0405"},"content":"public class Deadline extends Task{","lastModifiedDate":"2023-02-11"},{"lineNumber":2,"author":{"gitId":"Haoxuan0405"},"content":"    protected String by;","lastModifiedDate":"2023-02-11"},{"lineNumber":3,"author":{"gitId":"Haoxuan0405"},"content":"","lastModifiedDate":"2023-02-11"},{"lineNumber":4,"author":{"gitId":"Haoxuan0405"},"content":"    public Deadline(String description, String by) {","lastModifiedDate":"2023-02-11"},{"lineNumber":5,"author":{"gitId":"Haoxuan0405"},"content":"        super(description);","lastModifiedDate":"2023-02-11"},{"lineNumber":6,"author":{"gitId":"Haoxuan0405"},"content":"        this.by \u003d by;","lastModifiedDate":"2023-02-11"},{"lineNumber":7,"author":{"gitId":"Haoxuan0405"},"content":"    }","lastModifiedDate":"2023-02-11"},{"lineNumber":8,"author":{"gitId":"Haoxuan0405"},"content":"","lastModifiedDate":"2023-02-11"},{"lineNumber":9,"author":{"gitId":"Haoxuan0405"},"content":"    public String toString(){","lastModifiedDate":"2023-02-11"},{"lineNumber":10,"author":{"gitId":"Haoxuan0405"},"content":"        return \"[D]\" + super.toString() + \"(by: \" + by + \")\";","lastModifiedDate":"2023-02-11"},{"lineNumber":11,"author":{"gitId":"Haoxuan0405"},"content":"    }","lastModifiedDate":"2023-02-11"},{"lineNumber":12,"author":{"gitId":"Haoxuan0405"},"content":"}","lastModifiedDate":"2023-02-11"}],"authorContributionMap":{"Haoxuan0405":12}},{"path":"src/main/java/Duke.java","fileType":"java","lines":[{"lineNumber":1,"author":{"gitId":"Haoxuan0405"},"content":"import java.util.ArrayList;","lastModifiedDate":"2023-02-06"},{"lineNumber":2,"author":{"gitId":"Haoxuan0405"},"content":"import java.util.List;","lastModifiedDate":"2023-02-06"},{"lineNumber":3,"author":{"gitId":"Haoxuan0405"},"content":"import java.util.Scanner;","lastModifiedDate":"2023-02-06"},{"lineNumber":4,"author":{"gitId":"Haoxuan0405"},"content":"","lastModifiedDate":"2023-02-06"},{"lineNumber":5,"author":{"gitId":"-"},"content":"public class Duke {","lastModifiedDate":"2019-07-29"},{"lineNumber":6,"author":{"gitId":"-"},"content":"    public static void main(String[] args) {","lastModifiedDate":"2019-07-29"},{"lineNumber":7,"author":{"gitId":"-"},"content":"        String logo \u003d \" ____        _        \\n\"","lastModifiedDate":"2019-07-29"},{"lineNumber":8,"author":{"gitId":"-"},"content":"                + \"|  _ \\\\ _   _| | _____ \\n\"","lastModifiedDate":"2019-07-29"},{"lineNumber":9,"author":{"gitId":"-"},"content":"                + \"| | | | | | | |/ / _ \\\\\\n\"","lastModifiedDate":"2019-07-29"},{"lineNumber":10,"author":{"gitId":"-"},"content":"                + \"| |_| | |_| |   \u003c  __/\\n\"","lastModifiedDate":"2019-07-29"},{"lineNumber":11,"author":{"gitId":"-"},"content":"                + \"|____/ \\\\__,_|_|\\\\_\\\\___|\\n\";","lastModifiedDate":"2019-07-29"},{"lineNumber":12,"author":{"gitId":"-"},"content":"        System.out.println(\"Hello from\\n\" + logo);","lastModifiedDate":"2019-07-29"},{"lineNumber":13,"author":{"gitId":"Haoxuan0405"},"content":"        String space \u003d \" \", line \u003d \"____________________________________________________________\";","lastModifiedDate":"2023-02-06"},{"lineNumber":14,"author":{"gitId":"Haoxuan0405"},"content":"        System.out.println(line);","lastModifiedDate":"2023-02-06"},{"lineNumber":15,"author":{"gitId":"Haoxuan0405"},"content":"        System.out.println(space + \"Hello! I\u0027m Duke\\n\" + space +\"What can I do for you?\");","lastModifiedDate":"2023-02-06"},{"lineNumber":16,"author":{"gitId":"Haoxuan0405"},"content":"        System.out.println(line);","lastModifiedDate":"2023-02-06"},{"lineNumber":17,"author":{"gitId":"Haoxuan0405"},"content":"","lastModifiedDate":"2023-02-06"},{"lineNumber":18,"author":{"gitId":"Haoxuan0405"},"content":"        String command, splitCommand, restCommand;","lastModifiedDate":"2023-02-06"},{"lineNumber":19,"author":{"gitId":"Haoxuan0405"},"content":"        List\u003cTask\u003e lists \u003d new ArrayList\u003c\u003e();","lastModifiedDate":"2023-02-06"},{"lineNumber":20,"author":{"gitId":"Haoxuan0405"},"content":"","lastModifiedDate":"2023-02-06"},{"lineNumber":21,"author":{"gitId":"Haoxuan0405"},"content":"        whileLoop: while (true){","lastModifiedDate":"2023-02-06"},{"lineNumber":22,"author":{"gitId":"Haoxuan0405"},"content":"            command \u003d inputCommand();","lastModifiedDate":"2023-02-06"},{"lineNumber":23,"author":{"gitId":"Haoxuan0405"},"content":"            Task taskInList \u003d new Task(command);","lastModifiedDate":"2023-02-06"},{"lineNumber":24,"author":{"gitId":"Haoxuan0405"},"content":"            splitCommand \u003d command.split(\" \",2)[0];","lastModifiedDate":"2023-02-06"},{"lineNumber":25,"author":{"gitId":"Haoxuan0405"},"content":"","lastModifiedDate":"2023-02-11"},{"lineNumber":26,"author":{"gitId":"Haoxuan0405"},"content":"            switch (splitCommand){","lastModifiedDate":"2023-02-06"},{"lineNumber":27,"author":{"gitId":"Haoxuan0405"},"content":"                case \"bye\":","lastModifiedDate":"2023-02-06"},{"lineNumber":28,"author":{"gitId":"Haoxuan0405"},"content":"                    Echo(\"Bye. Hope to see you again soon!\");","lastModifiedDate":"2023-02-06"},{"lineNumber":29,"author":{"gitId":"Haoxuan0405"},"content":"                    break whileLoop;","lastModifiedDate":"2023-02-06"},{"lineNumber":30,"author":{"gitId":"Haoxuan0405"},"content":"                case \"list\":","lastModifiedDate":"2023-02-06"},{"lineNumber":31,"author":{"gitId":"Haoxuan0405"},"content":"                    printList(lists);","lastModifiedDate":"2023-02-06"},{"lineNumber":32,"author":{"gitId":"Haoxuan0405"},"content":"                    break;","lastModifiedDate":"2023-02-06"},{"lineNumber":33,"author":{"gitId":"Haoxuan0405"},"content":"                case \"mark\": //mark 2","lastModifiedDate":"2023-02-06"},{"lineNumber":34,"author":{"gitId":"Haoxuan0405"},"content":"                    restCommand \u003d command.split(\" \",2)[1];","lastModifiedDate":"2023-02-06"},{"lineNumber":35,"author":{"gitId":"Haoxuan0405"},"content":"                    taskInList \u003d lists.get(Integer.parseInt(restCommand) - 1);","lastModifiedDate":"2023-02-06"},{"lineNumber":36,"author":{"gitId":"Haoxuan0405"},"content":"                    //System.out.println(\"Before mark task: \" + taskInList);","lastModifiedDate":"2023-02-06"},{"lineNumber":37,"author":{"gitId":"Haoxuan0405"},"content":"                    taskInList.Mark();","lastModifiedDate":"2023-02-06"},{"lineNumber":38,"author":{"gitId":"Haoxuan0405"},"content":"                    //System.out.println(\"After mark task: \" + taskInList);","lastModifiedDate":"2023-02-06"},{"lineNumber":39,"author":{"gitId":"Haoxuan0405"},"content":"                    Echo(\"Nice! I\u0027ve marked this task as done: \\n\" + space + space + taskInList);","lastModifiedDate":"2023-02-06"},{"lineNumber":40,"author":{"gitId":"Haoxuan0405"},"content":"                    break;","lastModifiedDate":"2023-02-06"},{"lineNumber":41,"author":{"gitId":"Haoxuan0405"},"content":"                case \"unmark\":","lastModifiedDate":"2023-02-06"},{"lineNumber":42,"author":{"gitId":"Haoxuan0405"},"content":"                    restCommand \u003d command.split(\" \",2)[1];","lastModifiedDate":"2023-02-06"},{"lineNumber":43,"author":{"gitId":"Haoxuan0405"},"content":"                    taskInList \u003d lists.get(Integer.parseInt(restCommand) - 1);","lastModifiedDate":"2023-02-06"},{"lineNumber":44,"author":{"gitId":"Haoxuan0405"},"content":"                    taskInList.unMark();","lastModifiedDate":"2023-02-06"},{"lineNumber":45,"author":{"gitId":"Haoxuan0405"},"content":"                    Echo(\"OK, I\u0027ve marked this task as not done yet: \\n\" + space + space + taskInList);","lastModifiedDate":"2023-02-06"},{"lineNumber":46,"author":{"gitId":"Haoxuan0405"},"content":"                    break;","lastModifiedDate":"2023-02-06"},{"lineNumber":47,"author":{"gitId":"Haoxuan0405"},"content":"                case \"todo\": //todo borrow book","lastModifiedDate":"2023-02-11"},{"lineNumber":48,"author":{"gitId":"Haoxuan0405"},"content":"                    restCommand \u003d command.split(\" \",2)[1];","lastModifiedDate":"2023-02-11"},{"lineNumber":49,"author":{"gitId":"Haoxuan0405"},"content":"                    Todo todo \u003d new Todo(restCommand);","lastModifiedDate":"2023-02-11"},{"lineNumber":50,"author":{"gitId":"Haoxuan0405"},"content":"                    lists.add(todo);","lastModifiedDate":"2023-02-11"},{"lineNumber":51,"author":{"gitId":"Haoxuan0405"},"content":"                    Echo(\"Got it. I\u0027ve added this task: \\n\" + space + space + todo + \"\\n\"","lastModifiedDate":"2023-02-11"},{"lineNumber":52,"author":{"gitId":"Haoxuan0405"},"content":"                    + \" Now you have \"+ lists.size() +\" tasks in the list.\");","lastModifiedDate":"2023-02-11"},{"lineNumber":53,"author":{"gitId":"Haoxuan0405"},"content":"                    break;","lastModifiedDate":"2023-02-11"},{"lineNumber":54,"author":{"gitId":"Haoxuan0405"},"content":"                case \"deadline\": //deadline return book /by Sunday","lastModifiedDate":"2023-02-11"},{"lineNumber":55,"author":{"gitId":"Haoxuan0405"},"content":"                                 //[D][ ] return book (by: Sunday)","lastModifiedDate":"2023-02-11"},{"lineNumber":56,"author":{"gitId":"Haoxuan0405"},"content":"                    restCommand \u003d command.split(\" \",2)[1];","lastModifiedDate":"2023-02-11"},{"lineNumber":57,"author":{"gitId":"Haoxuan0405"},"content":"                    int dividerPosition \u003d restCommand.indexOf(\"/\");","lastModifiedDate":"2023-02-11"},{"lineNumber":58,"author":{"gitId":"Haoxuan0405"},"content":"                    String beforeBy \u003d restCommand.substring(0, dividerPosition);","lastModifiedDate":"2023-02-11"},{"lineNumber":59,"author":{"gitId":"Haoxuan0405"},"content":"                    String afterBy \u003d restCommand.substring(dividerPosition + 4);","lastModifiedDate":"2023-02-11"},{"lineNumber":60,"author":{"gitId":"Haoxuan0405"},"content":"","lastModifiedDate":"2023-02-11"},{"lineNumber":61,"author":{"gitId":"Haoxuan0405"},"content":"                    Deadline deadline \u003d new Deadline(beforeBy, afterBy);","lastModifiedDate":"2023-02-11"},{"lineNumber":62,"author":{"gitId":"Haoxuan0405"},"content":"                    lists.add(deadline);","lastModifiedDate":"2023-02-11"},{"lineNumber":63,"author":{"gitId":"Haoxuan0405"},"content":"                    Echo(\"Got it. I\u0027ve added this task: \\n\" + space + space + deadline + \"\\n\"","lastModifiedDate":"2023-02-11"},{"lineNumber":64,"author":{"gitId":"Haoxuan0405"},"content":"                            + \" Now you have \"+ lists.size() +\" tasks in the list.\");","lastModifiedDate":"2023-02-11"},{"lineNumber":65,"author":{"gitId":"Haoxuan0405"},"content":"                    break;","lastModifiedDate":"2023-02-11"},{"lineNumber":66,"author":{"gitId":"Haoxuan0405"},"content":"                case \"event\": //event project meeting /at Mon 2-4pm","lastModifiedDate":"2023-02-11"},{"lineNumber":67,"author":{"gitId":"Haoxuan0405"},"content":"                    //[E][ ] project meeting (at: Mon 2-4pm)","lastModifiedDate":"2023-02-11"},{"lineNumber":68,"author":{"gitId":"Haoxuan0405"},"content":"                    restCommand \u003d command.split(\" \",2)[1];","lastModifiedDate":"2023-02-11"},{"lineNumber":69,"author":{"gitId":"Haoxuan0405"},"content":"                    int dividerPos \u003d restCommand.indexOf(\"/\");","lastModifiedDate":"2023-02-11"},{"lineNumber":70,"author":{"gitId":"Haoxuan0405"},"content":"                    String beforeAt \u003d restCommand.substring(0, dividerPos);","lastModifiedDate":"2023-02-11"},{"lineNumber":71,"author":{"gitId":"Haoxuan0405"},"content":"                    String afterAt \u003d restCommand.substring(dividerPos + 4);","lastModifiedDate":"2023-02-11"},{"lineNumber":72,"author":{"gitId":"Haoxuan0405"},"content":"","lastModifiedDate":"2023-02-11"},{"lineNumber":73,"author":{"gitId":"Haoxuan0405"},"content":"                    Event event \u003d new Event(beforeAt, afterAt);","lastModifiedDate":"2023-02-11"},{"lineNumber":74,"author":{"gitId":"Haoxuan0405"},"content":"                    lists.add(event);","lastModifiedDate":"2023-02-11"},{"lineNumber":75,"author":{"gitId":"Haoxuan0405"},"content":"                    Echo(\"Got it. I\u0027ve added this task: \\n\" + space + space + event + \"\\n\"","lastModifiedDate":"2023-02-11"},{"lineNumber":76,"author":{"gitId":"Haoxuan0405"},"content":"                            + \" Now you have \"+ lists.size() +\" tasks in the list.\");","lastModifiedDate":"2023-02-11"},{"lineNumber":77,"author":{"gitId":"Haoxuan0405"},"content":"                    break;","lastModifiedDate":"2023-02-11"},{"lineNumber":78,"author":{"gitId":"Haoxuan0405"},"content":"                default:","lastModifiedDate":"2023-02-06"},{"lineNumber":79,"author":{"gitId":"Haoxuan0405"},"content":"                    lists.add(taskInList);","lastModifiedDate":"2023-02-06"},{"lineNumber":80,"author":{"gitId":"Haoxuan0405"},"content":"                    Echo(\"added: \" + command);","lastModifiedDate":"2023-02-06"},{"lineNumber":81,"author":{"gitId":"Haoxuan0405"},"content":"            }","lastModifiedDate":"2023-02-06"},{"lineNumber":82,"author":{"gitId":"Haoxuan0405"},"content":"        }","lastModifiedDate":"2023-02-06"},{"lineNumber":83,"author":{"gitId":"Haoxuan0405"},"content":"    }","lastModifiedDate":"2023-02-06"},{"lineNumber":84,"author":{"gitId":"Haoxuan0405"},"content":"","lastModifiedDate":"2023-02-06"},{"lineNumber":85,"author":{"gitId":"Haoxuan0405"},"content":"    private static void printList(List\u003cTask\u003e lists) {","lastModifiedDate":"2023-02-06"},{"lineNumber":86,"author":{"gitId":"Haoxuan0405"},"content":"        String space \u003d \" \", line \u003d \"____________________________________________________________\";","lastModifiedDate":"2023-02-06"},{"lineNumber":87,"author":{"gitId":"Haoxuan0405"},"content":"        System.out.println(line);","lastModifiedDate":"2023-02-06"},{"lineNumber":88,"author":{"gitId":"Haoxuan0405"},"content":"        System.out.println(space + \"Here are the tasks in your list:\");","lastModifiedDate":"2023-02-06"},{"lineNumber":89,"author":{"gitId":"Haoxuan0405"},"content":"        int taskNum \u003d 0;","lastModifiedDate":"2023-02-06"},{"lineNumber":90,"author":{"gitId":"Haoxuan0405"},"content":"        for(Task list : lists){","lastModifiedDate":"2023-02-06"},{"lineNumber":91,"author":{"gitId":"Haoxuan0405"},"content":"            taskNum ++;","lastModifiedDate":"2023-02-06"},{"lineNumber":92,"author":{"gitId":"Haoxuan0405"},"content":"            System.out.println(space + taskNum + \".\" + list.toString());","lastModifiedDate":"2023-02-06"},{"lineNumber":93,"author":{"gitId":"Haoxuan0405"},"content":"        }","lastModifiedDate":"2023-02-06"},{"lineNumber":94,"author":{"gitId":"Haoxuan0405"},"content":"        System.out.println(line);","lastModifiedDate":"2023-02-06"},{"lineNumber":95,"author":{"gitId":"Haoxuan0405"},"content":"    }","lastModifiedDate":"2023-02-06"},{"lineNumber":96,"author":{"gitId":"Haoxuan0405"},"content":"","lastModifiedDate":"2023-02-06"},{"lineNumber":97,"author":{"gitId":"Haoxuan0405"},"content":"    private static void Echo(String s) {","lastModifiedDate":"2023-02-06"},{"lineNumber":98,"author":{"gitId":"Haoxuan0405"},"content":"        String space \u003d \" \", line \u003d \"____________________________________________________________\";","lastModifiedDate":"2023-02-06"},{"lineNumber":99,"author":{"gitId":"Haoxuan0405"},"content":"        System.out.println(line);","lastModifiedDate":"2023-02-06"},{"lineNumber":100,"author":{"gitId":"Haoxuan0405"},"content":"        System.out.println(space + s);","lastModifiedDate":"2023-02-06"},{"lineNumber":101,"author":{"gitId":"Haoxuan0405"},"content":"        System.out.println(line);","lastModifiedDate":"2023-02-06"},{"lineNumber":102,"author":{"gitId":"Haoxuan0405"},"content":"    }","lastModifiedDate":"2023-02-06"},{"lineNumber":103,"author":{"gitId":"Haoxuan0405"},"content":"","lastModifiedDate":"2023-02-06"},{"lineNumber":104,"author":{"gitId":"Haoxuan0405"},"content":"    private static String inputCommand() {","lastModifiedDate":"2023-02-06"},{"lineNumber":105,"author":{"gitId":"Haoxuan0405"},"content":"        Scanner scanner \u003d new Scanner(System.in);","lastModifiedDate":"2023-02-06"},{"lineNumber":106,"author":{"gitId":"Haoxuan0405"},"content":"        return scanner.nextLine();","lastModifiedDate":"2023-02-06"},{"lineNumber":107,"author":{"gitId":"-"},"content":"    }","lastModifiedDate":"2019-07-29"},{"lineNumber":108,"author":{"gitId":"-"},"content":"}","lastModifiedDate":"2019-07-29"}],"authorContributionMap":{"Haoxuan0405":98,"-":10}},{"path":"src/main/java/Event.java","fileType":"java","lines":[{"lineNumber":1,"author":{"gitId":"Haoxuan0405"},"content":"public class Event extends Task{","lastModifiedDate":"2023-02-11"},{"lineNumber":2,"author":{"gitId":"Haoxuan0405"},"content":"    protected String by;","lastModifiedDate":"2023-02-11"},{"lineNumber":3,"author":{"gitId":"Haoxuan0405"},"content":"","lastModifiedDate":"2023-02-11"},{"lineNumber":4,"author":{"gitId":"Haoxuan0405"},"content":"    public Event(String description,String by) {","lastModifiedDate":"2023-02-11"},{"lineNumber":5,"author":{"gitId":"Haoxuan0405"},"content":"        super(description);","lastModifiedDate":"2023-02-11"},{"lineNumber":6,"author":{"gitId":"Haoxuan0405"},"content":"        this.by \u003d by;","lastModifiedDate":"2023-02-11"},{"lineNumber":7,"author":{"gitId":"Haoxuan0405"},"content":"    }","lastModifiedDate":"2023-02-11"},{"lineNumber":8,"author":{"gitId":"Haoxuan0405"},"content":"","lastModifiedDate":"2023-02-11"},{"lineNumber":9,"author":{"gitId":"Haoxuan0405"},"content":"    @Override","lastModifiedDate":"2023-02-11"},{"lineNumber":10,"author":{"gitId":"Haoxuan0405"},"content":"    public String toString() {","lastModifiedDate":"2023-02-11"},{"lineNumber":11,"author":{"gitId":"Haoxuan0405"},"content":"        return \"[E]\" + super.toString() + \"(at: \" + by + \")\";","lastModifiedDate":"2023-02-11"},{"lineNumber":12,"author":{"gitId":"Haoxuan0405"},"content":"    }","lastModifiedDate":"2023-02-11"},{"lineNumber":13,"author":{"gitId":"Haoxuan0405"},"content":"}","lastModifiedDate":"2023-02-11"}],"authorContributionMap":{"Haoxuan0405":13}},{"path":"src/main/java/Task.java","fileType":"java","lines":[{"lineNumber":1,"author":{"gitId":"Haoxuan0405"},"content":"public class Task {","lastModifiedDate":"2023-02-06"},{"lineNumber":2,"author":{"gitId":"Haoxuan0405"},"content":"    protected String description;","lastModifiedDate":"2023-02-06"},{"lineNumber":3,"author":{"gitId":"Haoxuan0405"},"content":"    protected boolean isDone;","lastModifiedDate":"2023-02-06"},{"lineNumber":4,"author":{"gitId":"Haoxuan0405"},"content":"","lastModifiedDate":"2023-02-06"},{"lineNumber":5,"author":{"gitId":"Haoxuan0405"},"content":"    public Task(String description) {","lastModifiedDate":"2023-02-06"},{"lineNumber":6,"author":{"gitId":"Haoxuan0405"},"content":"        this.description \u003d description;","lastModifiedDate":"2023-02-06"},{"lineNumber":7,"author":{"gitId":"Haoxuan0405"},"content":"        this.isDone \u003d false;","lastModifiedDate":"2023-02-06"},{"lineNumber":8,"author":{"gitId":"Haoxuan0405"},"content":"    }","lastModifiedDate":"2023-02-06"},{"lineNumber":9,"author":{"gitId":"Haoxuan0405"},"content":"","lastModifiedDate":"2023-02-06"},{"lineNumber":10,"author":{"gitId":"Haoxuan0405"},"content":"    public String getTask() {","lastModifiedDate":"2023-02-06"},{"lineNumber":11,"author":{"gitId":"Haoxuan0405"},"content":"        return description;","lastModifiedDate":"2023-02-06"},{"lineNumber":12,"author":{"gitId":"Haoxuan0405"},"content":"    }","lastModifiedDate":"2023-02-06"},{"lineNumber":13,"author":{"gitId":"Haoxuan0405"},"content":"","lastModifiedDate":"2023-02-06"},{"lineNumber":14,"author":{"gitId":"Haoxuan0405"},"content":"    public String getStatusIcon() {","lastModifiedDate":"2023-02-06"},{"lineNumber":15,"author":{"gitId":"Haoxuan0405"},"content":"        return (isDone ? \"X\" : \" \"); // mark done task with X","lastModifiedDate":"2023-02-06"},{"lineNumber":16,"author":{"gitId":"Haoxuan0405"},"content":"    }","lastModifiedDate":"2023-02-06"},{"lineNumber":17,"author":{"gitId":"Haoxuan0405"},"content":"","lastModifiedDate":"2023-02-06"},{"lineNumber":18,"author":{"gitId":"Haoxuan0405"},"content":"    public void Mark(){","lastModifiedDate":"2023-02-06"},{"lineNumber":19,"author":{"gitId":"Haoxuan0405"},"content":"        this.isDone \u003d true;","lastModifiedDate":"2023-02-06"},{"lineNumber":20,"author":{"gitId":"Haoxuan0405"},"content":"    }","lastModifiedDate":"2023-02-06"},{"lineNumber":21,"author":{"gitId":"Haoxuan0405"},"content":"","lastModifiedDate":"2023-02-06"},{"lineNumber":22,"author":{"gitId":"Haoxuan0405"},"content":"    public void unMark(){","lastModifiedDate":"2023-02-06"},{"lineNumber":23,"author":{"gitId":"Haoxuan0405"},"content":"        this.isDone \u003d false;","lastModifiedDate":"2023-02-06"},{"lineNumber":24,"author":{"gitId":"Haoxuan0405"},"content":"    }","lastModifiedDate":"2023-02-06"},{"lineNumber":25,"author":{"gitId":"Haoxuan0405"},"content":"","lastModifiedDate":"2023-02-06"},{"lineNumber":26,"author":{"gitId":"Haoxuan0405"},"content":"    // [X] return book","lastModifiedDate":"2023-02-06"},{"lineNumber":27,"author":{"gitId":"Haoxuan0405"},"content":"    public String toString(){","lastModifiedDate":"2023-02-06"},{"lineNumber":28,"author":{"gitId":"Haoxuan0405"},"content":"        return \"[\" + getStatusIcon() + \"] \" + description;","lastModifiedDate":"2023-02-06"},{"lineNumber":29,"author":{"gitId":"Haoxuan0405"},"content":"    }","lastModifiedDate":"2023-02-06"},{"lineNumber":30,"author":{"gitId":"Haoxuan0405"},"content":"}","lastModifiedDate":"2023-02-06"}],"authorContributionMap":{"Haoxuan0405":30}},{"path":"src/main/java/Todo.java","fileType":"java","lines":[{"lineNumber":1,"author":{"gitId":"Haoxuan0405"},"content":"public class Todo extends Task{","lastModifiedDate":"2023-02-11"},{"lineNumber":2,"author":{"gitId":"Haoxuan0405"},"content":"","lastModifiedDate":"2023-02-11"},{"lineNumber":3,"author":{"gitId":"Haoxuan0405"},"content":"    public Todo(String description) {","lastModifiedDate":"2023-02-11"},{"lineNumber":4,"author":{"gitId":"Haoxuan0405"},"content":"        super(description);","lastModifiedDate":"2023-02-11"},{"lineNumber":5,"author":{"gitId":"Haoxuan0405"},"content":"    }","lastModifiedDate":"2023-02-11"},{"lineNumber":6,"author":{"gitId":"Haoxuan0405"},"content":"","lastModifiedDate":"2023-02-11"},{"lineNumber":7,"author":{"gitId":"Haoxuan0405"},"content":"    @Override","lastModifiedDate":"2023-02-11"},{"lineNumber":8,"author":{"gitId":"Haoxuan0405"},"content":"    public String toString() {","lastModifiedDate":"2023-02-11"},{"lineNumber":9,"author":{"gitId":"Haoxuan0405"},"content":"        return \"[T]\" + super.toString();","lastModifiedDate":"2023-02-11"},{"lineNumber":10,"author":{"gitId":"Haoxuan0405"},"content":"    }","lastModifiedDate":"2023-02-11"},{"lineNumber":11,"author":{"gitId":"Haoxuan0405"},"content":"}","lastModifiedDate":"2023-02-11"}],"authorContributionMap":{"Haoxuan0405":11}}]
