[{"path":"src/main/java/Deadline.java","fileType":"java","lines":[{"lineNumber":1,"author":{"gitId":"Haoxuan0405"},"content":"public class Deadline extends Task{","lastModifiedDate":"2023-02-11"},{"lineNumber":2,"author":{"gitId":"Haoxuan0405"},"content":"    protected String afterBy;","lastModifiedDate":"2023-02-18"},{"lineNumber":3,"author":{"gitId":"Haoxuan0405"},"content":"    public Deadline(String description,String word) {","lastModifiedDate":"2023-02-18"},{"lineNumber":4,"author":{"gitId":"Haoxuan0405"},"content":"        super(description);","lastModifiedDate":"2023-02-11"},{"lineNumber":5,"author":{"gitId":"Haoxuan0405"},"content":"        this.afterBy \u003d word;","lastModifiedDate":"2023-02-18"},{"lineNumber":6,"author":{"gitId":"Haoxuan0405"},"content":"    }","lastModifiedDate":"2023-02-11"},{"lineNumber":7,"author":{"gitId":"Haoxuan0405"},"content":"    public String toString(){","lastModifiedDate":"2023-02-11"},{"lineNumber":8,"author":{"gitId":"Haoxuan0405"},"content":"        return \"[D]\" + super.toString() + \"(by:\" + afterBy + \")\";","lastModifiedDate":"2023-02-18"},{"lineNumber":9,"author":{"gitId":"Haoxuan0405"},"content":"    }","lastModifiedDate":"2023-02-11"},{"lineNumber":10,"author":{"gitId":"Haoxuan0405"},"content":"}","lastModifiedDate":"2023-02-11"}],"authorContributionMap":{"Haoxuan0405":10}},{"path":"src/main/java/Duke.java","fileType":"java","lines":[{"lineNumber":1,"author":{"gitId":"Haoxuan0405"},"content":"import java.util.ArrayList;","lastModifiedDate":"2023-02-06"},{"lineNumber":2,"author":{"gitId":"Haoxuan0405"},"content":"import java.util.List;","lastModifiedDate":"2023-02-06"},{"lineNumber":3,"author":{"gitId":"Haoxuan0405"},"content":"import java.util.Scanner;","lastModifiedDate":"2023-02-06"},{"lineNumber":4,"author":{"gitId":"Haoxuan0405"},"content":"","lastModifiedDate":"2023-02-06"},{"lineNumber":5,"author":{"gitId":"-"},"content":"public class Duke {","lastModifiedDate":"2019-07-29"},{"lineNumber":6,"author":{"gitId":"-"},"content":"    public static void main(String[] args) {","lastModifiedDate":"2023-02-24"},{"lineNumber":7,"author":{"gitId":"-"},"content":"        String logo \u003d \" ____        _        \\n\"","lastModifiedDate":"2019-07-29"},{"lineNumber":8,"author":{"gitId":"-"},"content":"                + \"|  _ \\\\ _   _| | _____ \\n\"","lastModifiedDate":"2019-07-29"},{"lineNumber":9,"author":{"gitId":"-"},"content":"                + \"| | | | | | | |/ / _ \\\\\\n\"","lastModifiedDate":"2019-07-29"},{"lineNumber":10,"author":{"gitId":"-"},"content":"                + \"| |_| | |_| |   \u003c  __/\\n\"","lastModifiedDate":"2019-07-29"},{"lineNumber":11,"author":{"gitId":"-"},"content":"                + \"|____/ \\\\__,_|_|\\\\_\\\\___|\\n\";","lastModifiedDate":"2019-07-29"},{"lineNumber":12,"author":{"gitId":"-"},"content":"        System.out.println(\"Hello from\\n\" + logo);","lastModifiedDate":"2019-07-29"},{"lineNumber":13,"author":{"gitId":"Haoxuan0405"},"content":"        String space \u003d \" \", line \u003d \"____________________________________________________________\";","lastModifiedDate":"2023-02-06"},{"lineNumber":14,"author":{"gitId":"Haoxuan0405"},"content":"        System.out.println(line);","lastModifiedDate":"2023-02-06"},{"lineNumber":15,"author":{"gitId":"Haoxuan0405"},"content":"        System.out.println(space + \"Hello! I\u0027m Duke\\n\" + space +\"What can I do for you?\");","lastModifiedDate":"2023-02-06"},{"lineNumber":16,"author":{"gitId":"Haoxuan0405"},"content":"        System.out.println(line);","lastModifiedDate":"2023-02-06"},{"lineNumber":17,"author":{"gitId":"Haoxuan0405"},"content":"","lastModifiedDate":"2023-02-06"},{"lineNumber":18,"author":{"gitId":"Haoxuan0405"},"content":"        String command, keyCommand, restCommand;","lastModifiedDate":"2023-02-24"},{"lineNumber":19,"author":{"gitId":"Haoxuan0405"},"content":"        ArrayList\u003cTask\u003e lists \u003d new ArrayList\u003c\u003e();","lastModifiedDate":"2023-02-24"},{"lineNumber":20,"author":{"gitId":"Haoxuan0405"},"content":"","lastModifiedDate":"2023-02-06"},{"lineNumber":21,"author":{"gitId":"Haoxuan0405"},"content":"        whileLoop: while (true){","lastModifiedDate":"2023-02-06"},{"lineNumber":22,"author":{"gitId":"Haoxuan0405"},"content":"            command \u003d inputCommand().trim();","lastModifiedDate":"2023-02-18"},{"lineNumber":23,"author":{"gitId":"Haoxuan0405"},"content":"            Task taskInList \u003d new Task(command);","lastModifiedDate":"2023-02-06"},{"lineNumber":24,"author":{"gitId":"Haoxuan0405"},"content":"            try{","lastModifiedDate":"2023-02-18"},{"lineNumber":25,"author":{"gitId":"Haoxuan0405"},"content":"                validateInputCommand(command);","lastModifiedDate":"2023-02-18"},{"lineNumber":26,"author":{"gitId":"Haoxuan0405"},"content":"            }","lastModifiedDate":"2023-02-18"},{"lineNumber":27,"author":{"gitId":"Haoxuan0405"},"content":"            catch (DukeException e){","lastModifiedDate":"2023-02-18"},{"lineNumber":28,"author":{"gitId":"Haoxuan0405"},"content":"                Echo(e.getMessage());","lastModifiedDate":"2023-02-18"},{"lineNumber":29,"author":{"gitId":"Haoxuan0405"},"content":"                continue ;","lastModifiedDate":"2023-02-18"},{"lineNumber":30,"author":{"gitId":"Haoxuan0405"},"content":"            }","lastModifiedDate":"2023-02-18"},{"lineNumber":31,"author":{"gitId":"Haoxuan0405"},"content":"","lastModifiedDate":"2023-02-11"},{"lineNumber":32,"author":{"gitId":"Haoxuan0405"},"content":"            keyCommand \u003d command.split(\" \",2)[0];","lastModifiedDate":"2023-02-18"},{"lineNumber":33,"author":{"gitId":"Haoxuan0405"},"content":"","lastModifiedDate":"2023-02-18"},{"lineNumber":34,"author":{"gitId":"Haoxuan0405"},"content":"            switch (keyCommand){","lastModifiedDate":"2023-02-18"},{"lineNumber":35,"author":{"gitId":"Haoxuan0405"},"content":"                case \"bye\":","lastModifiedDate":"2023-02-06"},{"lineNumber":36,"author":{"gitId":"Haoxuan0405"},"content":"                    Echo(\"Bye. Hope to see you again soon!\");","lastModifiedDate":"2023-02-06"},{"lineNumber":37,"author":{"gitId":"Haoxuan0405"},"content":"                    break whileLoop;","lastModifiedDate":"2023-02-06"},{"lineNumber":38,"author":{"gitId":"Haoxuan0405"},"content":"                case \"list\":","lastModifiedDate":"2023-02-06"},{"lineNumber":39,"author":{"gitId":"Haoxuan0405"},"content":"                    printList(lists);","lastModifiedDate":"2023-02-06"},{"lineNumber":40,"author":{"gitId":"Haoxuan0405"},"content":"                    break;","lastModifiedDate":"2023-02-06"},{"lineNumber":41,"author":{"gitId":"Haoxuan0405"},"content":"                case \"mark\":","lastModifiedDate":"2023-02-18"},{"lineNumber":42,"author":{"gitId":"Haoxuan0405"},"content":"                    restCommand \u003d command.split(\" \",2)[1];","lastModifiedDate":"2023-02-06"},{"lineNumber":43,"author":{"gitId":"Haoxuan0405"},"content":"                    try {","lastModifiedDate":"2023-02-18"},{"lineNumber":44,"author":{"gitId":"Haoxuan0405"},"content":"                        taskInList \u003d lists.get(Integer.parseInt(restCommand) - 1);","lastModifiedDate":"2023-02-06"},{"lineNumber":45,"author":{"gitId":"Haoxuan0405"},"content":"                        taskInList.Mark();","lastModifiedDate":"2023-02-06"},{"lineNumber":46,"author":{"gitId":"Haoxuan0405"},"content":"                        Echo(\"Nice! I\u0027ve marked this task as done: \\n\" + space + space + taskInList);","lastModifiedDate":"2023-02-06"},{"lineNumber":47,"author":{"gitId":"Haoxuan0405"},"content":"                    }","lastModifiedDate":"2023-02-18"},{"lineNumber":48,"author":{"gitId":"Haoxuan0405"},"content":"                    catch(IndexOutOfBoundsException e){","lastModifiedDate":"2023-02-18"},{"lineNumber":49,"author":{"gitId":"Haoxuan0405"},"content":"                        System.out.println(\"☹ OOPS!!! Please key into correct number!\" );","lastModifiedDate":"2023-02-24"},{"lineNumber":50,"author":{"gitId":"Haoxuan0405"},"content":"                    }","lastModifiedDate":"2023-02-24"},{"lineNumber":51,"author":{"gitId":"Haoxuan0405"},"content":"                    catch(NumberFormatException e){","lastModifiedDate":"2023-02-24"},{"lineNumber":52,"author":{"gitId":"Haoxuan0405"},"content":"                        System.out.println(\"☹ OOPS!!! Please key into correct number!\" );","lastModifiedDate":"2023-02-24"},{"lineNumber":53,"author":{"gitId":"Haoxuan0405"},"content":"                    }","lastModifiedDate":"2023-02-18"},{"lineNumber":54,"author":{"gitId":"Haoxuan0405"},"content":"                    break;","lastModifiedDate":"2023-02-06"},{"lineNumber":55,"author":{"gitId":"Haoxuan0405"},"content":"                case \"unmark\":","lastModifiedDate":"2023-02-06"},{"lineNumber":56,"author":{"gitId":"Haoxuan0405"},"content":"                    restCommand \u003d command.split(\" \",2)[1];","lastModifiedDate":"2023-02-06"},{"lineNumber":57,"author":{"gitId":"Haoxuan0405"},"content":"                    try{","lastModifiedDate":"2023-02-18"},{"lineNumber":58,"author":{"gitId":"Haoxuan0405"},"content":"                        taskInList \u003d lists.get(Integer.parseInt(restCommand) - 1);","lastModifiedDate":"2023-02-06"},{"lineNumber":59,"author":{"gitId":"Haoxuan0405"},"content":"                        taskInList.unMark();","lastModifiedDate":"2023-02-06"},{"lineNumber":60,"author":{"gitId":"Haoxuan0405"},"content":"                        Echo(\"OK, I\u0027ve marked this task as not done yet: \\n\" + space + space + taskInList);","lastModifiedDate":"2023-02-06"},{"lineNumber":61,"author":{"gitId":"Haoxuan0405"},"content":"                    }","lastModifiedDate":"2023-02-18"},{"lineNumber":62,"author":{"gitId":"Haoxuan0405"},"content":"                    catch(IndexOutOfBoundsException e){","lastModifiedDate":"2023-02-18"},{"lineNumber":63,"author":{"gitId":"Haoxuan0405"},"content":"                        System.out.println(\"☹ OOPS!!! Please key into correct number!\" );","lastModifiedDate":"2023-02-18"},{"lineNumber":64,"author":{"gitId":"Haoxuan0405"},"content":"                    }","lastModifiedDate":"2023-02-18"},{"lineNumber":65,"author":{"gitId":"Haoxuan0405"},"content":"                    catch(NumberFormatException e){","lastModifiedDate":"2023-02-24"},{"lineNumber":66,"author":{"gitId":"Haoxuan0405"},"content":"                        System.out.println(\"☹ OOPS!!! Please key into correct number!\" );","lastModifiedDate":"2023-02-24"},{"lineNumber":67,"author":{"gitId":"Haoxuan0405"},"content":"                    }","lastModifiedDate":"2023-02-24"},{"lineNumber":68,"author":{"gitId":"Haoxuan0405"},"content":"                    break;","lastModifiedDate":"2023-02-06"},{"lineNumber":69,"author":{"gitId":"Haoxuan0405"},"content":"                case \"todo\":","lastModifiedDate":"2023-02-18"},{"lineNumber":70,"author":{"gitId":"Haoxuan0405"},"content":"                    restCommand \u003d command.split(\" \",2)[1];","lastModifiedDate":"2023-02-11"},{"lineNumber":71,"author":{"gitId":"Haoxuan0405"},"content":"                    Task todo \u003d new Todo(restCommand);","lastModifiedDate":"2023-02-18"},{"lineNumber":72,"author":{"gitId":"Haoxuan0405"},"content":"                    lists.add(todo);","lastModifiedDate":"2023-02-11"},{"lineNumber":73,"author":{"gitId":"Haoxuan0405"},"content":"                    Echo(\"Got it. I\u0027ve added this task:\\n\"+ space + space + todo","lastModifiedDate":"2023-02-18"},{"lineNumber":74,"author":{"gitId":"Haoxuan0405"},"content":"                            + \"\\n Now you have \" + lists.size() + \" tasks in the list.\");","lastModifiedDate":"2023-02-18"},{"lineNumber":75,"author":{"gitId":"Haoxuan0405"},"content":"                    break;","lastModifiedDate":"2023-02-11"},{"lineNumber":76,"author":{"gitId":"Haoxuan0405"},"content":"                case \"deadline\":","lastModifiedDate":"2023-02-18"},{"lineNumber":77,"author":{"gitId":"Haoxuan0405"},"content":"                    restCommand \u003d command.split(\" \",2)[1];","lastModifiedDate":"2023-02-11"},{"lineNumber":78,"author":{"gitId":"Haoxuan0405"},"content":"                    String beforeBy,afterBy;","lastModifiedDate":"2023-02-18"},{"lineNumber":79,"author":{"gitId":"Haoxuan0405"},"content":"                    beforeBy \u003d restCommand.split(\"/by\")[0];","lastModifiedDate":"2023-02-18"},{"lineNumber":80,"author":{"gitId":"Haoxuan0405"},"content":"                    afterBy \u003d restCommand.split(\"/by\")[1];","lastModifiedDate":"2023-02-18"},{"lineNumber":81,"author":{"gitId":"Haoxuan0405"},"content":"                    Task deadline \u003d new Deadline(beforeBy,afterBy);","lastModifiedDate":"2023-02-18"},{"lineNumber":82,"author":{"gitId":"Haoxuan0405"},"content":"                    lists.add(deadline);","lastModifiedDate":"2023-02-11"},{"lineNumber":83,"author":{"gitId":"Haoxuan0405"},"content":"                    Echo(\"Got it. I\u0027ve added this task:\\n\"+ space + space + deadline","lastModifiedDate":"2023-02-18"},{"lineNumber":84,"author":{"gitId":"Haoxuan0405"},"content":"                            + \"\\n Now you have \" + lists.size() + \" tasks in the list.\");","lastModifiedDate":"2023-02-18"},{"lineNumber":85,"author":{"gitId":"Haoxuan0405"},"content":"                    break;","lastModifiedDate":"2023-02-11"},{"lineNumber":86,"author":{"gitId":"Haoxuan0405"},"content":"                case \"event\":","lastModifiedDate":"2023-02-18"},{"lineNumber":87,"author":{"gitId":"Haoxuan0405"},"content":"                    restCommand \u003d command.split(\" \",2)[1];","lastModifiedDate":"2023-02-11"},{"lineNumber":88,"author":{"gitId":"Haoxuan0405"},"content":"                    String beforeAt,afterAt;","lastModifiedDate":"2023-02-18"},{"lineNumber":89,"author":{"gitId":"Haoxuan0405"},"content":"                    beforeAt \u003d restCommand.split(\"/at\",2)[0];","lastModifiedDate":"2023-02-18"},{"lineNumber":90,"author":{"gitId":"Haoxuan0405"},"content":"                    afterAt \u003d restCommand.split(\"/at\",2)[1];","lastModifiedDate":"2023-02-18"},{"lineNumber":91,"author":{"gitId":"Haoxuan0405"},"content":"                    Task event \u003d new Event(beforeAt,afterAt);","lastModifiedDate":"2023-02-18"},{"lineNumber":92,"author":{"gitId":"Haoxuan0405"},"content":"                    lists.add(event);","lastModifiedDate":"2023-02-11"},{"lineNumber":93,"author":{"gitId":"Haoxuan0405"},"content":"                    Echo(\"Got it. I\u0027ve added this task:\\n\"+ space + space + event","lastModifiedDate":"2023-02-18"},{"lineNumber":94,"author":{"gitId":"Haoxuan0405"},"content":"                            + \"\\n Now you have \" + lists.size() + \" tasks in the list.\");","lastModifiedDate":"2023-02-18"},{"lineNumber":95,"author":{"gitId":"Haoxuan0405"},"content":"                    break;","lastModifiedDate":"2023-02-11"},{"lineNumber":96,"author":{"gitId":"Haoxuan0405"},"content":"                case \"delete\":","lastModifiedDate":"2023-02-24"},{"lineNumber":97,"author":{"gitId":"Haoxuan0405"},"content":"                    restCommand \u003d command.split(\" \",2)[1];","lastModifiedDate":"2023-02-24"},{"lineNumber":98,"author":{"gitId":"Haoxuan0405"},"content":"                    try{","lastModifiedDate":"2023-02-24"},{"lineNumber":99,"author":{"gitId":"Haoxuan0405"},"content":"                        taskInList \u003d lists.get(Integer.parseInt(restCommand) - 1);","lastModifiedDate":"2023-02-24"},{"lineNumber":100,"author":{"gitId":"Haoxuan0405"},"content":"                        lists.remove(Integer.parseInt(restCommand) - 1);","lastModifiedDate":"2023-02-24"},{"lineNumber":101,"author":{"gitId":"Haoxuan0405"},"content":"                        Echo(\"Noted. I\u0027ve removed this task: \\n\" + space + space + taskInList","lastModifiedDate":"2023-02-24"},{"lineNumber":102,"author":{"gitId":"Haoxuan0405"},"content":"                                + \"\\n Now you have \" + lists.size() + \" tasks in the list.\");","lastModifiedDate":"2023-02-24"},{"lineNumber":103,"author":{"gitId":"Haoxuan0405"},"content":"                    }","lastModifiedDate":"2023-02-24"},{"lineNumber":104,"author":{"gitId":"Haoxuan0405"},"content":"                    catch(IndexOutOfBoundsException e){","lastModifiedDate":"2023-02-24"},{"lineNumber":105,"author":{"gitId":"Haoxuan0405"},"content":"                        System.out.println(\"☹ OOPS!!! Please key into correct number!\" );","lastModifiedDate":"2023-02-24"},{"lineNumber":106,"author":{"gitId":"Haoxuan0405"},"content":"                    }","lastModifiedDate":"2023-02-24"},{"lineNumber":107,"author":{"gitId":"Haoxuan0405"},"content":"                    catch(NumberFormatException e){","lastModifiedDate":"2023-02-24"},{"lineNumber":108,"author":{"gitId":"Haoxuan0405"},"content":"                        System.out.println(\"☹ OOPS!!! Please key into correct number!\" );","lastModifiedDate":"2023-02-24"},{"lineNumber":109,"author":{"gitId":"Haoxuan0405"},"content":"                    }","lastModifiedDate":"2023-02-24"},{"lineNumber":110,"author":{"gitId":"Haoxuan0405"},"content":"                    break;","lastModifiedDate":"2023-02-24"},{"lineNumber":111,"author":{"gitId":"Haoxuan0405"},"content":"                default:","lastModifiedDate":"2023-02-06"},{"lineNumber":112,"author":{"gitId":"Haoxuan0405"},"content":"                    lists.add(taskInList);","lastModifiedDate":"2023-02-06"},{"lineNumber":113,"author":{"gitId":"Haoxuan0405"},"content":"                    Echo(\"added: \" + command);","lastModifiedDate":"2023-02-06"},{"lineNumber":114,"author":{"gitId":"Haoxuan0405"},"content":"            }","lastModifiedDate":"2023-02-06"},{"lineNumber":115,"author":{"gitId":"Haoxuan0405"},"content":"        }","lastModifiedDate":"2023-02-06"},{"lineNumber":116,"author":{"gitId":"Haoxuan0405"},"content":"    }","lastModifiedDate":"2023-02-06"},{"lineNumber":117,"author":{"gitId":"Haoxuan0405"},"content":"","lastModifiedDate":"2023-02-06"},{"lineNumber":118,"author":{"gitId":"Haoxuan0405"},"content":"    private static void printList(List\u003cTask\u003e lists) {","lastModifiedDate":"2023-02-06"},{"lineNumber":119,"author":{"gitId":"Haoxuan0405"},"content":"        String space \u003d \" \", line \u003d \"____________________________________________________________\";","lastModifiedDate":"2023-02-06"},{"lineNumber":120,"author":{"gitId":"Haoxuan0405"},"content":"        System.out.println(line);","lastModifiedDate":"2023-02-06"},{"lineNumber":121,"author":{"gitId":"Haoxuan0405"},"content":"        System.out.println(space + \"Here are the tasks in your list:\");","lastModifiedDate":"2023-02-06"},{"lineNumber":122,"author":{"gitId":"Haoxuan0405"},"content":"        int taskNum \u003d 0;","lastModifiedDate":"2023-02-06"},{"lineNumber":123,"author":{"gitId":"Haoxuan0405"},"content":"        for(Task list : lists){","lastModifiedDate":"2023-02-06"},{"lineNumber":124,"author":{"gitId":"Haoxuan0405"},"content":"            taskNum ++;","lastModifiedDate":"2023-02-06"},{"lineNumber":125,"author":{"gitId":"Haoxuan0405"},"content":"            System.out.println(space + taskNum + \".\" + list.toString());","lastModifiedDate":"2023-02-06"},{"lineNumber":126,"author":{"gitId":"Haoxuan0405"},"content":"        }","lastModifiedDate":"2023-02-06"},{"lineNumber":127,"author":{"gitId":"Haoxuan0405"},"content":"        System.out.println(line);","lastModifiedDate":"2023-02-06"},{"lineNumber":128,"author":{"gitId":"Haoxuan0405"},"content":"    }","lastModifiedDate":"2023-02-06"},{"lineNumber":129,"author":{"gitId":"Haoxuan0405"},"content":"","lastModifiedDate":"2023-02-06"},{"lineNumber":130,"author":{"gitId":"Haoxuan0405"},"content":"    private static void Echo(String s) {","lastModifiedDate":"2023-02-06"},{"lineNumber":131,"author":{"gitId":"Haoxuan0405"},"content":"        String space \u003d \" \", line \u003d \"____________________________________________________________\";","lastModifiedDate":"2023-02-06"},{"lineNumber":132,"author":{"gitId":"Haoxuan0405"},"content":"        System.out.println(line);","lastModifiedDate":"2023-02-06"},{"lineNumber":133,"author":{"gitId":"Haoxuan0405"},"content":"        System.out.println(space + s);","lastModifiedDate":"2023-02-06"},{"lineNumber":134,"author":{"gitId":"Haoxuan0405"},"content":"        System.out.println(line);","lastModifiedDate":"2023-02-06"},{"lineNumber":135,"author":{"gitId":"Haoxuan0405"},"content":"    }","lastModifiedDate":"2023-02-06"},{"lineNumber":136,"author":{"gitId":"Haoxuan0405"},"content":"","lastModifiedDate":"2023-02-06"},{"lineNumber":137,"author":{"gitId":"Haoxuan0405"},"content":"    private static String inputCommand() {","lastModifiedDate":"2023-02-06"},{"lineNumber":138,"author":{"gitId":"Haoxuan0405"},"content":"        Scanner scanner \u003d new Scanner(System.in);","lastModifiedDate":"2023-02-06"},{"lineNumber":139,"author":{"gitId":"Haoxuan0405"},"content":"        return scanner.nextLine();","lastModifiedDate":"2023-02-06"},{"lineNumber":140,"author":{"gitId":"-"},"content":"    }","lastModifiedDate":"2019-07-29"},{"lineNumber":141,"author":{"gitId":"Haoxuan0405"},"content":"    private static void validateInputCommand(String inputCommand) throws DukeException{","lastModifiedDate":"2023-02-18"},{"lineNumber":142,"author":{"gitId":"Haoxuan0405"},"content":"        String keyInput;","lastModifiedDate":"2023-02-18"},{"lineNumber":143,"author":{"gitId":"Haoxuan0405"},"content":"        keyInput \u003d inputCommand.split(\" \",2)[0];","lastModifiedDate":"2023-02-18"},{"lineNumber":144,"author":{"gitId":"Haoxuan0405"},"content":"        switch (keyInput) {","lastModifiedDate":"2023-02-18"},{"lineNumber":145,"author":{"gitId":"Haoxuan0405"},"content":"            case \"list\":","lastModifiedDate":"2023-02-18"},{"lineNumber":146,"author":{"gitId":"Haoxuan0405"},"content":"            case \"bye\":","lastModifiedDate":"2023-02-18"},{"lineNumber":147,"author":{"gitId":"Haoxuan0405"},"content":"                return;","lastModifiedDate":"2023-02-18"},{"lineNumber":148,"author":{"gitId":"Haoxuan0405"},"content":"            case \"mark\":","lastModifiedDate":"2023-02-18"},{"lineNumber":149,"author":{"gitId":"Haoxuan0405"},"content":"                if(inputCommand.split(\" \",2).length \u003c 2){","lastModifiedDate":"2023-02-18"},{"lineNumber":150,"author":{"gitId":"Haoxuan0405"},"content":"                    throw new DukeException(\"☹ OOPS!!! Mark number can not be empty.\");","lastModifiedDate":"2023-02-18"},{"lineNumber":151,"author":{"gitId":"Haoxuan0405"},"content":"                }","lastModifiedDate":"2023-02-18"},{"lineNumber":152,"author":{"gitId":"Haoxuan0405"},"content":"                break;","lastModifiedDate":"2023-02-18"},{"lineNumber":153,"author":{"gitId":"Haoxuan0405"},"content":"            case \"unmark\":","lastModifiedDate":"2023-02-18"},{"lineNumber":154,"author":{"gitId":"Haoxuan0405"},"content":"                if(inputCommand.split(\" \",2).length \u003c 2){","lastModifiedDate":"2023-02-18"},{"lineNumber":155,"author":{"gitId":"Haoxuan0405"},"content":"                    throw new DukeException(\"☹ OOPS!!! Unmark number can not be empty.\");","lastModifiedDate":"2023-02-18"},{"lineNumber":156,"author":{"gitId":"Haoxuan0405"},"content":"                }","lastModifiedDate":"2023-02-18"},{"lineNumber":157,"author":{"gitId":"Haoxuan0405"},"content":"                break;","lastModifiedDate":"2023-02-18"},{"lineNumber":158,"author":{"gitId":"Haoxuan0405"},"content":"            case \"deadline\":","lastModifiedDate":"2023-02-18"},{"lineNumber":159,"author":{"gitId":"Haoxuan0405"},"content":"                if(inputCommand.split(\" \",2).length \u003c 2){","lastModifiedDate":"2023-02-18"},{"lineNumber":160,"author":{"gitId":"Haoxuan0405"},"content":"                    throw new DukeException(\"☹ OOPS!!! The description of a deadline cannot be empty.\");","lastModifiedDate":"2023-02-18"},{"lineNumber":161,"author":{"gitId":"Haoxuan0405"},"content":"                }","lastModifiedDate":"2023-02-18"},{"lineNumber":162,"author":{"gitId":"Haoxuan0405"},"content":"                break;","lastModifiedDate":"2023-02-18"},{"lineNumber":163,"author":{"gitId":"Haoxuan0405"},"content":"            case \"todo\":","lastModifiedDate":"2023-02-18"},{"lineNumber":164,"author":{"gitId":"Haoxuan0405"},"content":"                if(inputCommand.split(\" \",2).length \u003c 2){","lastModifiedDate":"2023-02-18"},{"lineNumber":165,"author":{"gitId":"Haoxuan0405"},"content":"                    throw new DukeException(\"☹ OOPS!!! The description of a todo cannot be empty.\");","lastModifiedDate":"2023-02-18"},{"lineNumber":166,"author":{"gitId":"Haoxuan0405"},"content":"                }","lastModifiedDate":"2023-02-18"},{"lineNumber":167,"author":{"gitId":"Haoxuan0405"},"content":"                break;","lastModifiedDate":"2023-02-18"},{"lineNumber":168,"author":{"gitId":"Haoxuan0405"},"content":"            case \"event\":","lastModifiedDate":"2023-02-18"},{"lineNumber":169,"author":{"gitId":"Haoxuan0405"},"content":"                if(inputCommand.split(\" \",2).length \u003c 2){","lastModifiedDate":"2023-02-18"},{"lineNumber":170,"author":{"gitId":"Haoxuan0405"},"content":"                    throw new DukeException(\"☹ OOPS!!! The description of a event cannot be empty.\");","lastModifiedDate":"2023-02-18"},{"lineNumber":171,"author":{"gitId":"Haoxuan0405"},"content":"                }","lastModifiedDate":"2023-02-18"},{"lineNumber":172,"author":{"gitId":"Haoxuan0405"},"content":"                break;","lastModifiedDate":"2023-02-18"},{"lineNumber":173,"author":{"gitId":"Haoxuan0405"},"content":"            case \"delete\":","lastModifiedDate":"2023-02-24"},{"lineNumber":174,"author":{"gitId":"Haoxuan0405"},"content":"                if(inputCommand.split(\" \",2).length \u003c 2){","lastModifiedDate":"2023-02-24"},{"lineNumber":175,"author":{"gitId":"Haoxuan0405"},"content":"                    throw new DukeException(\"☹ OOPS!!! The description of a delete cannot be empty.\");","lastModifiedDate":"2023-02-24"},{"lineNumber":176,"author":{"gitId":"Haoxuan0405"},"content":"                }","lastModifiedDate":"2023-02-24"},{"lineNumber":177,"author":{"gitId":"Haoxuan0405"},"content":"                break;","lastModifiedDate":"2023-02-24"},{"lineNumber":178,"author":{"gitId":"Haoxuan0405"},"content":"            default:","lastModifiedDate":"2023-02-18"},{"lineNumber":179,"author":{"gitId":"Haoxuan0405"},"content":"                throw new DukeException(\"☹ OOPS!!! I\u0027m sorry, but I don\u0027t know what that means :-(\");","lastModifiedDate":"2023-02-18"},{"lineNumber":180,"author":{"gitId":"Haoxuan0405"},"content":"        }","lastModifiedDate":"2023-02-18"},{"lineNumber":181,"author":{"gitId":"-"},"content":"    }","lastModifiedDate":"2023-02-18"},{"lineNumber":182,"author":{"gitId":"-"},"content":"}","lastModifiedDate":"2019-07-29"}],"authorContributionMap":{"Haoxuan0405":171,"-":11}},{"path":"src/main/java/DukeException.java","fileType":"java","lines":[{"lineNumber":1,"author":{"gitId":"Haoxuan0405"},"content":"public class DukeException extends Exception{","lastModifiedDate":"2023-02-18"},{"lineNumber":2,"author":{"gitId":"Haoxuan0405"},"content":"    public DukeException(String errorMessage){","lastModifiedDate":"2023-02-18"},{"lineNumber":3,"author":{"gitId":"Haoxuan0405"},"content":"        super(errorMessage);","lastModifiedDate":"2023-02-18"},{"lineNumber":4,"author":{"gitId":"Haoxuan0405"},"content":"    }","lastModifiedDate":"2023-02-18"},{"lineNumber":5,"author":{"gitId":"Haoxuan0405"},"content":"}","lastModifiedDate":"2023-02-18"}],"authorContributionMap":{"Haoxuan0405":5}},{"path":"src/main/java/Event.java","fileType":"java","lines":[{"lineNumber":1,"author":{"gitId":"Haoxuan0405"},"content":"public class Event extends Task{","lastModifiedDate":"2023-02-11"},{"lineNumber":2,"author":{"gitId":"Haoxuan0405"},"content":"    protected String at;","lastModifiedDate":"2023-02-18"},{"lineNumber":3,"author":{"gitId":"Haoxuan0405"},"content":"","lastModifiedDate":"2023-02-11"},{"lineNumber":4,"author":{"gitId":"Haoxuan0405"},"content":"    public Event(String description, String at) {","lastModifiedDate":"2023-02-18"},{"lineNumber":5,"author":{"gitId":"Haoxuan0405"},"content":"        super(description);","lastModifiedDate":"2023-02-11"},{"lineNumber":6,"author":{"gitId":"Haoxuan0405"},"content":"        this.at \u003d at;","lastModifiedDate":"2023-02-18"},{"lineNumber":7,"author":{"gitId":"Haoxuan0405"},"content":"    }","lastModifiedDate":"2023-02-11"},{"lineNumber":8,"author":{"gitId":"Haoxuan0405"},"content":"","lastModifiedDate":"2023-02-11"},{"lineNumber":9,"author":{"gitId":"Haoxuan0405"},"content":"    @Override","lastModifiedDate":"2023-02-11"},{"lineNumber":10,"author":{"gitId":"Haoxuan0405"},"content":"    public String toString() {","lastModifiedDate":"2023-02-11"},{"lineNumber":11,"author":{"gitId":"Haoxuan0405"},"content":"        return \"[E]\" + super.toString() + \"(at:\" + at + \")\";","lastModifiedDate":"2023-02-18"},{"lineNumber":12,"author":{"gitId":"Haoxuan0405"},"content":"    }","lastModifiedDate":"2023-02-11"},{"lineNumber":13,"author":{"gitId":"Haoxuan0405"},"content":"}","lastModifiedDate":"2023-02-11"}],"authorContributionMap":{"Haoxuan0405":13}},{"path":"src/main/java/Task.java","fileType":"java","lines":[{"lineNumber":1,"author":{"gitId":"Haoxuan0405"},"content":"public class Task {","lastModifiedDate":"2023-02-06"},{"lineNumber":2,"author":{"gitId":"Haoxuan0405"},"content":"    protected String description;","lastModifiedDate":"2023-02-06"},{"lineNumber":3,"author":{"gitId":"Haoxuan0405"},"content":"    protected boolean isDone;","lastModifiedDate":"2023-02-06"},{"lineNumber":4,"author":{"gitId":"Haoxuan0405"},"content":"","lastModifiedDate":"2023-02-06"},{"lineNumber":5,"author":{"gitId":"Haoxuan0405"},"content":"    public Task(String description) {","lastModifiedDate":"2023-02-06"},{"lineNumber":6,"author":{"gitId":"Haoxuan0405"},"content":"        this.description \u003d description;","lastModifiedDate":"2023-02-06"},{"lineNumber":7,"author":{"gitId":"Haoxuan0405"},"content":"        this.isDone \u003d false;","lastModifiedDate":"2023-02-06"},{"lineNumber":8,"author":{"gitId":"Haoxuan0405"},"content":"    }","lastModifiedDate":"2023-02-06"},{"lineNumber":9,"author":{"gitId":"Haoxuan0405"},"content":"","lastModifiedDate":"2023-02-06"},{"lineNumber":10,"author":{"gitId":"Haoxuan0405"},"content":"    public String getTask() {","lastModifiedDate":"2023-02-06"},{"lineNumber":11,"author":{"gitId":"Haoxuan0405"},"content":"        return description;","lastModifiedDate":"2023-02-06"},{"lineNumber":12,"author":{"gitId":"Haoxuan0405"},"content":"    }","lastModifiedDate":"2023-02-06"},{"lineNumber":13,"author":{"gitId":"Haoxuan0405"},"content":"","lastModifiedDate":"2023-02-06"},{"lineNumber":14,"author":{"gitId":"Haoxuan0405"},"content":"    public String getStatusIcon() {","lastModifiedDate":"2023-02-06"},{"lineNumber":15,"author":{"gitId":"Haoxuan0405"},"content":"        return (isDone ? \"X\" : \" \"); // mark done task with X","lastModifiedDate":"2023-02-06"},{"lineNumber":16,"author":{"gitId":"Haoxuan0405"},"content":"    }","lastModifiedDate":"2023-02-06"},{"lineNumber":17,"author":{"gitId":"Haoxuan0405"},"content":"","lastModifiedDate":"2023-02-06"},{"lineNumber":18,"author":{"gitId":"Haoxuan0405"},"content":"    public void Mark(){","lastModifiedDate":"2023-02-06"},{"lineNumber":19,"author":{"gitId":"Haoxuan0405"},"content":"        this.isDone \u003d true;","lastModifiedDate":"2023-02-06"},{"lineNumber":20,"author":{"gitId":"Haoxuan0405"},"content":"    }","lastModifiedDate":"2023-02-06"},{"lineNumber":21,"author":{"gitId":"Haoxuan0405"},"content":"","lastModifiedDate":"2023-02-06"},{"lineNumber":22,"author":{"gitId":"Haoxuan0405"},"content":"    public void unMark(){","lastModifiedDate":"2023-02-06"},{"lineNumber":23,"author":{"gitId":"Haoxuan0405"},"content":"        this.isDone \u003d false;","lastModifiedDate":"2023-02-06"},{"lineNumber":24,"author":{"gitId":"Haoxuan0405"},"content":"    }","lastModifiedDate":"2023-02-06"},{"lineNumber":25,"author":{"gitId":"Haoxuan0405"},"content":"","lastModifiedDate":"2023-02-06"},{"lineNumber":26,"author":{"gitId":"Haoxuan0405"},"content":"    // [X] return book","lastModifiedDate":"2023-02-06"},{"lineNumber":27,"author":{"gitId":"Haoxuan0405"},"content":"    public String toString(){","lastModifiedDate":"2023-02-06"},{"lineNumber":28,"author":{"gitId":"Haoxuan0405"},"content":"        return \"[\" + getStatusIcon() + \"] \" + description;","lastModifiedDate":"2023-02-06"},{"lineNumber":29,"author":{"gitId":"Haoxuan0405"},"content":"    }","lastModifiedDate":"2023-02-06"},{"lineNumber":30,"author":{"gitId":"Haoxuan0405"},"content":"}","lastModifiedDate":"2023-02-06"}],"authorContributionMap":{"Haoxuan0405":30}},{"path":"src/main/java/Todo.java","fileType":"java","lines":[{"lineNumber":1,"author":{"gitId":"Haoxuan0405"},"content":"public class Todo extends Task{","lastModifiedDate":"2023-02-11"},{"lineNumber":2,"author":{"gitId":"Haoxuan0405"},"content":"    public Todo(String description){","lastModifiedDate":"2023-02-11"},{"lineNumber":3,"author":{"gitId":"Haoxuan0405"},"content":"        super(description);","lastModifiedDate":"2023-02-11"},{"lineNumber":4,"author":{"gitId":"Haoxuan0405"},"content":"    }","lastModifiedDate":"2023-02-11"},{"lineNumber":5,"author":{"gitId":"Haoxuan0405"},"content":"    public String toString(){","lastModifiedDate":"2023-02-11"},{"lineNumber":6,"author":{"gitId":"Haoxuan0405"},"content":"        return \"[T]\" + super.toString();","lastModifiedDate":"2023-02-11"},{"lineNumber":7,"author":{"gitId":"Haoxuan0405"},"content":"    }","lastModifiedDate":"2023-02-11"},{"lineNumber":8,"author":{"gitId":"Haoxuan0405"},"content":"}","lastModifiedDate":"2023-02-11"}],"authorContributionMap":{"Haoxuan0405":8}}]
