[{"path":"src/main/java/Task/Parser.java","fileType":"java","lines":[{"lineNumber":1,"author":{"gitId":"Haoxuan0405"},"content":"package Task;","lastModifiedDate":"2023-03-12"},{"lineNumber":2,"author":{"gitId":"Haoxuan0405"},"content":"","lastModifiedDate":"2023-03-12"},{"lineNumber":3,"author":{"gitId":"Haoxuan0405"},"content":"import enumCommand.enumCommand;","lastModifiedDate":"2023-03-12"},{"lineNumber":4,"author":{"gitId":"Haoxuan0405"},"content":"import java.util.HashMap;","lastModifiedDate":"2023-03-12"},{"lineNumber":5,"author":{"gitId":"Haoxuan0405"},"content":"","lastModifiedDate":"2023-03-12"},{"lineNumber":6,"author":{"gitId":"Haoxuan0405"},"content":"public class Parser {","lastModifiedDate":"2023-03-12"},{"lineNumber":7,"author":{"gitId":"Haoxuan0405"},"content":"    public static HashMap\u003cString, enumCommand\u003e getNewMap() {","lastModifiedDate":"2023-03-12"},{"lineNumber":8,"author":{"gitId":"Haoxuan0405"},"content":"        HashMap\u003cString,enumCommand\u003e newMap\u003d new HashMap\u003c\u003e();","lastModifiedDate":"2023-03-12"},{"lineNumber":9,"author":{"gitId":"Haoxuan0405"},"content":"        newMap.put(\"bye\", enumCommand.BYE);","lastModifiedDate":"2023-03-12"},{"lineNumber":10,"author":{"gitId":"Haoxuan0405"},"content":"        newMap.put(\"list\", enumCommand.LIST);","lastModifiedDate":"2023-03-12"},{"lineNumber":11,"author":{"gitId":"Haoxuan0405"},"content":"        newMap.put(\"mark\", enumCommand.MARK);","lastModifiedDate":"2023-03-12"},{"lineNumber":12,"author":{"gitId":"Haoxuan0405"},"content":"        newMap.put(\"unmark\", enumCommand.UNMARK);","lastModifiedDate":"2023-03-12"},{"lineNumber":13,"author":{"gitId":"Haoxuan0405"},"content":"        newMap.put(\"delete\", enumCommand.DELETE);","lastModifiedDate":"2023-03-12"},{"lineNumber":14,"author":{"gitId":"Haoxuan0405"},"content":"        newMap.put(\"todo\", enumCommand.TODO);","lastModifiedDate":"2023-03-12"},{"lineNumber":15,"author":{"gitId":"Haoxuan0405"},"content":"        newMap.put(\"deadline\", enumCommand.DEADLINE);","lastModifiedDate":"2023-03-12"},{"lineNumber":16,"author":{"gitId":"Haoxuan0405"},"content":"        newMap.put(\"event\", enumCommand.EVENT);","lastModifiedDate":"2023-03-12"},{"lineNumber":17,"author":{"gitId":"Haoxuan0405"},"content":"        return newMap;","lastModifiedDate":"2023-03-12"},{"lineNumber":18,"author":{"gitId":"Haoxuan0405"},"content":"    }","lastModifiedDate":"2023-03-12"},{"lineNumber":19,"author":{"gitId":"Haoxuan0405"},"content":"    public static String keyCommand(String inputCommand){","lastModifiedDate":"2023-03-12"},{"lineNumber":20,"author":{"gitId":"Haoxuan0405"},"content":"        return inputCommand.split(\" \",2)[0].trim();","lastModifiedDate":"2023-03-12"},{"lineNumber":21,"author":{"gitId":"Haoxuan0405"},"content":"    }","lastModifiedDate":"2023-03-12"},{"lineNumber":22,"author":{"gitId":"Haoxuan0405"},"content":"","lastModifiedDate":"2023-03-12"},{"lineNumber":23,"author":{"gitId":"Haoxuan0405"},"content":"    public static String restCommand(String inputCommand){","lastModifiedDate":"2023-03-12"},{"lineNumber":24,"author":{"gitId":"Haoxuan0405"},"content":"        return inputCommand.split(\" \",2)[1].trim();","lastModifiedDate":"2023-03-12"},{"lineNumber":25,"author":{"gitId":"Haoxuan0405"},"content":"    }","lastModifiedDate":"2023-03-12"},{"lineNumber":26,"author":{"gitId":"Haoxuan0405"},"content":"","lastModifiedDate":"2023-03-12"},{"lineNumber":27,"author":{"gitId":"Haoxuan0405"},"content":"    public static int commandLength(String inputCommand){","lastModifiedDate":"2023-03-12"},{"lineNumber":28,"author":{"gitId":"Haoxuan0405"},"content":"        return inputCommand.split(\" \",2).length;","lastModifiedDate":"2023-03-12"},{"lineNumber":29,"author":{"gitId":"Haoxuan0405"},"content":"    }","lastModifiedDate":"2023-03-12"},{"lineNumber":30,"author":{"gitId":"Haoxuan0405"},"content":"}","lastModifiedDate":"2023-03-12"}],"authorContributionMap":{"Haoxuan0405":30}},{"path":"src/main/java/Task/Storage.java","fileType":"java","lines":[{"lineNumber":1,"author":{"gitId":"Haoxuan0405"},"content":"package Task;","lastModifiedDate":"2023-03-12"},{"lineNumber":2,"author":{"gitId":"Haoxuan0405"},"content":"import Exception.DukeException;","lastModifiedDate":"2023-03-12"},{"lineNumber":3,"author":{"gitId":"Haoxuan0405"},"content":"","lastModifiedDate":"2023-03-12"},{"lineNumber":4,"author":{"gitId":"Haoxuan0405"},"content":"import java.io.File;","lastModifiedDate":"2023-03-12"},{"lineNumber":5,"author":{"gitId":"Haoxuan0405"},"content":"import java.io.FileNotFoundException;","lastModifiedDate":"2023-03-12"},{"lineNumber":6,"author":{"gitId":"Haoxuan0405"},"content":"import java.io.FileWriter;","lastModifiedDate":"2023-03-12"},{"lineNumber":7,"author":{"gitId":"Haoxuan0405"},"content":"import java.io.IOException;","lastModifiedDate":"2023-03-12"},{"lineNumber":8,"author":{"gitId":"Haoxuan0405"},"content":"import java.util.Scanner;","lastModifiedDate":"2023-03-12"},{"lineNumber":9,"author":{"gitId":"Haoxuan0405"},"content":"","lastModifiedDate":"2023-03-12"},{"lineNumber":10,"author":{"gitId":"Haoxuan0405"},"content":"public class Storage {","lastModifiedDate":"2023-03-12"},{"lineNumber":11,"author":{"gitId":"Haoxuan0405"},"content":"    private String filePath;","lastModifiedDate":"2023-03-12"},{"lineNumber":12,"author":{"gitId":"Haoxuan0405"},"content":"","lastModifiedDate":"2023-03-12"},{"lineNumber":13,"author":{"gitId":"Haoxuan0405"},"content":"    public Storage() throws DukeException {","lastModifiedDate":"2023-03-12"},{"lineNumber":14,"author":{"gitId":"Haoxuan0405"},"content":"//        String home \u003d System.getProperty(\"user.home\");","lastModifiedDate":"2023-03-12"},{"lineNumber":15,"author":{"gitId":"Haoxuan0405"},"content":"//        java.nio.file.Path path \u003d java.nio.file.Paths.get(home, \"my\", \"app\", \"dir\");","lastModifiedDate":"2023-03-12"},{"lineNumber":16,"author":{"gitId":"Haoxuan0405"},"content":"//        boolean directoryExists \u003d java.nio.file.Files.exists(path);","lastModifiedDate":"2023-03-12"},{"lineNumber":17,"author":{"gitId":"Haoxuan0405"},"content":"        this.filePath \u003d System.getProperty(\"user.dir\") + \"/data/duke.txt\";","lastModifiedDate":"2023-03-12"},{"lineNumber":18,"author":{"gitId":"Haoxuan0405"},"content":"        fileCreate();","lastModifiedDate":"2023-03-12"},{"lineNumber":19,"author":{"gitId":"Haoxuan0405"},"content":"    }","lastModifiedDate":"2023-03-12"},{"lineNumber":20,"author":{"gitId":"Haoxuan0405"},"content":"","lastModifiedDate":"2023-03-12"},{"lineNumber":21,"author":{"gitId":"Haoxuan0405"},"content":"    private void fileCreate() throws DukeException{","lastModifiedDate":"2023-03-12"},{"lineNumber":22,"author":{"gitId":"Haoxuan0405"},"content":"        try{","lastModifiedDate":"2023-03-12"},{"lineNumber":23,"author":{"gitId":"Haoxuan0405"},"content":"            File f \u003d new File(this.filePath);","lastModifiedDate":"2023-03-12"},{"lineNumber":24,"author":{"gitId":"Haoxuan0405"},"content":"            if(!f.exists()){","lastModifiedDate":"2023-03-12"},{"lineNumber":25,"author":{"gitId":"Haoxuan0405"},"content":"                f.createNewFile();","lastModifiedDate":"2023-03-12"},{"lineNumber":26,"author":{"gitId":"Haoxuan0405"},"content":"            }","lastModifiedDate":"2023-03-12"},{"lineNumber":27,"author":{"gitId":"Haoxuan0405"},"content":"        } catch (IOException e) {","lastModifiedDate":"2023-03-12"},{"lineNumber":28,"author":{"gitId":"Haoxuan0405"},"content":"            e.printStackTrace();","lastModifiedDate":"2023-03-12"},{"lineNumber":29,"author":{"gitId":"Haoxuan0405"},"content":"        }","lastModifiedDate":"2023-03-12"},{"lineNumber":30,"author":{"gitId":"Haoxuan0405"},"content":"    }","lastModifiedDate":"2023-03-12"},{"lineNumber":31,"author":{"gitId":"Haoxuan0405"},"content":"","lastModifiedDate":"2023-03-12"},{"lineNumber":32,"author":{"gitId":"Haoxuan0405"},"content":"    public String getFilePath() {","lastModifiedDate":"2023-03-12"},{"lineNumber":33,"author":{"gitId":"Haoxuan0405"},"content":"        return filePath;","lastModifiedDate":"2023-03-12"},{"lineNumber":34,"author":{"gitId":"Haoxuan0405"},"content":"    }","lastModifiedDate":"2023-03-12"},{"lineNumber":35,"author":{"gitId":"Haoxuan0405"},"content":"","lastModifiedDate":"2023-03-12"},{"lineNumber":36,"author":{"gitId":"Haoxuan0405"},"content":"    public void writeToFile(String textToAdd) throws DukeException{","lastModifiedDate":"2023-03-12"},{"lineNumber":37,"author":{"gitId":"Haoxuan0405"},"content":"        try{","lastModifiedDate":"2023-03-12"},{"lineNumber":38,"author":{"gitId":"Haoxuan0405"},"content":"            FileWriter fw \u003d new FileWriter(this.filePath);","lastModifiedDate":"2023-03-12"},{"lineNumber":39,"author":{"gitId":"Haoxuan0405"},"content":"            fw.write(textToAdd);","lastModifiedDate":"2023-03-12"},{"lineNumber":40,"author":{"gitId":"Haoxuan0405"},"content":"            fw.close();","lastModifiedDate":"2023-03-12"},{"lineNumber":41,"author":{"gitId":"Haoxuan0405"},"content":"        }catch (IOException e){","lastModifiedDate":"2023-03-12"},{"lineNumber":42,"author":{"gitId":"Haoxuan0405"},"content":"            throw new DukeException(\"File write get problem!\");","lastModifiedDate":"2023-03-12"},{"lineNumber":43,"author":{"gitId":"Haoxuan0405"},"content":"        }","lastModifiedDate":"2023-03-12"},{"lineNumber":44,"author":{"gitId":"Haoxuan0405"},"content":"    }","lastModifiedDate":"2023-03-12"},{"lineNumber":45,"author":{"gitId":"Haoxuan0405"},"content":"","lastModifiedDate":"2023-03-12"},{"lineNumber":46,"author":{"gitId":"Haoxuan0405"},"content":"    public void readFileContents(TasksList lists) throws DukeException{","lastModifiedDate":"2023-03-12"},{"lineNumber":47,"author":{"gitId":"Haoxuan0405"},"content":"        try{","lastModifiedDate":"2023-03-12"},{"lineNumber":48,"author":{"gitId":"Haoxuan0405"},"content":"            File f \u003d new File(this.filePath);","lastModifiedDate":"2023-03-12"},{"lineNumber":49,"author":{"gitId":"Haoxuan0405"},"content":"            Scanner s \u003d new Scanner(f);","lastModifiedDate":"2023-03-12"},{"lineNumber":50,"author":{"gitId":"Haoxuan0405"},"content":"            while (s.hasNextLine()) {","lastModifiedDate":"2023-03-12"},{"lineNumber":51,"author":{"gitId":"Haoxuan0405"},"content":"                lists.taskAdd(taskByLine(s.nextLine()));","lastModifiedDate":"2023-03-12"},{"lineNumber":52,"author":{"gitId":"Haoxuan0405"},"content":"            }","lastModifiedDate":"2023-03-12"},{"lineNumber":53,"author":{"gitId":"Haoxuan0405"},"content":"        }catch (FileNotFoundException e){","lastModifiedDate":"2023-03-12"},{"lineNumber":54,"author":{"gitId":"Haoxuan0405"},"content":"            throw new DukeException(\"File read get problem!\");","lastModifiedDate":"2023-03-12"},{"lineNumber":55,"author":{"gitId":"Haoxuan0405"},"content":"        }","lastModifiedDate":"2023-03-12"},{"lineNumber":56,"author":{"gitId":"Haoxuan0405"},"content":"    }","lastModifiedDate":"2023-03-12"},{"lineNumber":57,"author":{"gitId":"Haoxuan0405"},"content":"    public static Task taskByLine(String nextLine) {","lastModifiedDate":"2023-03-12"},{"lineNumber":58,"author":{"gitId":"Haoxuan0405"},"content":"        String[] body \u003d nextLine.split(\" | \");","lastModifiedDate":"2023-03-12"},{"lineNumber":59,"author":{"gitId":"Haoxuan0405"},"content":"        Task task \u003d null;","lastModifiedDate":"2023-03-12"},{"lineNumber":60,"author":{"gitId":"Haoxuan0405"},"content":"        switch (body[0]){","lastModifiedDate":"2023-03-12"},{"lineNumber":61,"author":{"gitId":"Haoxuan0405"},"content":"            case \"T\":","lastModifiedDate":"2023-03-12"},{"lineNumber":62,"author":{"gitId":"Haoxuan0405"},"content":"                if(body[1].equals(\"1\")){","lastModifiedDate":"2023-03-12"},{"lineNumber":63,"author":{"gitId":"Haoxuan0405"},"content":"                    task.Mark();","lastModifiedDate":"2023-03-12"},{"lineNumber":64,"author":{"gitId":"Haoxuan0405"},"content":"                }","lastModifiedDate":"2023-03-12"},{"lineNumber":65,"author":{"gitId":"Haoxuan0405"},"content":"                task \u003d new Todo(body[2]);","lastModifiedDate":"2023-03-12"},{"lineNumber":66,"author":{"gitId":"Haoxuan0405"},"content":"                break;","lastModifiedDate":"2023-03-12"},{"lineNumber":67,"author":{"gitId":"Haoxuan0405"},"content":"            case \"D\":","lastModifiedDate":"2023-03-12"},{"lineNumber":68,"author":{"gitId":"Haoxuan0405"},"content":"                if(body[1].equals(\"1\")){","lastModifiedDate":"2023-03-12"},{"lineNumber":69,"author":{"gitId":"Haoxuan0405"},"content":"                    task.Mark();","lastModifiedDate":"2023-03-12"},{"lineNumber":70,"author":{"gitId":"Haoxuan0405"},"content":"                }","lastModifiedDate":"2023-03-12"},{"lineNumber":71,"author":{"gitId":"Haoxuan0405"},"content":"                task \u003d new Deadline(body[2],body[3]);","lastModifiedDate":"2023-03-12"},{"lineNumber":72,"author":{"gitId":"Haoxuan0405"},"content":"                break;","lastModifiedDate":"2023-03-12"},{"lineNumber":73,"author":{"gitId":"Haoxuan0405"},"content":"            case \"E\":","lastModifiedDate":"2023-03-12"},{"lineNumber":74,"author":{"gitId":"Haoxuan0405"},"content":"                if(body[1].equals(\"1\")){","lastModifiedDate":"2023-03-12"},{"lineNumber":75,"author":{"gitId":"Haoxuan0405"},"content":"                    task.Mark();","lastModifiedDate":"2023-03-12"},{"lineNumber":76,"author":{"gitId":"Haoxuan0405"},"content":"                }","lastModifiedDate":"2023-03-12"},{"lineNumber":77,"author":{"gitId":"Haoxuan0405"},"content":"                task \u003d new Event(body[2],body[3]);","lastModifiedDate":"2023-03-12"},{"lineNumber":78,"author":{"gitId":"Haoxuan0405"},"content":"                break;","lastModifiedDate":"2023-03-12"},{"lineNumber":79,"author":{"gitId":"Haoxuan0405"},"content":"        }","lastModifiedDate":"2023-03-12"},{"lineNumber":80,"author":{"gitId":"Haoxuan0405"},"content":"        return task;","lastModifiedDate":"2023-03-12"},{"lineNumber":81,"author":{"gitId":"Haoxuan0405"},"content":"    }","lastModifiedDate":"2023-03-12"},{"lineNumber":82,"author":{"gitId":"Haoxuan0405"},"content":"","lastModifiedDate":"2023-03-12"},{"lineNumber":83,"author":{"gitId":"Haoxuan0405"},"content":"}","lastModifiedDate":"2023-03-12"}],"authorContributionMap":{"Haoxuan0405":83}},{"path":"src/main/java/Task/Ui.java","fileType":"java","lines":[{"lineNumber":1,"author":{"gitId":"Haoxuan0405"},"content":"package Task;","lastModifiedDate":"2023-03-12"},{"lineNumber":2,"author":{"gitId":"Haoxuan0405"},"content":"","lastModifiedDate":"2023-03-12"},{"lineNumber":3,"author":{"gitId":"Haoxuan0405"},"content":"import java.util.ArrayList;","lastModifiedDate":"2023-03-12"},{"lineNumber":4,"author":{"gitId":"Haoxuan0405"},"content":"import java.util.Scanner;","lastModifiedDate":"2023-03-12"},{"lineNumber":5,"author":{"gitId":"Haoxuan0405"},"content":"import Exception.DukeException;","lastModifiedDate":"2023-03-12"},{"lineNumber":6,"author":{"gitId":"Haoxuan0405"},"content":"public class Ui {","lastModifiedDate":"2023-03-12"},{"lineNumber":7,"author":{"gitId":"Haoxuan0405"},"content":"    public static void showWelcome(){","lastModifiedDate":"2023-03-12"},{"lineNumber":8,"author":{"gitId":"Haoxuan0405"},"content":"        String logo \u003d \" ____        _        \\n\"","lastModifiedDate":"2023-03-12"},{"lineNumber":9,"author":{"gitId":"Haoxuan0405"},"content":"                + \"|  _ \\\\ _   _| | _____ \\n\"","lastModifiedDate":"2023-03-12"},{"lineNumber":10,"author":{"gitId":"Haoxuan0405"},"content":"                + \"| | | | | | | |/ / _ \\\\\\n\"","lastModifiedDate":"2023-03-12"},{"lineNumber":11,"author":{"gitId":"Haoxuan0405"},"content":"                + \"| |_| | |_| |   \u003c  __/\\n\"","lastModifiedDate":"2023-03-12"},{"lineNumber":12,"author":{"gitId":"Haoxuan0405"},"content":"                + \"|____/ \\\\__,_|_|\\\\_\\\\___|\\n\";","lastModifiedDate":"2023-03-12"},{"lineNumber":13,"author":{"gitId":"Haoxuan0405"},"content":"        System.out.println(\"Hello from\\n\" + logo);","lastModifiedDate":"2023-03-12"},{"lineNumber":14,"author":{"gitId":"Haoxuan0405"},"content":"        String space \u003d \" \";","lastModifiedDate":"2023-03-12"},{"lineNumber":15,"author":{"gitId":"Haoxuan0405"},"content":"        Ui.showLine();","lastModifiedDate":"2023-03-12"},{"lineNumber":16,"author":{"gitId":"Haoxuan0405"},"content":"        System.out.println(space + \"Hello! I\u0027m Duke.Duke\\n\" + space +\"What can I do for you?\");","lastModifiedDate":"2023-03-12"},{"lineNumber":17,"author":{"gitId":"Haoxuan0405"},"content":"        Ui.showLine();","lastModifiedDate":"2023-03-12"},{"lineNumber":18,"author":{"gitId":"Haoxuan0405"},"content":"    }","lastModifiedDate":"2023-03-12"},{"lineNumber":19,"author":{"gitId":"Haoxuan0405"},"content":"    public static String readCommand() {","lastModifiedDate":"2023-03-12"},{"lineNumber":20,"author":{"gitId":"Haoxuan0405"},"content":"        Scanner scanner \u003d new Scanner(System.in);","lastModifiedDate":"2023-03-12"},{"lineNumber":21,"author":{"gitId":"Haoxuan0405"},"content":"        return scanner.nextLine();","lastModifiedDate":"2023-03-12"},{"lineNumber":22,"author":{"gitId":"Haoxuan0405"},"content":"    }","lastModifiedDate":"2023-03-12"},{"lineNumber":23,"author":{"gitId":"Haoxuan0405"},"content":"","lastModifiedDate":"2023-03-12"},{"lineNumber":24,"author":{"gitId":"Haoxuan0405"},"content":"    public static void showLine(){","lastModifiedDate":"2023-03-12"},{"lineNumber":25,"author":{"gitId":"Haoxuan0405"},"content":"        System.out.println(\"____________________________________________________________\");","lastModifiedDate":"2023-03-12"},{"lineNumber":26,"author":{"gitId":"Haoxuan0405"},"content":"    }","lastModifiedDate":"2023-03-12"},{"lineNumber":27,"author":{"gitId":"Haoxuan0405"},"content":"    public static void printList(ArrayList\u003cTask\u003e lists) {","lastModifiedDate":"2023-03-12"},{"lineNumber":28,"author":{"gitId":"Haoxuan0405"},"content":"        String space \u003d \" \";","lastModifiedDate":"2023-03-12"},{"lineNumber":29,"author":{"gitId":"Haoxuan0405"},"content":"        Ui.showLine();","lastModifiedDate":"2023-03-12"},{"lineNumber":30,"author":{"gitId":"Haoxuan0405"},"content":"        System.out.println(space + \"Here are the tasks in your list:\");","lastModifiedDate":"2023-03-12"},{"lineNumber":31,"author":{"gitId":"Haoxuan0405"},"content":"        int taskNum \u003d 0;","lastModifiedDate":"2023-03-12"},{"lineNumber":32,"author":{"gitId":"Haoxuan0405"},"content":"        for(Task list : lists){","lastModifiedDate":"2023-03-12"},{"lineNumber":33,"author":{"gitId":"Haoxuan0405"},"content":"            taskNum ++;","lastModifiedDate":"2023-03-12"},{"lineNumber":34,"author":{"gitId":"Haoxuan0405"},"content":"            System.out.println(space + taskNum + \".\" + list.toString());","lastModifiedDate":"2023-03-12"},{"lineNumber":35,"author":{"gitId":"Haoxuan0405"},"content":"        }","lastModifiedDate":"2023-03-12"},{"lineNumber":36,"author":{"gitId":"Haoxuan0405"},"content":"        Ui.showLine();","lastModifiedDate":"2023-03-12"},{"lineNumber":37,"author":{"gitId":"Haoxuan0405"},"content":"    }","lastModifiedDate":"2023-03-12"},{"lineNumber":38,"author":{"gitId":"Haoxuan0405"},"content":"","lastModifiedDate":"2023-03-12"},{"lineNumber":39,"author":{"gitId":"Haoxuan0405"},"content":"    public static void Echo(String s) {","lastModifiedDate":"2023-03-12"},{"lineNumber":40,"author":{"gitId":"Haoxuan0405"},"content":"        String space \u003d \" \";","lastModifiedDate":"2023-03-12"},{"lineNumber":41,"author":{"gitId":"Haoxuan0405"},"content":"        Ui.showLine();","lastModifiedDate":"2023-03-12"},{"lineNumber":42,"author":{"gitId":"Haoxuan0405"},"content":"        System.out.println(space + s);","lastModifiedDate":"2023-03-12"},{"lineNumber":43,"author":{"gitId":"Haoxuan0405"},"content":"        Ui.showLine();","lastModifiedDate":"2023-03-12"},{"lineNumber":44,"author":{"gitId":"Haoxuan0405"},"content":"    }","lastModifiedDate":"2023-03-12"},{"lineNumber":45,"author":{"gitId":"Haoxuan0405"},"content":"","lastModifiedDate":"2023-03-12"},{"lineNumber":46,"author":{"gitId":"Haoxuan0405"},"content":"    public static void showError(DukeException e){","lastModifiedDate":"2023-03-12"},{"lineNumber":47,"author":{"gitId":"Haoxuan0405"},"content":"        Echo(e.getMessage());","lastModifiedDate":"2023-03-12"},{"lineNumber":48,"author":{"gitId":"Haoxuan0405"},"content":"    }","lastModifiedDate":"2023-03-12"},{"lineNumber":49,"author":{"gitId":"Haoxuan0405"},"content":"","lastModifiedDate":"2023-03-12"},{"lineNumber":50,"author":{"gitId":"Haoxuan0405"},"content":"}","lastModifiedDate":"2023-03-12"}],"authorContributionMap":{"Haoxuan0405":50}}]
