[{"path":"build.gradle","fileType":"gradle","lines":[{"lineNumber":1,"author":{"gitId":"-"},"content":"plugins {","lastModifiedDate":"2020-05-25"},{"lineNumber":2,"author":{"gitId":"-"},"content":"    id \u0027java\u0027","lastModifiedDate":"2020-05-25"},{"lineNumber":3,"author":{"gitId":"-"},"content":"    id \u0027application\u0027","lastModifiedDate":"2020-05-25"},{"lineNumber":4,"author":{"gitId":"-"},"content":"    id \u0027com.github.johnrengelman.shadow\u0027 version \u00275.1.0\u0027","lastModifiedDate":"2020-05-25"},{"lineNumber":5,"author":{"gitId":"-"},"content":"}","lastModifiedDate":"2020-05-25"},{"lineNumber":6,"author":{"gitId":"-"},"content":"","lastModifiedDate":"2020-05-25"},{"lineNumber":7,"author":{"gitId":"-"},"content":"repositories {","lastModifiedDate":"2020-05-25"},{"lineNumber":8,"author":{"gitId":"-"},"content":"    mavenCentral()","lastModifiedDate":"2020-05-25"},{"lineNumber":9,"author":{"gitId":"-"},"content":"}","lastModifiedDate":"2020-05-25"},{"lineNumber":10,"author":{"gitId":"-"},"content":"","lastModifiedDate":"2020-05-25"},{"lineNumber":11,"author":{"gitId":"-"},"content":"dependencies {","lastModifiedDate":"2020-05-25"},{"lineNumber":12,"author":{"gitId":"Haoxuan0405"},"content":"    implementation \u0027org.junit.jupiter:junit-jupiter:5.7.0\u0027","lastModifiedDate":"2023-03-28"},{"lineNumber":13,"author":{"gitId":"Haoxuan0405"},"content":"    implementation \u0027org.testng:testng:7.1.0\u0027","lastModifiedDate":"2023-03-28"},{"lineNumber":14,"author":{"gitId":"Haoxuan0405"},"content":"    implementation \u0027org.testng:testng:7.1.0\u0027","lastModifiedDate":"2023-03-28"},{"lineNumber":15,"author":{"gitId":"-"},"content":"    testImplementation group: \u0027org.junit.jupiter\u0027, name: \u0027junit-jupiter-api\u0027, version: \u00275.5.0\u0027","lastModifiedDate":"2020-05-25"},{"lineNumber":16,"author":{"gitId":"-"},"content":"    testRuntimeOnly group: \u0027org.junit.jupiter\u0027, name: \u0027junit-jupiter-engine\u0027, version: \u00275.5.0\u0027","lastModifiedDate":"2020-05-25"},{"lineNumber":17,"author":{"gitId":"-"},"content":"}","lastModifiedDate":"2020-05-25"},{"lineNumber":18,"author":{"gitId":"-"},"content":"","lastModifiedDate":"2020-05-25"},{"lineNumber":19,"author":{"gitId":"-"},"content":"test {","lastModifiedDate":"2020-05-25"},{"lineNumber":20,"author":{"gitId":"-"},"content":"    useJUnitPlatform()","lastModifiedDate":"2020-05-25"},{"lineNumber":21,"author":{"gitId":"-"},"content":"","lastModifiedDate":"2020-05-25"},{"lineNumber":22,"author":{"gitId":"-"},"content":"    testLogging {","lastModifiedDate":"2020-05-25"},{"lineNumber":23,"author":{"gitId":"-"},"content":"        events \"passed\", \"skipped\", \"failed\"","lastModifiedDate":"2020-05-25"},{"lineNumber":24,"author":{"gitId":"-"},"content":"","lastModifiedDate":"2020-05-25"},{"lineNumber":25,"author":{"gitId":"-"},"content":"        showExceptions true","lastModifiedDate":"2020-05-25"},{"lineNumber":26,"author":{"gitId":"-"},"content":"        exceptionFormat \"full\"","lastModifiedDate":"2020-05-25"},{"lineNumber":27,"author":{"gitId":"-"},"content":"        showCauses true","lastModifiedDate":"2020-05-25"},{"lineNumber":28,"author":{"gitId":"-"},"content":"        showStackTraces true","lastModifiedDate":"2020-05-25"},{"lineNumber":29,"author":{"gitId":"-"},"content":"        showStandardStreams \u003d false","lastModifiedDate":"2020-05-25"},{"lineNumber":30,"author":{"gitId":"-"},"content":"    }","lastModifiedDate":"2020-05-25"},{"lineNumber":31,"author":{"gitId":"-"},"content":"}","lastModifiedDate":"2020-05-25"},{"lineNumber":32,"author":{"gitId":"-"},"content":"","lastModifiedDate":"2020-05-25"},{"lineNumber":33,"author":{"gitId":"-"},"content":"application {","lastModifiedDate":"2020-05-25"},{"lineNumber":34,"author":{"gitId":"Haoxuan0405"},"content":"    mainClassName \u003d \"Duke.Duke\"","lastModifiedDate":"2023-03-24"},{"lineNumber":35,"author":{"gitId":"-"},"content":"}","lastModifiedDate":"2020-05-25"},{"lineNumber":36,"author":{"gitId":"-"},"content":"","lastModifiedDate":"2020-05-25"},{"lineNumber":37,"author":{"gitId":"-"},"content":"shadowJar {","lastModifiedDate":"2020-05-25"},{"lineNumber":38,"author":{"gitId":"-"},"content":"    archiveBaseName \u003d \"duke\"","lastModifiedDate":"2020-05-25"},{"lineNumber":39,"author":{"gitId":"-"},"content":"    archiveClassifier \u003d null","lastModifiedDate":"2020-05-25"},{"lineNumber":40,"author":{"gitId":"-"},"content":"}","lastModifiedDate":"2020-05-25"},{"lineNumber":41,"author":{"gitId":"-"},"content":"","lastModifiedDate":"2020-05-25"},{"lineNumber":42,"author":{"gitId":"-"},"content":"run{","lastModifiedDate":"2020-05-25"},{"lineNumber":43,"author":{"gitId":"-"},"content":"    standardInput \u003d System.in","lastModifiedDate":"2020-05-25"},{"lineNumber":44,"author":{"gitId":"-"},"content":"}","lastModifiedDate":"2020-05-25"}],"authorContributionMap":{"Haoxuan0405":4,"-":40}},{"path":"data/duke.txt","fileType":"txt","lines":[{"lineNumber":1,"author":{"gitId":"Haoxuan0405"},"content":"T | 1 | read a book","lastModifiedDate":"2023-03-19"},{"lineNumber":2,"author":{"gitId":"Haoxuan0405"},"content":"D | 0 | submit project | 2023-04-30T00:00","lastModifiedDate":"2023-03-28"},{"lineNumber":3,"author":{"gitId":"Haoxuan0405"},"content":"E | 0 | submit project | 2023-04-15T00:00 | 2023-04-30T00:00","lastModifiedDate":"2023-03-28"}],"authorContributionMap":{"Haoxuan0405":3}},{"path":"src/main/java/ExecuteCommand/BYE.java","fileType":"java","lines":[{"lineNumber":1,"author":{"gitId":"Haoxuan0405"},"content":"package ExecuteCommand;","lastModifiedDate":"2023-03-19"},{"lineNumber":2,"author":{"gitId":"Haoxuan0405"},"content":"","lastModifiedDate":"2023-03-19"},{"lineNumber":3,"author":{"gitId":"Haoxuan0405"},"content":"import Exception.DukeException;","lastModifiedDate":"2023-03-19"},{"lineNumber":4,"author":{"gitId":"Haoxuan0405"},"content":"import UI.*;","lastModifiedDate":"2023-03-19"},{"lineNumber":5,"author":{"gitId":"Haoxuan0405"},"content":"public class BYE extends Command{","lastModifiedDate":"2023-03-19"},{"lineNumber":6,"author":{"gitId":"Haoxuan0405"},"content":"    @Override","lastModifiedDate":"2023-03-19"},{"lineNumber":7,"author":{"gitId":"Haoxuan0405"},"content":"    public void execute() throws DukeException {","lastModifiedDate":"2023-03-19"},{"lineNumber":8,"author":{"gitId":"Haoxuan0405"},"content":"        Ui.Echo(\"Bye. Hope to see you again soon!\");","lastModifiedDate":"2023-03-19"},{"lineNumber":9,"author":{"gitId":"Haoxuan0405"},"content":"        System.exit(0);","lastModifiedDate":"2023-03-19"},{"lineNumber":10,"author":{"gitId":"Haoxuan0405"},"content":"    }","lastModifiedDate":"2023-03-19"},{"lineNumber":11,"author":{"gitId":"Haoxuan0405"},"content":"}","lastModifiedDate":"2023-03-19"}],"authorContributionMap":{"Haoxuan0405":11}},{"path":"src/main/java/ExecuteCommand/Command.java","fileType":"java","lines":[{"lineNumber":1,"author":{"gitId":"Haoxuan0405"},"content":"package ExecuteCommand;","lastModifiedDate":"2023-03-19"},{"lineNumber":2,"author":{"gitId":"Haoxuan0405"},"content":"","lastModifiedDate":"2023-03-19"},{"lineNumber":3,"author":{"gitId":"Haoxuan0405"},"content":"public abstract class Command{","lastModifiedDate":"2023-03-19"},{"lineNumber":4,"author":{"gitId":"Haoxuan0405"},"content":"    public abstract void execute();","lastModifiedDate":"2023-03-19"},{"lineNumber":5,"author":{"gitId":"Haoxuan0405"},"content":"}","lastModifiedDate":"2023-03-19"}],"authorContributionMap":{"Haoxuan0405":5}},{"path":"src/main/java/ExecuteCommand/DEADLINE.java","fileType":"java","lines":[{"lineNumber":1,"author":{"gitId":"Haoxuan0405"},"content":"package ExecuteCommand;","lastModifiedDate":"2023-03-19"},{"lineNumber":2,"author":{"gitId":"Haoxuan0405"},"content":"","lastModifiedDate":"2023-03-19"},{"lineNumber":3,"author":{"gitId":"Haoxuan0405"},"content":"import Task.Deadline;","lastModifiedDate":"2023-03-19"},{"lineNumber":4,"author":{"gitId":"Haoxuan0405"},"content":"import Exception.DukeException;","lastModifiedDate":"2023-03-19"},{"lineNumber":5,"author":{"gitId":"Haoxuan0405"},"content":"import Storage.*;","lastModifiedDate":"2023-03-19"},{"lineNumber":6,"author":{"gitId":"Haoxuan0405"},"content":"import Parser.*;","lastModifiedDate":"2023-03-19"},{"lineNumber":7,"author":{"gitId":"Haoxuan0405"},"content":"import java.time.LocalDateTime;","lastModifiedDate":"2023-03-24"},{"lineNumber":8,"author":{"gitId":"Haoxuan0405"},"content":"import java.time.format.DateTimeFormatter;","lastModifiedDate":"2023-03-24"},{"lineNumber":9,"author":{"gitId":"Haoxuan0405"},"content":"","lastModifiedDate":"2023-03-19"},{"lineNumber":10,"author":{"gitId":"Haoxuan0405"},"content":"public class DEADLINE extends Command{","lastModifiedDate":"2023-03-19"},{"lineNumber":11,"author":{"gitId":"Haoxuan0405"},"content":"    private final String inputCommand;","lastModifiedDate":"2023-03-19"},{"lineNumber":12,"author":{"gitId":"Haoxuan0405"},"content":"    public static final Storage storage \u003d Storage.getStorage();","lastModifiedDate":"2023-03-19"},{"lineNumber":13,"author":{"gitId":"Haoxuan0405"},"content":"","lastModifiedDate":"2023-03-19"},{"lineNumber":14,"author":{"gitId":"Haoxuan0405"},"content":"    public DEADLINE(String inputCommand) {","lastModifiedDate":"2023-03-19"},{"lineNumber":15,"author":{"gitId":"Haoxuan0405"},"content":"        this.inputCommand \u003d inputCommand;","lastModifiedDate":"2023-03-19"},{"lineNumber":16,"author":{"gitId":"Haoxuan0405"},"content":"    }","lastModifiedDate":"2023-03-19"},{"lineNumber":17,"author":{"gitId":"Haoxuan0405"},"content":"","lastModifiedDate":"2023-03-19"},{"lineNumber":18,"author":{"gitId":"Haoxuan0405"},"content":"    /**","lastModifiedDate":"2023-03-28"},{"lineNumber":19,"author":{"gitId":"Haoxuan0405"},"content":"     * add deadline task to tasklist and save","lastModifiedDate":"2023-03-28"},{"lineNumber":20,"author":{"gitId":"Haoxuan0405"},"content":"     * @throws DukeException","lastModifiedDate":"2023-03-28"},{"lineNumber":21,"author":{"gitId":"Haoxuan0405"},"content":"     */","lastModifiedDate":"2023-03-28"},{"lineNumber":22,"author":{"gitId":"Haoxuan0405"},"content":"    public void execute()throws DukeException {","lastModifiedDate":"2023-03-19"},{"lineNumber":23,"author":{"gitId":"Haoxuan0405"},"content":"        if(Parser.commandLength(inputCommand) \u003c 2){","lastModifiedDate":"2023-03-19"},{"lineNumber":24,"author":{"gitId":"Haoxuan0405"},"content":"            throw new DukeException(\"☹ OOPS!!! The description of a deadline cannot be empty.\");","lastModifiedDate":"2023-03-19"},{"lineNumber":25,"author":{"gitId":"Haoxuan0405"},"content":"        }","lastModifiedDate":"2023-03-19"},{"lineNumber":26,"author":{"gitId":"Haoxuan0405"},"content":"        String restCommand;","lastModifiedDate":"2023-03-24"},{"lineNumber":27,"author":{"gitId":"Haoxuan0405"},"content":"        restCommand \u003d Parser.restCommand(inputCommand);","lastModifiedDate":"2023-03-24"},{"lineNumber":28,"author":{"gitId":"Haoxuan0405"},"content":"        String[] deadlineDetails \u003d Parser.getDeadline(restCommand);","lastModifiedDate":"2023-03-24"},{"lineNumber":29,"author":{"gitId":"Haoxuan0405"},"content":"        Deadline deadline;","lastModifiedDate":"2023-03-19"},{"lineNumber":30,"author":{"gitId":"Haoxuan0405"},"content":"        try{","lastModifiedDate":"2023-03-24"},{"lineNumber":31,"author":{"gitId":"Haoxuan0405"},"content":"            deadline \u003d new Deadline(deadlineDetails[0],","lastModifiedDate":"2023-03-24"},{"lineNumber":32,"author":{"gitId":"Haoxuan0405"},"content":"                    LocalDateTime.parse(deadlineDetails[1].trim(), DateTimeFormatter.ofPattern(\"yyyy-MM-dd HH:mm\")));","lastModifiedDate":"2023-03-24"},{"lineNumber":33,"author":{"gitId":"Haoxuan0405"},"content":"        }catch (Exception e){","lastModifiedDate":"2023-03-24"},{"lineNumber":34,"author":{"gitId":"Haoxuan0405"},"content":"            throw new DukeException(\"☹ OOPS!!! Please key in the correct pattern!(deadline XXX /by \\\"yyyy-MM-dd HH:mm\\\")\");","lastModifiedDate":"2023-03-24"},{"lineNumber":35,"author":{"gitId":"Haoxuan0405"},"content":"        }","lastModifiedDate":"2023-03-19"},{"lineNumber":36,"author":{"gitId":"Haoxuan0405"},"content":"","lastModifiedDate":"2023-03-24"},{"lineNumber":37,"author":{"gitId":"Haoxuan0405"},"content":"        storage.taskAdd(deadline);","lastModifiedDate":"2023-03-19"},{"lineNumber":38,"author":{"gitId":"Haoxuan0405"},"content":"    }","lastModifiedDate":"2023-03-19"},{"lineNumber":39,"author":{"gitId":"Haoxuan0405"},"content":"}","lastModifiedDate":"2023-03-19"}],"authorContributionMap":{"Haoxuan0405":39}},{"path":"src/main/java/ExecuteCommand/DELETE.java","fileType":"java","lines":[{"lineNumber":1,"author":{"gitId":"Haoxuan0405"},"content":"package ExecuteCommand;","lastModifiedDate":"2023-03-19"},{"lineNumber":2,"author":{"gitId":"Haoxuan0405"},"content":"","lastModifiedDate":"2023-03-19"},{"lineNumber":3,"author":{"gitId":"Haoxuan0405"},"content":"import Storage.*;","lastModifiedDate":"2023-03-19"},{"lineNumber":4,"author":{"gitId":"Haoxuan0405"},"content":"import Exception.DukeException;","lastModifiedDate":"2023-03-19"},{"lineNumber":5,"author":{"gitId":"Haoxuan0405"},"content":"import Parser.*;","lastModifiedDate":"2023-03-19"},{"lineNumber":6,"author":{"gitId":"Haoxuan0405"},"content":"","lastModifiedDate":"2023-03-19"},{"lineNumber":7,"author":{"gitId":"Haoxuan0405"},"content":"public class DELETE extends Command{","lastModifiedDate":"2023-03-19"},{"lineNumber":8,"author":{"gitId":"Haoxuan0405"},"content":"    private final String inputCommand;","lastModifiedDate":"2023-03-19"},{"lineNumber":9,"author":{"gitId":"Haoxuan0405"},"content":"    public static final Storage storage \u003d Storage.getStorage();","lastModifiedDate":"2023-03-19"},{"lineNumber":10,"author":{"gitId":"Haoxuan0405"},"content":"","lastModifiedDate":"2023-03-19"},{"lineNumber":11,"author":{"gitId":"Haoxuan0405"},"content":"    public DELETE(String inputCommand) {","lastModifiedDate":"2023-03-19"},{"lineNumber":12,"author":{"gitId":"Haoxuan0405"},"content":"        this.inputCommand \u003d inputCommand;","lastModifiedDate":"2023-03-19"},{"lineNumber":13,"author":{"gitId":"Haoxuan0405"},"content":"    }","lastModifiedDate":"2023-03-19"},{"lineNumber":14,"author":{"gitId":"Haoxuan0405"},"content":"","lastModifiedDate":"2023-03-19"},{"lineNumber":15,"author":{"gitId":"Haoxuan0405"},"content":"    /**","lastModifiedDate":"2023-03-28"},{"lineNumber":16,"author":{"gitId":"Haoxuan0405"},"content":"     * delete task and save","lastModifiedDate":"2023-03-28"},{"lineNumber":17,"author":{"gitId":"Haoxuan0405"},"content":"     * @throws DukeException","lastModifiedDate":"2023-03-28"},{"lineNumber":18,"author":{"gitId":"Haoxuan0405"},"content":"     */","lastModifiedDate":"2023-03-28"},{"lineNumber":19,"author":{"gitId":"Haoxuan0405"},"content":"    public void execute() throws DukeException{","lastModifiedDate":"2023-03-19"},{"lineNumber":20,"author":{"gitId":"Haoxuan0405"},"content":"        if(Parser.commandLength(inputCommand) \u003c 2){","lastModifiedDate":"2023-03-19"},{"lineNumber":21,"author":{"gitId":"Haoxuan0405"},"content":"            throw new DukeException(\"☹ OOPS!!! Deleted number can not be empty.\");","lastModifiedDate":"2023-03-19"},{"lineNumber":22,"author":{"gitId":"Haoxuan0405"},"content":"        }","lastModifiedDate":"2023-03-19"},{"lineNumber":23,"author":{"gitId":"Haoxuan0405"},"content":"        int deleteNum \u003d Integer.parseInt(Parser.restCommand(inputCommand)) - 1;","lastModifiedDate":"2023-03-19"},{"lineNumber":24,"author":{"gitId":"Haoxuan0405"},"content":"        if(deleteNum \u003e\u003d storage.tasksList.size()){","lastModifiedDate":"2023-03-19"},{"lineNumber":25,"author":{"gitId":"Haoxuan0405"},"content":"            throw new DukeException(\"☹ OOPS!!! Please key in correct number!\");","lastModifiedDate":"2023-03-19"},{"lineNumber":26,"author":{"gitId":"Haoxuan0405"},"content":"        }","lastModifiedDate":"2023-03-19"},{"lineNumber":27,"author":{"gitId":"Haoxuan0405"},"content":"        storage.deleteTask(deleteNum);","lastModifiedDate":"2023-03-19"},{"lineNumber":28,"author":{"gitId":"Haoxuan0405"},"content":"    }","lastModifiedDate":"2023-03-19"},{"lineNumber":29,"author":{"gitId":"Haoxuan0405"},"content":"}","lastModifiedDate":"2023-03-19"}],"authorContributionMap":{"Haoxuan0405":29}},{"path":"src/main/java/ExecuteCommand/EVENT.java","fileType":"java","lines":[{"lineNumber":1,"author":{"gitId":"Haoxuan0405"},"content":"package ExecuteCommand;","lastModifiedDate":"2023-03-19"},{"lineNumber":2,"author":{"gitId":"Haoxuan0405"},"content":"","lastModifiedDate":"2023-03-19"},{"lineNumber":3,"author":{"gitId":"Haoxuan0405"},"content":"import Exception.DukeException;","lastModifiedDate":"2023-03-19"},{"lineNumber":4,"author":{"gitId":"Haoxuan0405"},"content":"import Parser.Parser;","lastModifiedDate":"2023-03-28"},{"lineNumber":5,"author":{"gitId":"Haoxuan0405"},"content":"import Storage.Storage;","lastModifiedDate":"2023-03-28"},{"lineNumber":6,"author":{"gitId":"Haoxuan0405"},"content":"import Task.Event;","lastModifiedDate":"2023-03-19"},{"lineNumber":7,"author":{"gitId":"Haoxuan0405"},"content":"","lastModifiedDate":"2023-03-28"},{"lineNumber":8,"author":{"gitId":"Haoxuan0405"},"content":"import java.time.LocalDateTime;","lastModifiedDate":"2023-03-24"},{"lineNumber":9,"author":{"gitId":"Haoxuan0405"},"content":"import java.time.format.DateTimeFormatter;","lastModifiedDate":"2023-03-24"},{"lineNumber":10,"author":{"gitId":"Haoxuan0405"},"content":"","lastModifiedDate":"2023-03-19"},{"lineNumber":11,"author":{"gitId":"Haoxuan0405"},"content":"public class EVENT extends Command {","lastModifiedDate":"2023-03-19"},{"lineNumber":12,"author":{"gitId":"Haoxuan0405"},"content":"    public static final Storage storage \u003d Storage.getStorage();","lastModifiedDate":"2023-03-19"},{"lineNumber":13,"author":{"gitId":"Haoxuan0405"},"content":"    private final String inputCommand;","lastModifiedDate":"2023-03-28"},{"lineNumber":14,"author":{"gitId":"Haoxuan0405"},"content":"","lastModifiedDate":"2023-03-19"},{"lineNumber":15,"author":{"gitId":"Haoxuan0405"},"content":"    public EVENT(String inputCommand) {","lastModifiedDate":"2023-03-19"},{"lineNumber":16,"author":{"gitId":"Haoxuan0405"},"content":"        this.inputCommand \u003d inputCommand;","lastModifiedDate":"2023-03-19"},{"lineNumber":17,"author":{"gitId":"Haoxuan0405"},"content":"    }","lastModifiedDate":"2023-03-19"},{"lineNumber":18,"author":{"gitId":"Haoxuan0405"},"content":"","lastModifiedDate":"2023-03-28"},{"lineNumber":19,"author":{"gitId":"Haoxuan0405"},"content":"    /**","lastModifiedDate":"2023-03-28"},{"lineNumber":20,"author":{"gitId":"Haoxuan0405"},"content":"     * generate event task and add in taskslist","lastModifiedDate":"2023-03-28"},{"lineNumber":21,"author":{"gitId":"Haoxuan0405"},"content":"     * @throws DukeException","lastModifiedDate":"2023-03-28"},{"lineNumber":22,"author":{"gitId":"Haoxuan0405"},"content":"     */","lastModifiedDate":"2023-03-28"},{"lineNumber":23,"author":{"gitId":"Haoxuan0405"},"content":"    public void execute() throws DukeException {","lastModifiedDate":"2023-03-19"},{"lineNumber":24,"author":{"gitId":"Haoxuan0405"},"content":"        if (Parser.commandLength(inputCommand) \u003c 2) {","lastModifiedDate":"2023-03-19"},{"lineNumber":25,"author":{"gitId":"Haoxuan0405"},"content":"            throw new DukeException(\"☹ OOPS!!! The description of a event cannot be empty.\");","lastModifiedDate":"2023-03-19"},{"lineNumber":26,"author":{"gitId":"Haoxuan0405"},"content":"        }","lastModifiedDate":"2023-03-19"},{"lineNumber":27,"author":{"gitId":"Haoxuan0405"},"content":"        String restCommand;","lastModifiedDate":"2023-03-24"},{"lineNumber":28,"author":{"gitId":"Haoxuan0405"},"content":"        restCommand \u003d Parser.restCommand(inputCommand);","lastModifiedDate":"2023-03-24"},{"lineNumber":29,"author":{"gitId":"Haoxuan0405"},"content":"        String[] eventDetails \u003d Parser.getEvent(restCommand);","lastModifiedDate":"2023-03-24"},{"lineNumber":30,"author":{"gitId":"Haoxuan0405"},"content":"        Event event;","lastModifiedDate":"2023-03-19"},{"lineNumber":31,"author":{"gitId":"Haoxuan0405"},"content":"        LocalDateTime d1 \u003d LocalDateTime.parse(eventDetails[1].trim(), DateTimeFormatter.ofPattern(\"yyyy-MM-dd HH:mm\"));","lastModifiedDate":"2023-03-29"},{"lineNumber":32,"author":{"gitId":"Haoxuan0405"},"content":"        LocalDateTime d2 \u003d LocalDateTime.parse(eventDetails[2].trim(), DateTimeFormatter.ofPattern(\"yyyy-MM-dd HH:mm\"));","lastModifiedDate":"2023-03-29"},{"lineNumber":33,"author":{"gitId":"Haoxuan0405"},"content":"        if(d1.isAfter(d2)){","lastModifiedDate":"2023-03-29"},{"lineNumber":34,"author":{"gitId":"Haoxuan0405"},"content":"            throw new DukeException(\"Please key in the correct LocateDateTime again!\");","lastModifiedDate":"2023-03-29"},{"lineNumber":35,"author":{"gitId":"Haoxuan0405"},"content":"        }","lastModifiedDate":"2023-03-28"},{"lineNumber":36,"author":{"gitId":"Haoxuan0405"},"content":"        try {","lastModifiedDate":"2023-03-24"},{"lineNumber":37,"author":{"gitId":"Haoxuan0405"},"content":"            event \u003d new Event(eventDetails[0],","lastModifiedDate":"2023-03-24"},{"lineNumber":38,"author":{"gitId":"Haoxuan0405"},"content":"                    LocalDateTime.parse(eventDetails[1].trim(), DateTimeFormatter.ofPattern(\"yyyy-MM-dd HH:mm\")),","lastModifiedDate":"2023-03-28"},{"lineNumber":39,"author":{"gitId":"Haoxuan0405"},"content":"                    LocalDateTime.parse(eventDetails[2].trim(), DateTimeFormatter.ofPattern(\"yyyy-MM-dd HH:mm\")));","lastModifiedDate":"2023-03-28"},{"lineNumber":40,"author":{"gitId":"Haoxuan0405"},"content":"        } catch (Exception e) {","lastModifiedDate":"2023-03-24"},{"lineNumber":41,"author":{"gitId":"Haoxuan0405"},"content":"            throw new DukeException(\"☹ OOPS!!! Please key in the correct pattern! (event XXX /from \\\"yyyy-MM-dd HH:mm\\\" /to \\\"yyyy-MM-dd HH:mm\\\")\");","lastModifiedDate":"2023-03-28"},{"lineNumber":42,"author":{"gitId":"Haoxuan0405"},"content":"        }","lastModifiedDate":"2023-03-19"},{"lineNumber":43,"author":{"gitId":"Haoxuan0405"},"content":"        storage.taskAdd(event);","lastModifiedDate":"2023-03-19"},{"lineNumber":44,"author":{"gitId":"Haoxuan0405"},"content":"    }","lastModifiedDate":"2023-03-19"},{"lineNumber":45,"author":{"gitId":"Haoxuan0405"},"content":"}","lastModifiedDate":"2023-03-19"}],"authorContributionMap":{"Haoxuan0405":45}},{"path":"src/main/java/ExecuteCommand/LIST.java","fileType":"java","lines":[{"lineNumber":1,"author":{"gitId":"Haoxuan0405"},"content":"package ExecuteCommand;","lastModifiedDate":"2023-03-19"},{"lineNumber":2,"author":{"gitId":"Haoxuan0405"},"content":"import Storage.*;","lastModifiedDate":"2023-03-19"},{"lineNumber":3,"author":{"gitId":"Haoxuan0405"},"content":"","lastModifiedDate":"2023-03-19"},{"lineNumber":4,"author":{"gitId":"Haoxuan0405"},"content":"public class LIST extends Command{","lastModifiedDate":"2023-03-19"},{"lineNumber":5,"author":{"gitId":"Haoxuan0405"},"content":"    public static final Storage storage \u003d Storage.getStorage();","lastModifiedDate":"2023-03-19"},{"lineNumber":6,"author":{"gitId":"Haoxuan0405"},"content":"","lastModifiedDate":"2023-03-19"},{"lineNumber":7,"author":{"gitId":"Haoxuan0405"},"content":"    /**","lastModifiedDate":"2023-03-28"},{"lineNumber":8,"author":{"gitId":"Haoxuan0405"},"content":"     * all tasks to be printed.","lastModifiedDate":"2023-03-28"},{"lineNumber":9,"author":{"gitId":"Haoxuan0405"},"content":"     */","lastModifiedDate":"2023-03-28"},{"lineNumber":10,"author":{"gitId":"Haoxuan0405"},"content":"    public void execute() {","lastModifiedDate":"2023-03-19"},{"lineNumber":11,"author":{"gitId":"Haoxuan0405"},"content":"        storage.showToUser();","lastModifiedDate":"2023-03-24"},{"lineNumber":12,"author":{"gitId":"Haoxuan0405"},"content":"    }","lastModifiedDate":"2023-03-19"},{"lineNumber":13,"author":{"gitId":"Haoxuan0405"},"content":"}","lastModifiedDate":"2023-03-19"}],"authorContributionMap":{"Haoxuan0405":13}},{"path":"src/main/java/ExecuteCommand/MARK.java","fileType":"java","lines":[{"lineNumber":1,"author":{"gitId":"Haoxuan0405"},"content":"package ExecuteCommand;","lastModifiedDate":"2023-03-19"},{"lineNumber":2,"author":{"gitId":"Haoxuan0405"},"content":"","lastModifiedDate":"2023-03-19"},{"lineNumber":3,"author":{"gitId":"Haoxuan0405"},"content":"import Exception.DukeException;","lastModifiedDate":"2023-03-19"},{"lineNumber":4,"author":{"gitId":"Haoxuan0405"},"content":"import Storage.*;","lastModifiedDate":"2023-03-19"},{"lineNumber":5,"author":{"gitId":"Haoxuan0405"},"content":"import Parser.*;","lastModifiedDate":"2023-03-19"},{"lineNumber":6,"author":{"gitId":"Haoxuan0405"},"content":"","lastModifiedDate":"2023-03-19"},{"lineNumber":7,"author":{"gitId":"Haoxuan0405"},"content":"public class MARK extends Command{","lastModifiedDate":"2023-03-19"},{"lineNumber":8,"author":{"gitId":"Haoxuan0405"},"content":"    private final String inputCommand;","lastModifiedDate":"2023-03-19"},{"lineNumber":9,"author":{"gitId":"Haoxuan0405"},"content":"","lastModifiedDate":"2023-03-24"},{"lineNumber":10,"author":{"gitId":"Haoxuan0405"},"content":"    public static final Storage storage \u003d Storage.getStorage();","lastModifiedDate":"2023-03-19"},{"lineNumber":11,"author":{"gitId":"Haoxuan0405"},"content":"","lastModifiedDate":"2023-03-19"},{"lineNumber":12,"author":{"gitId":"Haoxuan0405"},"content":"    public MARK(String inputCommand) {","lastModifiedDate":"2023-03-19"},{"lineNumber":13,"author":{"gitId":"Haoxuan0405"},"content":"        this.inputCommand \u003d inputCommand;","lastModifiedDate":"2023-03-19"},{"lineNumber":14,"author":{"gitId":"Haoxuan0405"},"content":"    }","lastModifiedDate":"2023-03-19"},{"lineNumber":15,"author":{"gitId":"Haoxuan0405"},"content":"","lastModifiedDate":"2023-03-19"},{"lineNumber":16,"author":{"gitId":"Haoxuan0405"},"content":"    /**","lastModifiedDate":"2023-03-28"},{"lineNumber":17,"author":{"gitId":"Haoxuan0405"},"content":"     * Mark task and save","lastModifiedDate":"2023-03-28"},{"lineNumber":18,"author":{"gitId":"Haoxuan0405"},"content":"     * @throws DukeException","lastModifiedDate":"2023-03-28"},{"lineNumber":19,"author":{"gitId":"Haoxuan0405"},"content":"     */","lastModifiedDate":"2023-03-28"},{"lineNumber":20,"author":{"gitId":"Haoxuan0405"},"content":"    @Override","lastModifiedDate":"2023-03-19"},{"lineNumber":21,"author":{"gitId":"Haoxuan0405"},"content":"    public void execute() throws DukeException  {","lastModifiedDate":"2023-03-19"},{"lineNumber":22,"author":{"gitId":"Haoxuan0405"},"content":"        if(Parser.commandLength(inputCommand) \u003c 2){","lastModifiedDate":"2023-03-19"},{"lineNumber":23,"author":{"gitId":"Haoxuan0405"},"content":"            throw new DukeException(\"☹ OOPS!!! Mark number can not be empty.\");","lastModifiedDate":"2023-03-19"},{"lineNumber":24,"author":{"gitId":"Haoxuan0405"},"content":"        }","lastModifiedDate":"2023-03-19"},{"lineNumber":25,"author":{"gitId":"Haoxuan0405"},"content":"        int markNum \u003d Integer.parseInt(Parser.restCommand(inputCommand)) - 1;","lastModifiedDate":"2023-03-19"},{"lineNumber":26,"author":{"gitId":"Haoxuan0405"},"content":"        if(markNum \u003e\u003d storage.tasksList.size()){","lastModifiedDate":"2023-03-19"},{"lineNumber":27,"author":{"gitId":"Haoxuan0405"},"content":"            throw new DukeException(\"☹ OOPS!!! Please key in correct number!\");","lastModifiedDate":"2023-03-19"},{"lineNumber":28,"author":{"gitId":"Haoxuan0405"},"content":"        }","lastModifiedDate":"2023-03-19"},{"lineNumber":29,"author":{"gitId":"Haoxuan0405"},"content":"        storage.mark(markNum);","lastModifiedDate":"2023-03-19"},{"lineNumber":30,"author":{"gitId":"Haoxuan0405"},"content":"    }","lastModifiedDate":"2023-03-19"},{"lineNumber":31,"author":{"gitId":"Haoxuan0405"},"content":"}","lastModifiedDate":"2023-03-19"}],"authorContributionMap":{"Haoxuan0405":31}},{"path":"src/main/java/ExecuteCommand/SAVE.java","fileType":"java","lines":[{"lineNumber":1,"author":{"gitId":"Haoxuan0405"},"content":"package ExecuteCommand;","lastModifiedDate":"2023-03-19"},{"lineNumber":2,"author":{"gitId":"Haoxuan0405"},"content":"","lastModifiedDate":"2023-03-19"},{"lineNumber":3,"author":{"gitId":"Haoxuan0405"},"content":"import Exception.DukeException;","lastModifiedDate":"2023-03-19"},{"lineNumber":4,"author":{"gitId":"Haoxuan0405"},"content":"import Storage.*;","lastModifiedDate":"2023-03-19"},{"lineNumber":5,"author":{"gitId":"Haoxuan0405"},"content":"import UI.*;","lastModifiedDate":"2023-03-19"},{"lineNumber":6,"author":{"gitId":"Haoxuan0405"},"content":"public class SAVE extends Command{","lastModifiedDate":"2023-03-19"},{"lineNumber":7,"author":{"gitId":"Haoxuan0405"},"content":"    public static final Storage storage \u003d Storage.getStorage();","lastModifiedDate":"2023-03-19"},{"lineNumber":8,"author":{"gitId":"Haoxuan0405"},"content":"","lastModifiedDate":"2023-03-19"},{"lineNumber":9,"author":{"gitId":"Haoxuan0405"},"content":"    /**","lastModifiedDate":"2023-03-28"},{"lineNumber":10,"author":{"gitId":"Haoxuan0405"},"content":"     * build tasks string and save into disk file","lastModifiedDate":"2023-03-28"},{"lineNumber":11,"author":{"gitId":"Haoxuan0405"},"content":"     * @throws DukeException","lastModifiedDate":"2023-03-28"},{"lineNumber":12,"author":{"gitId":"Haoxuan0405"},"content":"     */","lastModifiedDate":"2023-03-28"},{"lineNumber":13,"author":{"gitId":"Haoxuan0405"},"content":"    public void execute() throws DukeException {","lastModifiedDate":"2023-03-19"},{"lineNumber":14,"author":{"gitId":"Haoxuan0405"},"content":"        storage.writeToFile(storage.tasksAddInFile());","lastModifiedDate":"2023-03-19"},{"lineNumber":15,"author":{"gitId":"Haoxuan0405"},"content":"        Ui.Echo(\"The tasks have been saved into ./data/duke.txt\");","lastModifiedDate":"2023-03-19"},{"lineNumber":16,"author":{"gitId":"Haoxuan0405"},"content":"    }","lastModifiedDate":"2023-03-19"},{"lineNumber":17,"author":{"gitId":"Haoxuan0405"},"content":"}","lastModifiedDate":"2023-03-19"}],"authorContributionMap":{"Haoxuan0405":17}},{"path":"src/main/java/ExecuteCommand/TODO.java","fileType":"java","lines":[{"lineNumber":1,"author":{"gitId":"Haoxuan0405"},"content":"package ExecuteCommand;","lastModifiedDate":"2023-03-19"},{"lineNumber":2,"author":{"gitId":"Haoxuan0405"},"content":"","lastModifiedDate":"2023-03-19"},{"lineNumber":3,"author":{"gitId":"Haoxuan0405"},"content":"import Task.Todo;","lastModifiedDate":"2023-03-19"},{"lineNumber":4,"author":{"gitId":"Haoxuan0405"},"content":"import Exception.DukeException;","lastModifiedDate":"2023-03-19"},{"lineNumber":5,"author":{"gitId":"Haoxuan0405"},"content":"import Storage.*;","lastModifiedDate":"2023-03-19"},{"lineNumber":6,"author":{"gitId":"Haoxuan0405"},"content":"import Parser.*;","lastModifiedDate":"2023-03-19"},{"lineNumber":7,"author":{"gitId":"Haoxuan0405"},"content":"","lastModifiedDate":"2023-03-19"},{"lineNumber":8,"author":{"gitId":"Haoxuan0405"},"content":"public class TODO extends Command{","lastModifiedDate":"2023-03-19"},{"lineNumber":9,"author":{"gitId":"Haoxuan0405"},"content":"    private final String inputCommand;","lastModifiedDate":"2023-03-19"},{"lineNumber":10,"author":{"gitId":"Haoxuan0405"},"content":"    public static final Storage storage \u003d Storage.getStorage();","lastModifiedDate":"2023-03-19"},{"lineNumber":11,"author":{"gitId":"Haoxuan0405"},"content":"","lastModifiedDate":"2023-03-19"},{"lineNumber":12,"author":{"gitId":"Haoxuan0405"},"content":"    public TODO(String inputCommand) {","lastModifiedDate":"2023-03-19"},{"lineNumber":13,"author":{"gitId":"Haoxuan0405"},"content":"        this.inputCommand \u003d inputCommand;","lastModifiedDate":"2023-03-19"},{"lineNumber":14,"author":{"gitId":"Haoxuan0405"},"content":"    }","lastModifiedDate":"2023-03-19"},{"lineNumber":15,"author":{"gitId":"Haoxuan0405"},"content":"","lastModifiedDate":"2023-03-24"},{"lineNumber":16,"author":{"gitId":"Haoxuan0405"},"content":"    /**","lastModifiedDate":"2023-03-28"},{"lineNumber":17,"author":{"gitId":"Haoxuan0405"},"content":"     * Add this todo task to tasklists","lastModifiedDate":"2023-03-28"},{"lineNumber":18,"author":{"gitId":"Haoxuan0405"},"content":"     * @throws DukeException","lastModifiedDate":"2023-03-28"},{"lineNumber":19,"author":{"gitId":"Haoxuan0405"},"content":"     */","lastModifiedDate":"2023-03-28"},{"lineNumber":20,"author":{"gitId":"Haoxuan0405"},"content":"    public void execute()throws DukeException {","lastModifiedDate":"2023-03-19"},{"lineNumber":21,"author":{"gitId":"Haoxuan0405"},"content":"        if(Parser.commandLength(inputCommand) \u003c 2){","lastModifiedDate":"2023-03-19"},{"lineNumber":22,"author":{"gitId":"Haoxuan0405"},"content":"            throw new DukeException(\"☹ OOPS!!! The description of a todo cannot be empty.\");","lastModifiedDate":"2023-03-19"},{"lineNumber":23,"author":{"gitId":"Haoxuan0405"},"content":"        }","lastModifiedDate":"2023-03-19"},{"lineNumber":24,"author":{"gitId":"Haoxuan0405"},"content":"        Todo todo \u003d new Todo(Parser.restCommand(inputCommand));","lastModifiedDate":"2023-03-19"},{"lineNumber":25,"author":{"gitId":"Haoxuan0405"},"content":"        storage.taskAdd(todo);","lastModifiedDate":"2023-03-19"},{"lineNumber":26,"author":{"gitId":"Haoxuan0405"},"content":"    }","lastModifiedDate":"2023-03-19"},{"lineNumber":27,"author":{"gitId":"Haoxuan0405"},"content":"}","lastModifiedDate":"2023-03-19"}],"authorContributionMap":{"Haoxuan0405":27}},{"path":"src/main/java/ExecuteCommand/UNKNOWN.java","fileType":"java","lines":[{"lineNumber":1,"author":{"gitId":"Haoxuan0405"},"content":"package ExecuteCommand;","lastModifiedDate":"2023-03-19"},{"lineNumber":2,"author":{"gitId":"Haoxuan0405"},"content":"import Exception.DukeException;","lastModifiedDate":"2023-03-19"},{"lineNumber":3,"author":{"gitId":"Haoxuan0405"},"content":"","lastModifiedDate":"2023-03-19"},{"lineNumber":4,"author":{"gitId":"Haoxuan0405"},"content":"public class UNKNOWN extends Command{","lastModifiedDate":"2023-03-19"},{"lineNumber":5,"author":{"gitId":"Haoxuan0405"},"content":"    /**","lastModifiedDate":"2023-03-28"},{"lineNumber":6,"author":{"gitId":"Haoxuan0405"},"content":"     * if user key in the wrong keyword, duke will not recognize.","lastModifiedDate":"2023-03-28"},{"lineNumber":7,"author":{"gitId":"Haoxuan0405"},"content":"     * @throws DukeException","lastModifiedDate":"2023-03-28"},{"lineNumber":8,"author":{"gitId":"Haoxuan0405"},"content":"     */","lastModifiedDate":"2023-03-28"},{"lineNumber":9,"author":{"gitId":"Haoxuan0405"},"content":"    public void execute() throws DukeException {","lastModifiedDate":"2023-03-19"},{"lineNumber":10,"author":{"gitId":"Haoxuan0405"},"content":"        throw new DukeException(\"☹ OOPS!!! I\u0027m sorry, but I don\u0027t know what that means :-(\");","lastModifiedDate":"2023-03-19"},{"lineNumber":11,"author":{"gitId":"Haoxuan0405"},"content":"    }","lastModifiedDate":"2023-03-19"},{"lineNumber":12,"author":{"gitId":"Haoxuan0405"},"content":"}","lastModifiedDate":"2023-03-19"}],"authorContributionMap":{"Haoxuan0405":12}},{"path":"src/main/java/ExecuteCommand/UNMARK.java","fileType":"java","lines":[{"lineNumber":1,"author":{"gitId":"Haoxuan0405"},"content":"package ExecuteCommand;","lastModifiedDate":"2023-03-19"},{"lineNumber":2,"author":{"gitId":"Haoxuan0405"},"content":"","lastModifiedDate":"2023-03-19"},{"lineNumber":3,"author":{"gitId":"Haoxuan0405"},"content":"import Exception.DukeException;","lastModifiedDate":"2023-03-19"},{"lineNumber":4,"author":{"gitId":"Haoxuan0405"},"content":"import Storage.*;","lastModifiedDate":"2023-03-19"},{"lineNumber":5,"author":{"gitId":"Haoxuan0405"},"content":"import Parser.*;","lastModifiedDate":"2023-03-19"},{"lineNumber":6,"author":{"gitId":"Haoxuan0405"},"content":"","lastModifiedDate":"2023-03-19"},{"lineNumber":7,"author":{"gitId":"Haoxuan0405"},"content":"public class UNMARK extends Command{","lastModifiedDate":"2023-03-19"},{"lineNumber":8,"author":{"gitId":"Haoxuan0405"},"content":"    private final String inputCommand;","lastModifiedDate":"2023-03-19"},{"lineNumber":9,"author":{"gitId":"Haoxuan0405"},"content":"    public static final Storage storage \u003d Storage.getStorage();","lastModifiedDate":"2023-03-19"},{"lineNumber":10,"author":{"gitId":"Haoxuan0405"},"content":"","lastModifiedDate":"2023-03-19"},{"lineNumber":11,"author":{"gitId":"Haoxuan0405"},"content":"    public UNMARK(String inputCommand) {","lastModifiedDate":"2023-03-19"},{"lineNumber":12,"author":{"gitId":"Haoxuan0405"},"content":"        this.inputCommand \u003d inputCommand;","lastModifiedDate":"2023-03-19"},{"lineNumber":13,"author":{"gitId":"Haoxuan0405"},"content":"    }","lastModifiedDate":"2023-03-19"},{"lineNumber":14,"author":{"gitId":"Haoxuan0405"},"content":"","lastModifiedDate":"2023-03-19"},{"lineNumber":15,"author":{"gitId":"Haoxuan0405"},"content":"    /**","lastModifiedDate":"2023-03-28"},{"lineNumber":16,"author":{"gitId":"Haoxuan0405"},"content":"     * unmark task number and save","lastModifiedDate":"2023-03-28"},{"lineNumber":17,"author":{"gitId":"Haoxuan0405"},"content":"     * @throws DukeException","lastModifiedDate":"2023-03-28"},{"lineNumber":18,"author":{"gitId":"Haoxuan0405"},"content":"     */","lastModifiedDate":"2023-03-28"},{"lineNumber":19,"author":{"gitId":"Haoxuan0405"},"content":"    @Override","lastModifiedDate":"2023-03-19"},{"lineNumber":20,"author":{"gitId":"Haoxuan0405"},"content":"    public void execute() throws DukeException {","lastModifiedDate":"2023-03-19"},{"lineNumber":21,"author":{"gitId":"Haoxuan0405"},"content":"        if(Parser.commandLength(inputCommand) \u003c 2){","lastModifiedDate":"2023-03-19"},{"lineNumber":22,"author":{"gitId":"Haoxuan0405"},"content":"            throw new DukeException(\"☹ OOPS!!! Unmark number can not be empty.\");","lastModifiedDate":"2023-03-19"},{"lineNumber":23,"author":{"gitId":"Haoxuan0405"},"content":"        }","lastModifiedDate":"2023-03-19"},{"lineNumber":24,"author":{"gitId":"Haoxuan0405"},"content":"        int markNum \u003d Integer.parseInt(Parser.restCommand(inputCommand)) - 1;","lastModifiedDate":"2023-03-19"},{"lineNumber":25,"author":{"gitId":"Haoxuan0405"},"content":"        if(markNum \u003e\u003d storage.tasksList.size()){","lastModifiedDate":"2023-03-19"},{"lineNumber":26,"author":{"gitId":"Haoxuan0405"},"content":"            throw new DukeException(\"☹ OOPS!!! Please key in correct number!\");","lastModifiedDate":"2023-03-19"},{"lineNumber":27,"author":{"gitId":"Haoxuan0405"},"content":"        }","lastModifiedDate":"2023-03-19"},{"lineNumber":28,"author":{"gitId":"Haoxuan0405"},"content":"        storage.unmark(markNum);","lastModifiedDate":"2023-03-19"},{"lineNumber":29,"author":{"gitId":"Haoxuan0405"},"content":"    }","lastModifiedDate":"2023-03-19"},{"lineNumber":30,"author":{"gitId":"Haoxuan0405"},"content":"}","lastModifiedDate":"2023-03-19"}],"authorContributionMap":{"Haoxuan0405":30}},{"path":"src/main/java/Parser/Parser.java","fileType":"java","lines":[{"lineNumber":1,"author":{"gitId":"Haoxuan0405"},"content":"package Parser;","lastModifiedDate":"2023-03-19"},{"lineNumber":2,"author":{"gitId":"Haoxuan0405"},"content":"","lastModifiedDate":"2023-03-19"},{"lineNumber":3,"author":{"gitId":"Haoxuan0405"},"content":"import enumCommand.Constant;","lastModifiedDate":"2023-03-19"},{"lineNumber":4,"author":{"gitId":"Haoxuan0405"},"content":"import java.util.ArrayList;","lastModifiedDate":"2023-03-24"},{"lineNumber":5,"author":{"gitId":"Haoxuan0405"},"content":"import java.util.HashMap;","lastModifiedDate":"2023-03-19"},{"lineNumber":6,"author":{"gitId":"Haoxuan0405"},"content":"import java.util.List;","lastModifiedDate":"2023-03-24"},{"lineNumber":7,"author":{"gitId":"Haoxuan0405"},"content":"import Exception.DukeException;","lastModifiedDate":"2023-03-24"},{"lineNumber":8,"author":{"gitId":"Haoxuan0405"},"content":"","lastModifiedDate":"2023-03-19"},{"lineNumber":9,"author":{"gitId":"Haoxuan0405"},"content":"public class Parser {","lastModifiedDate":"2023-03-19"},{"lineNumber":10,"author":{"gitId":"Haoxuan0405"},"content":"    private static final HashMap\u003cString,Constant\u003e getConstantMap \u003d getNewMap();","lastModifiedDate":"2023-03-19"},{"lineNumber":11,"author":{"gitId":"Haoxuan0405"},"content":"","lastModifiedDate":"2023-03-19"},{"lineNumber":12,"author":{"gitId":"Haoxuan0405"},"content":"    public static Constant getCommandConstant(String inputCommand){","lastModifiedDate":"2023-03-19"},{"lineNumber":13,"author":{"gitId":"Haoxuan0405"},"content":"        String key \u003d keyCommand(inputCommand);","lastModifiedDate":"2023-03-19"},{"lineNumber":14,"author":{"gitId":"Haoxuan0405"},"content":"        return getConstantMap.getOrDefault(key,Constant.UNKNOWN);","lastModifiedDate":"2023-03-19"},{"lineNumber":15,"author":{"gitId":"Haoxuan0405"},"content":"    }","lastModifiedDate":"2023-03-19"},{"lineNumber":16,"author":{"gitId":"Haoxuan0405"},"content":"","lastModifiedDate":"2023-03-19"},{"lineNumber":17,"author":{"gitId":"Haoxuan0405"},"content":"    /**","lastModifiedDate":"2023-03-28"},{"lineNumber":18,"author":{"gitId":"Haoxuan0405"},"content":"     * save keyword and its enum in map","lastModifiedDate":"2023-03-28"},{"lineNumber":19,"author":{"gitId":"Haoxuan0405"},"content":"     * @return hashmap","lastModifiedDate":"2023-03-28"},{"lineNumber":20,"author":{"gitId":"Haoxuan0405"},"content":"     */","lastModifiedDate":"2023-03-28"},{"lineNumber":21,"author":{"gitId":"Haoxuan0405"},"content":"    public static HashMap\u003cString, Constant\u003e getNewMap() {","lastModifiedDate":"2023-03-19"},{"lineNumber":22,"author":{"gitId":"Haoxuan0405"},"content":"        HashMap\u003cString, Constant\u003e newMap\u003d new HashMap\u003c\u003e();","lastModifiedDate":"2023-03-19"},{"lineNumber":23,"author":{"gitId":"Haoxuan0405"},"content":"        newMap.put(\"bye\", Constant.BYE);","lastModifiedDate":"2023-03-19"},{"lineNumber":24,"author":{"gitId":"Haoxuan0405"},"content":"        newMap.put(\"list\", Constant.LIST);","lastModifiedDate":"2023-03-19"},{"lineNumber":25,"author":{"gitId":"Haoxuan0405"},"content":"        newMap.put(\"mark\", Constant.MARK);","lastModifiedDate":"2023-03-19"},{"lineNumber":26,"author":{"gitId":"Haoxuan0405"},"content":"        newMap.put(\"unmark\", Constant.UNMARK);","lastModifiedDate":"2023-03-19"},{"lineNumber":27,"author":{"gitId":"Haoxuan0405"},"content":"        newMap.put(\"delete\", Constant.DELETE);","lastModifiedDate":"2023-03-19"},{"lineNumber":28,"author":{"gitId":"Haoxuan0405"},"content":"        newMap.put(\"todo\", Constant.TODO);","lastModifiedDate":"2023-03-19"},{"lineNumber":29,"author":{"gitId":"Haoxuan0405"},"content":"        newMap.put(\"deadline\", Constant.DEADLINE);","lastModifiedDate":"2023-03-19"},{"lineNumber":30,"author":{"gitId":"Haoxuan0405"},"content":"        newMap.put(\"event\", Constant.EVENT);","lastModifiedDate":"2023-03-19"},{"lineNumber":31,"author":{"gitId":"Haoxuan0405"},"content":"        newMap.put(\"save\", Constant.SAVE);","lastModifiedDate":"2023-03-19"},{"lineNumber":32,"author":{"gitId":"Haoxuan0405"},"content":"        return newMap;","lastModifiedDate":"2023-03-19"},{"lineNumber":33,"author":{"gitId":"Haoxuan0405"},"content":"    }","lastModifiedDate":"2023-03-19"},{"lineNumber":34,"author":{"gitId":"Haoxuan0405"},"content":"","lastModifiedDate":"2023-03-28"},{"lineNumber":35,"author":{"gitId":"Haoxuan0405"},"content":"    /**","lastModifiedDate":"2023-03-28"},{"lineNumber":36,"author":{"gitId":"Haoxuan0405"},"content":"     * @param inputCommand","lastModifiedDate":"2023-03-28"},{"lineNumber":37,"author":{"gitId":"Haoxuan0405"},"content":"     * @return first keyword from input command","lastModifiedDate":"2023-03-28"},{"lineNumber":38,"author":{"gitId":"Haoxuan0405"},"content":"     */","lastModifiedDate":"2023-03-28"},{"lineNumber":39,"author":{"gitId":"Haoxuan0405"},"content":"    public static String keyCommand(String inputCommand){","lastModifiedDate":"2023-03-19"},{"lineNumber":40,"author":{"gitId":"Haoxuan0405"},"content":"        return inputCommand.split(\" \",2)[0].trim();","lastModifiedDate":"2023-03-19"},{"lineNumber":41,"author":{"gitId":"Haoxuan0405"},"content":"    }","lastModifiedDate":"2023-03-19"},{"lineNumber":42,"author":{"gitId":"Haoxuan0405"},"content":"","lastModifiedDate":"2023-03-19"},{"lineNumber":43,"author":{"gitId":"Haoxuan0405"},"content":"    /**","lastModifiedDate":"2023-03-28"},{"lineNumber":44,"author":{"gitId":"Haoxuan0405"},"content":"     * @param inputCommand","lastModifiedDate":"2023-03-28"},{"lineNumber":45,"author":{"gitId":"Haoxuan0405"},"content":"     * @return another command split by space from input command","lastModifiedDate":"2023-03-28"},{"lineNumber":46,"author":{"gitId":"Haoxuan0405"},"content":"     * @throws DukeException","lastModifiedDate":"2023-03-28"},{"lineNumber":47,"author":{"gitId":"Haoxuan0405"},"content":"     */","lastModifiedDate":"2023-03-28"},{"lineNumber":48,"author":{"gitId":"Haoxuan0405"},"content":"    public static String restCommand(String inputCommand)throws DukeException {","lastModifiedDate":"2023-03-24"},{"lineNumber":49,"author":{"gitId":"Haoxuan0405"},"content":"        String restCommand;","lastModifiedDate":"2023-03-24"},{"lineNumber":50,"author":{"gitId":"Haoxuan0405"},"content":"        try{","lastModifiedDate":"2023-03-24"},{"lineNumber":51,"author":{"gitId":"Haoxuan0405"},"content":"            restCommand \u003d inputCommand.split(\" \",2)[1].trim();","lastModifiedDate":"2023-03-24"},{"lineNumber":52,"author":{"gitId":"Haoxuan0405"},"content":"        }catch (ArrayIndexOutOfBoundsException e){","lastModifiedDate":"2023-03-24"},{"lineNumber":53,"author":{"gitId":"Haoxuan0405"},"content":"            throw new DukeException(\"Please key in keyword again!\");","lastModifiedDate":"2023-03-24"},{"lineNumber":54,"author":{"gitId":"Haoxuan0405"},"content":"        }","lastModifiedDate":"2023-03-24"},{"lineNumber":55,"author":{"gitId":"Haoxuan0405"},"content":"        return restCommand;","lastModifiedDate":"2023-03-24"},{"lineNumber":56,"author":{"gitId":"Haoxuan0405"},"content":"    }","lastModifiedDate":"2023-03-24"},{"lineNumber":57,"author":{"gitId":"Haoxuan0405"},"content":"","lastModifiedDate":"2023-03-24"},{"lineNumber":58,"author":{"gitId":"Haoxuan0405"},"content":"    /**","lastModifiedDate":"2023-03-28"},{"lineNumber":59,"author":{"gitId":"Haoxuan0405"},"content":"     * @param restCommand add rest command in string array spilt by \"/by\"","lastModifiedDate":"2023-03-28"},{"lineNumber":60,"author":{"gitId":"Haoxuan0405"},"content":"     * @return string array","lastModifiedDate":"2023-03-28"},{"lineNumber":61,"author":{"gitId":"Haoxuan0405"},"content":"     */","lastModifiedDate":"2023-03-28"},{"lineNumber":62,"author":{"gitId":"Haoxuan0405"},"content":"    public static String[] getDeadline(String restCommand){","lastModifiedDate":"2023-03-28"},{"lineNumber":63,"author":{"gitId":"Haoxuan0405"},"content":"        String[] arrayDeadline;","lastModifiedDate":"2023-03-24"},{"lineNumber":64,"author":{"gitId":"Haoxuan0405"},"content":"        List\u003cString\u003e list \u003d new ArrayList\u003c\u003e();","lastModifiedDate":"2023-03-24"},{"lineNumber":65,"author":{"gitId":"Haoxuan0405"},"content":"        for (String s : restCommand.split(\"/by\", 2)) {","lastModifiedDate":"2023-03-28"},{"lineNumber":66,"author":{"gitId":"Haoxuan0405"},"content":"            String trim \u003d s.trim();","lastModifiedDate":"2023-03-24"},{"lineNumber":67,"author":{"gitId":"Haoxuan0405"},"content":"            list.add(trim);","lastModifiedDate":"2023-03-24"},{"lineNumber":68,"author":{"gitId":"Haoxuan0405"},"content":"        }","lastModifiedDate":"2023-03-24"},{"lineNumber":69,"author":{"gitId":"Haoxuan0405"},"content":"        arrayDeadline \u003d list.toArray(new String[2]);","lastModifiedDate":"2023-03-24"},{"lineNumber":70,"author":{"gitId":"Haoxuan0405"},"content":"        return arrayDeadline;","lastModifiedDate":"2023-03-24"},{"lineNumber":71,"author":{"gitId":"Haoxuan0405"},"content":"    }","lastModifiedDate":"2023-03-24"},{"lineNumber":72,"author":{"gitId":"Haoxuan0405"},"content":"","lastModifiedDate":"2023-03-24"},{"lineNumber":73,"author":{"gitId":"Haoxuan0405"},"content":"    /**","lastModifiedDate":"2023-03-28"},{"lineNumber":74,"author":{"gitId":"Haoxuan0405"},"content":"     * @param restCommand add rest command in string array spilt by \"/from\" and \"/to\"","lastModifiedDate":"2023-03-28"},{"lineNumber":75,"author":{"gitId":"Haoxuan0405"},"content":"     * @return string array","lastModifiedDate":"2023-03-28"},{"lineNumber":76,"author":{"gitId":"Haoxuan0405"},"content":"     */","lastModifiedDate":"2023-03-28"},{"lineNumber":77,"author":{"gitId":"Haoxuan0405"},"content":"    public static String[] getEvent(String restCommand){","lastModifiedDate":"2023-03-28"},{"lineNumber":78,"author":{"gitId":"Haoxuan0405"},"content":"        String[] arrayEvent;","lastModifiedDate":"2023-03-24"},{"lineNumber":79,"author":{"gitId":"Haoxuan0405"},"content":"        List\u003cString\u003e list \u003d new ArrayList\u003c\u003e();","lastModifiedDate":"2023-03-24"},{"lineNumber":80,"author":{"gitId":"Haoxuan0405"},"content":"        String beforeFrom \u003d restCommand.split(\"/from\", 2)[0].trim();","lastModifiedDate":"2023-03-28"},{"lineNumber":81,"author":{"gitId":"Haoxuan0405"},"content":"        list.add(beforeFrom);","lastModifiedDate":"2023-03-28"},{"lineNumber":82,"author":{"gitId":"Haoxuan0405"},"content":"        String afterFrom \u003d restCommand.split(\"/from\", 2)[1].trim();","lastModifiedDate":"2023-03-28"},{"lineNumber":83,"author":{"gitId":"Haoxuan0405"},"content":"        for (String s : afterFrom.split(\"/to\", 2)) {","lastModifiedDate":"2023-03-28"},{"lineNumber":84,"author":{"gitId":"Haoxuan0405"},"content":"            String trim \u003d s.trim();","lastModifiedDate":"2023-03-24"},{"lineNumber":85,"author":{"gitId":"Haoxuan0405"},"content":"            list.add(trim);","lastModifiedDate":"2023-03-24"},{"lineNumber":86,"author":{"gitId":"Haoxuan0405"},"content":"        }","lastModifiedDate":"2023-03-24"},{"lineNumber":87,"author":{"gitId":"Haoxuan0405"},"content":"        arrayEvent \u003d list.toArray(new String[3]);","lastModifiedDate":"2023-03-28"},{"lineNumber":88,"author":{"gitId":"Haoxuan0405"},"content":"        return arrayEvent;","lastModifiedDate":"2023-03-24"},{"lineNumber":89,"author":{"gitId":"Haoxuan0405"},"content":"    }","lastModifiedDate":"2023-03-19"},{"lineNumber":90,"author":{"gitId":"Haoxuan0405"},"content":"","lastModifiedDate":"2023-03-19"},{"lineNumber":91,"author":{"gitId":"Haoxuan0405"},"content":"    /**","lastModifiedDate":"2023-03-28"},{"lineNumber":92,"author":{"gitId":"Haoxuan0405"},"content":"     * @param inputCommand split by space","lastModifiedDate":"2023-03-28"},{"lineNumber":93,"author":{"gitId":"Haoxuan0405"},"content":"     * @return command length","lastModifiedDate":"2023-03-28"},{"lineNumber":94,"author":{"gitId":"Haoxuan0405"},"content":"     */","lastModifiedDate":"2023-03-28"},{"lineNumber":95,"author":{"gitId":"Haoxuan0405"},"content":"    public static int commandLength(String inputCommand){","lastModifiedDate":"2023-03-19"},{"lineNumber":96,"author":{"gitId":"Haoxuan0405"},"content":"        return inputCommand.split(\" \",2).length;","lastModifiedDate":"2023-03-19"},{"lineNumber":97,"author":{"gitId":"Haoxuan0405"},"content":"    }","lastModifiedDate":"2023-03-19"},{"lineNumber":98,"author":{"gitId":"Haoxuan0405"},"content":"}","lastModifiedDate":"2023-03-19"}],"authorContributionMap":{"Haoxuan0405":98}},{"path":"src/main/java/Storage/Storage.java","fileType":"java","lines":[{"lineNumber":1,"author":{"gitId":"Haoxuan0405"},"content":"package Storage;","lastModifiedDate":"2023-03-19"},{"lineNumber":2,"author":{"gitId":"Haoxuan0405"},"content":"","lastModifiedDate":"2023-03-19"},{"lineNumber":3,"author":{"gitId":"Haoxuan0405"},"content":"import Exception.DukeException;","lastModifiedDate":"2023-03-19"},{"lineNumber":4,"author":{"gitId":"Haoxuan0405"},"content":"import UI.*;","lastModifiedDate":"2023-03-19"},{"lineNumber":5,"author":{"gitId":"Haoxuan0405"},"content":"import TasksList.*;","lastModifiedDate":"2023-03-19"},{"lineNumber":6,"author":{"gitId":"Haoxuan0405"},"content":"import java.io.File;","lastModifiedDate":"2023-03-19"},{"lineNumber":7,"author":{"gitId":"Haoxuan0405"},"content":"import java.io.FileNotFoundException;","lastModifiedDate":"2023-03-19"},{"lineNumber":8,"author":{"gitId":"Haoxuan0405"},"content":"import java.io.FileWriter;","lastModifiedDate":"2023-03-19"},{"lineNumber":9,"author":{"gitId":"Haoxuan0405"},"content":"import java.io.IOException;","lastModifiedDate":"2023-03-19"},{"lineNumber":10,"author":{"gitId":"Haoxuan0405"},"content":"import java.util.Scanner;","lastModifiedDate":"2023-03-19"},{"lineNumber":11,"author":{"gitId":"Haoxuan0405"},"content":"","lastModifiedDate":"2023-03-19"},{"lineNumber":12,"author":{"gitId":"Haoxuan0405"},"content":"public class Storage extends TasksList {","lastModifiedDate":"2023-03-19"},{"lineNumber":13,"author":{"gitId":"Haoxuan0405"},"content":"    private final String filePath;","lastModifiedDate":"2023-03-19"},{"lineNumber":14,"author":{"gitId":"Haoxuan0405"},"content":"    private static final Storage storage \u003d new Storage();","lastModifiedDate":"2023-03-19"},{"lineNumber":15,"author":{"gitId":"Haoxuan0405"},"content":"","lastModifiedDate":"2023-03-19"},{"lineNumber":16,"author":{"gitId":"Haoxuan0405"},"content":"    /**","lastModifiedDate":"2023-03-24"},{"lineNumber":17,"author":{"gitId":"Haoxuan0405"},"content":"     * make Storage constructor , initialise filepath and create new file","lastModifiedDate":"2023-03-24"},{"lineNumber":18,"author":{"gitId":"Haoxuan0405"},"content":"     */","lastModifiedDate":"2023-03-24"},{"lineNumber":19,"author":{"gitId":"Haoxuan0405"},"content":"    public Storage() {","lastModifiedDate":"2023-03-19"},{"lineNumber":20,"author":{"gitId":"Haoxuan0405"},"content":"        String dir \u003d System.getProperty(\"user.dir\");","lastModifiedDate":"2023-03-19"},{"lineNumber":21,"author":{"gitId":"Haoxuan0405"},"content":"        java.nio.file.Path path \u003d java.nio.file.Paths.get(dir, \"data\", \"duke.txt\");","lastModifiedDate":"2023-03-19"},{"lineNumber":22,"author":{"gitId":"Haoxuan0405"},"content":"        this.filePath \u003d path.toString();","lastModifiedDate":"2023-03-19"},{"lineNumber":23,"author":{"gitId":"Haoxuan0405"},"content":"        fileCreate();","lastModifiedDate":"2023-03-19"},{"lineNumber":24,"author":{"gitId":"Haoxuan0405"},"content":"    }","lastModifiedDate":"2023-03-19"},{"lineNumber":25,"author":{"gitId":"Haoxuan0405"},"content":"","lastModifiedDate":"2023-03-19"},{"lineNumber":26,"author":{"gitId":"Haoxuan0405"},"content":"    /**","lastModifiedDate":"2023-03-24"},{"lineNumber":27,"author":{"gitId":"Haoxuan0405"},"content":"     * @return instance storage","lastModifiedDate":"2023-03-24"},{"lineNumber":28,"author":{"gitId":"Haoxuan0405"},"content":"     */","lastModifiedDate":"2023-03-24"},{"lineNumber":29,"author":{"gitId":"Haoxuan0405"},"content":"    public static Storage getStorage() {","lastModifiedDate":"2023-03-24"},{"lineNumber":30,"author":{"gitId":"Haoxuan0405"},"content":"        return storage;","lastModifiedDate":"2023-03-24"},{"lineNumber":31,"author":{"gitId":"Haoxuan0405"},"content":"    }","lastModifiedDate":"2023-03-19"},{"lineNumber":32,"author":{"gitId":"Haoxuan0405"},"content":"","lastModifiedDate":"2023-03-19"},{"lineNumber":33,"author":{"gitId":"Haoxuan0405"},"content":"    /**","lastModifiedDate":"2023-03-24"},{"lineNumber":34,"author":{"gitId":"Haoxuan0405"},"content":"     * create file and see whether file create successful or not.","lastModifiedDate":"2023-03-24"},{"lineNumber":35,"author":{"gitId":"Haoxuan0405"},"content":"     *","lastModifiedDate":"2023-03-24"},{"lineNumber":36,"author":{"gitId":"Haoxuan0405"},"content":"     * IOException in RuntimeException","lastModifiedDate":"2023-03-24"},{"lineNumber":37,"author":{"gitId":"Haoxuan0405"},"content":"     */","lastModifiedDate":"2023-03-24"},{"lineNumber":38,"author":{"gitId":"Haoxuan0405"},"content":"    public void fileCreate() {","lastModifiedDate":"2023-03-19"},{"lineNumber":39,"author":{"gitId":"Haoxuan0405"},"content":"        try {","lastModifiedDate":"2023-03-19"},{"lineNumber":40,"author":{"gitId":"Haoxuan0405"},"content":"            File file \u003d new File(this.filePath);","lastModifiedDate":"2023-03-19"},{"lineNumber":41,"author":{"gitId":"Haoxuan0405"},"content":"            if (file.createNewFile()) {","lastModifiedDate":"2023-03-19"},{"lineNumber":42,"author":{"gitId":"Haoxuan0405"},"content":"                System.out.println(\"File created,file path: \" + file.getAbsolutePath());","lastModifiedDate":"2023-03-24"},{"lineNumber":43,"author":{"gitId":"Haoxuan0405"},"content":"            }else{","lastModifiedDate":"2023-03-19"},{"lineNumber":44,"author":{"gitId":"Haoxuan0405"},"content":"                System.out.println(\"File already exist,file path: \" + file.getAbsolutePath());","lastModifiedDate":"2023-03-24"},{"lineNumber":45,"author":{"gitId":"Haoxuan0405"},"content":"            }","lastModifiedDate":"2023-03-19"},{"lineNumber":46,"author":{"gitId":"Haoxuan0405"},"content":"            Ui.showLine();","lastModifiedDate":"2023-03-19"},{"lineNumber":47,"author":{"gitId":"Haoxuan0405"},"content":"        } catch (IOException e) {","lastModifiedDate":"2023-03-19"},{"lineNumber":48,"author":{"gitId":"Haoxuan0405"},"content":"            throw new DukeException(\"☹ OOPS!!! An error for file create occurred.\");","lastModifiedDate":"2023-03-19"},{"lineNumber":49,"author":{"gitId":"Haoxuan0405"},"content":"        }","lastModifiedDate":"2023-03-19"},{"lineNumber":50,"author":{"gitId":"Haoxuan0405"},"content":"    }","lastModifiedDate":"2023-03-19"},{"lineNumber":51,"author":{"gitId":"Haoxuan0405"},"content":"","lastModifiedDate":"2023-03-19"},{"lineNumber":52,"author":{"gitId":"Haoxuan0405"},"content":"    /**","lastModifiedDate":"2023-03-19"},{"lineNumber":53,"author":{"gitId":"Haoxuan0405"},"content":"     * Write all Tasks to disk file","lastModifiedDate":"2023-03-24"},{"lineNumber":54,"author":{"gitId":"Haoxuan0405"},"content":"     *","lastModifiedDate":"2023-03-19"},{"lineNumber":55,"author":{"gitId":"Haoxuan0405"},"content":"     * @param textToAdd each line of tasks","lastModifiedDate":"2023-03-19"},{"lineNumber":56,"author":{"gitId":"Haoxuan0405"},"content":"     *","lastModifiedDate":"2023-03-24"},{"lineNumber":57,"author":{"gitId":"Haoxuan0405"},"content":"     * IOException in RuntimeException","lastModifiedDate":"2023-03-24"},{"lineNumber":58,"author":{"gitId":"Haoxuan0405"},"content":"     */","lastModifiedDate":"2023-03-19"},{"lineNumber":59,"author":{"gitId":"Haoxuan0405"},"content":"    public void writeToFile(String textToAdd) throws DukeException {","lastModifiedDate":"2023-03-19"},{"lineNumber":60,"author":{"gitId":"Haoxuan0405"},"content":"        try {","lastModifiedDate":"2023-03-19"},{"lineNumber":61,"author":{"gitId":"Haoxuan0405"},"content":"            FileWriter fw \u003d new FileWriter(this.filePath);","lastModifiedDate":"2023-03-19"},{"lineNumber":62,"author":{"gitId":"Haoxuan0405"},"content":"            fw.write(textToAdd);","lastModifiedDate":"2023-03-19"},{"lineNumber":63,"author":{"gitId":"Haoxuan0405"},"content":"            fw.close();","lastModifiedDate":"2023-03-19"},{"lineNumber":64,"author":{"gitId":"Haoxuan0405"},"content":"        } catch (IOException e) {","lastModifiedDate":"2023-03-19"},{"lineNumber":65,"author":{"gitId":"Haoxuan0405"},"content":"            throw new DukeException(\"File write get problem!\");","lastModifiedDate":"2023-03-19"},{"lineNumber":66,"author":{"gitId":"Haoxuan0405"},"content":"        }","lastModifiedDate":"2023-03-19"},{"lineNumber":67,"author":{"gitId":"Haoxuan0405"},"content":"    }","lastModifiedDate":"2023-03-19"},{"lineNumber":68,"author":{"gitId":"Haoxuan0405"},"content":"","lastModifiedDate":"2023-03-19"},{"lineNumber":69,"author":{"gitId":"Haoxuan0405"},"content":"    /**","lastModifiedDate":"2023-03-19"},{"lineNumber":70,"author":{"gitId":"Haoxuan0405"},"content":"     * Read Tasks(one line by one line) from disk file(duke.txt)","lastModifiedDate":"2023-03-24"},{"lineNumber":71,"author":{"gitId":"Haoxuan0405"},"content":"     *","lastModifiedDate":"2023-03-19"},{"lineNumber":72,"author":{"gitId":"Haoxuan0405"},"content":"     * FileNotFoundException in RuntimeException","lastModifiedDate":"2023-03-24"},{"lineNumber":73,"author":{"gitId":"Haoxuan0405"},"content":"     */","lastModifiedDate":"2023-03-19"},{"lineNumber":74,"author":{"gitId":"Haoxuan0405"},"content":"    public void readFile() {","lastModifiedDate":"2023-03-19"},{"lineNumber":75,"author":{"gitId":"Haoxuan0405"},"content":"        try {","lastModifiedDate":"2023-03-19"},{"lineNumber":76,"author":{"gitId":"Haoxuan0405"},"content":"            File file \u003d new File(this.filePath);","lastModifiedDate":"2023-03-19"},{"lineNumber":77,"author":{"gitId":"Haoxuan0405"},"content":"            Scanner s \u003d new Scanner(file);","lastModifiedDate":"2023-03-19"},{"lineNumber":78,"author":{"gitId":"Haoxuan0405"},"content":"            while (s.hasNextLine()) {","lastModifiedDate":"2023-03-19"},{"lineNumber":79,"author":{"gitId":"Haoxuan0405"},"content":"                storage.loadTask(taskByLine(s.nextLine()));","lastModifiedDate":"2023-03-19"},{"lineNumber":80,"author":{"gitId":"Haoxuan0405"},"content":"            }","lastModifiedDate":"2023-03-19"},{"lineNumber":81,"author":{"gitId":"Haoxuan0405"},"content":"        } catch (FileNotFoundException e) {","lastModifiedDate":"2023-03-19"},{"lineNumber":82,"author":{"gitId":"Haoxuan0405"},"content":"            throw new DukeException(\"File read get problem!\");","lastModifiedDate":"2023-03-19"},{"lineNumber":83,"author":{"gitId":"Haoxuan0405"},"content":"        }","lastModifiedDate":"2023-03-19"},{"lineNumber":84,"author":{"gitId":"Haoxuan0405"},"content":"    }","lastModifiedDate":"2023-03-19"},{"lineNumber":85,"author":{"gitId":"Haoxuan0405"},"content":"}","lastModifiedDate":"2023-03-19"}],"authorContributionMap":{"Haoxuan0405":85}},{"path":"src/main/java/TasksList/TasksList.java","fileType":"java","lines":[{"lineNumber":1,"author":{"gitId":"Haoxuan0405"},"content":"package TasksList;","lastModifiedDate":"2023-03-19"},{"lineNumber":2,"author":{"gitId":"Haoxuan0405"},"content":"","lastModifiedDate":"2023-03-19"},{"lineNumber":3,"author":{"gitId":"Haoxuan0405"},"content":"import Task.*;","lastModifiedDate":"2023-03-19"},{"lineNumber":4,"author":{"gitId":"Haoxuan0405"},"content":"import UI.Ui;","lastModifiedDate":"2023-03-19"},{"lineNumber":5,"author":{"gitId":"Haoxuan0405"},"content":"import java.time.LocalDateTime;","lastModifiedDate":"2023-03-24"},{"lineNumber":6,"author":{"gitId":"Haoxuan0405"},"content":"import java.time.format.DateTimeFormatter;","lastModifiedDate":"2023-03-24"},{"lineNumber":7,"author":{"gitId":"Haoxuan0405"},"content":"import java.util.ArrayList;","lastModifiedDate":"2023-03-19"},{"lineNumber":8,"author":{"gitId":"Haoxuan0405"},"content":"","lastModifiedDate":"2023-03-19"},{"lineNumber":9,"author":{"gitId":"Haoxuan0405"},"content":"public class TasksList {","lastModifiedDate":"2023-03-19"},{"lineNumber":10,"author":{"gitId":"Haoxuan0405"},"content":"    public ArrayList\u003cTask\u003e tasksList;","lastModifiedDate":"2023-03-19"},{"lineNumber":11,"author":{"gitId":"Haoxuan0405"},"content":"","lastModifiedDate":"2023-03-19"},{"lineNumber":12,"author":{"gitId":"Haoxuan0405"},"content":"    public TasksList(){","lastModifiedDate":"2023-03-19"},{"lineNumber":13,"author":{"gitId":"Haoxuan0405"},"content":"        this.tasksList \u003d new ArrayList\u003c\u003e();","lastModifiedDate":"2023-03-19"},{"lineNumber":14,"author":{"gitId":"Haoxuan0405"},"content":"    }","lastModifiedDate":"2023-03-19"},{"lineNumber":15,"author":{"gitId":"Haoxuan0405"},"content":"","lastModifiedDate":"2023-03-19"},{"lineNumber":16,"author":{"gitId":"Haoxuan0405"},"content":"    /**","lastModifiedDate":"2023-03-19"},{"lineNumber":17,"author":{"gitId":"Haoxuan0405"},"content":"     * To add all tasks from user input into tasksList","lastModifiedDate":"2023-03-19"},{"lineNumber":18,"author":{"gitId":"Haoxuan0405"},"content":"     * @param task a Task object","lastModifiedDate":"2023-03-19"},{"lineNumber":19,"author":{"gitId":"Haoxuan0405"},"content":"     */","lastModifiedDate":"2023-03-19"},{"lineNumber":20,"author":{"gitId":"Haoxuan0405"},"content":"    public void taskAdd(Task task){","lastModifiedDate":"2023-03-19"},{"lineNumber":21,"author":{"gitId":"Haoxuan0405"},"content":"        tasksList.add(task);","lastModifiedDate":"2023-03-19"},{"lineNumber":22,"author":{"gitId":"Haoxuan0405"},"content":"        Ui.Echo(\"Got it. I\u0027ve added this task: \\n  \" + task +","lastModifiedDate":"2023-03-19"},{"lineNumber":23,"author":{"gitId":"Haoxuan0405"},"content":"                \"\\n Now you have \" + tasksList.size() + \" tasks in the list.\");","lastModifiedDate":"2023-03-19"},{"lineNumber":24,"author":{"gitId":"Haoxuan0405"},"content":"    }","lastModifiedDate":"2023-03-19"},{"lineNumber":25,"author":{"gitId":"Haoxuan0405"},"content":"    /**","lastModifiedDate":"2023-03-19"},{"lineNumber":26,"author":{"gitId":"Haoxuan0405"},"content":"     * Mark task from taskList","lastModifiedDate":"2023-03-24"},{"lineNumber":27,"author":{"gitId":"Haoxuan0405"},"content":"     * @param index , mark a specified task number","lastModifiedDate":"2023-03-24"},{"lineNumber":28,"author":{"gitId":"Haoxuan0405"},"content":"     */","lastModifiedDate":"2023-03-19"},{"lineNumber":29,"author":{"gitId":"Haoxuan0405"},"content":"    public void mark(int index){","lastModifiedDate":"2023-03-19"},{"lineNumber":30,"author":{"gitId":"Haoxuan0405"},"content":"        Task task \u003d tasksList.get(index);","lastModifiedDate":"2023-03-19"},{"lineNumber":31,"author":{"gitId":"Haoxuan0405"},"content":"        task.Mark();","lastModifiedDate":"2023-03-19"},{"lineNumber":32,"author":{"gitId":"Haoxuan0405"},"content":"        Ui.Echo(\"Nice! I\u0027ve marked this task as done:\\n  \" + task);","lastModifiedDate":"2023-03-19"},{"lineNumber":33,"author":{"gitId":"Haoxuan0405"},"content":"    }","lastModifiedDate":"2023-03-19"},{"lineNumber":34,"author":{"gitId":"Haoxuan0405"},"content":"","lastModifiedDate":"2023-03-19"},{"lineNumber":35,"author":{"gitId":"Haoxuan0405"},"content":"    /**","lastModifiedDate":"2023-03-24"},{"lineNumber":36,"author":{"gitId":"Haoxuan0405"},"content":"     * unMark task from taskList","lastModifiedDate":"2023-03-24"},{"lineNumber":37,"author":{"gitId":"Haoxuan0405"},"content":"     * @param index , unmark a specified task number","lastModifiedDate":"2023-03-24"},{"lineNumber":38,"author":{"gitId":"Haoxuan0405"},"content":"     */","lastModifiedDate":"2023-03-24"},{"lineNumber":39,"author":{"gitId":"Haoxuan0405"},"content":"    public void unmark(int index){","lastModifiedDate":"2023-03-19"},{"lineNumber":40,"author":{"gitId":"Haoxuan0405"},"content":"        Task task \u003d tasksList.get(index);","lastModifiedDate":"2023-03-19"},{"lineNumber":41,"author":{"gitId":"Haoxuan0405"},"content":"        task.unMark();","lastModifiedDate":"2023-03-19"},{"lineNumber":42,"author":{"gitId":"Haoxuan0405"},"content":"        Ui.Echo(\"OK, I\u0027ve marked this task as not done yet:\\n  \" + task);","lastModifiedDate":"2023-03-19"},{"lineNumber":43,"author":{"gitId":"Haoxuan0405"},"content":"    }","lastModifiedDate":"2023-03-19"},{"lineNumber":44,"author":{"gitId":"Haoxuan0405"},"content":"","lastModifiedDate":"2023-03-19"},{"lineNumber":45,"author":{"gitId":"Haoxuan0405"},"content":"    /**","lastModifiedDate":"2023-03-24"},{"lineNumber":46,"author":{"gitId":"Haoxuan0405"},"content":"     * delete task from taskList","lastModifiedDate":"2023-03-24"},{"lineNumber":47,"author":{"gitId":"Haoxuan0405"},"content":"     * @param index , delete a specified task number","lastModifiedDate":"2023-03-24"},{"lineNumber":48,"author":{"gitId":"Haoxuan0405"},"content":"     */","lastModifiedDate":"2023-03-24"},{"lineNumber":49,"author":{"gitId":"Haoxuan0405"},"content":"    public void deleteTask(int index){","lastModifiedDate":"2023-03-19"},{"lineNumber":50,"author":{"gitId":"Haoxuan0405"},"content":"        Task task \u003d tasksList.get(index);","lastModifiedDate":"2023-03-19"},{"lineNumber":51,"author":{"gitId":"Haoxuan0405"},"content":"        tasksList.remove(index);","lastModifiedDate":"2023-03-19"},{"lineNumber":52,"author":{"gitId":"Haoxuan0405"},"content":"        Ui.Echo(\"Noted. I\u0027ve removed this task:\\n  \" + task +","lastModifiedDate":"2023-03-19"},{"lineNumber":53,"author":{"gitId":"Haoxuan0405"},"content":"                \"\\n Now you have \" + tasksList.size() + \" tasks in the list.\");","lastModifiedDate":"2023-03-19"},{"lineNumber":54,"author":{"gitId":"Haoxuan0405"},"content":"    }","lastModifiedDate":"2023-03-19"},{"lineNumber":55,"author":{"gitId":"Haoxuan0405"},"content":"","lastModifiedDate":"2023-03-19"},{"lineNumber":56,"author":{"gitId":"Haoxuan0405"},"content":"    /**","lastModifiedDate":"2023-03-24"},{"lineNumber":57,"author":{"gitId":"Haoxuan0405"},"content":"     * All tasks in the tasks list have been keyed in by user converted to file save pattern, and saved in disk.","lastModifiedDate":"2023-03-24"},{"lineNumber":58,"author":{"gitId":"Haoxuan0405"},"content":"     * @return String, as a parameter to writeToFile method","lastModifiedDate":"2023-03-24"},{"lineNumber":59,"author":{"gitId":"Haoxuan0405"},"content":"     */","lastModifiedDate":"2023-03-24"},{"lineNumber":60,"author":{"gitId":"Haoxuan0405"},"content":"    public String tasksAddInFile(){","lastModifiedDate":"2023-03-19"},{"lineNumber":61,"author":{"gitId":"Haoxuan0405"},"content":"        StringBuilder content \u003d new StringBuilder();","lastModifiedDate":"2023-03-19"},{"lineNumber":62,"author":{"gitId":"Haoxuan0405"},"content":"        for(Task tasks : tasksList){","lastModifiedDate":"2023-03-24"},{"lineNumber":63,"author":{"gitId":"Haoxuan0405"},"content":"            content.append(tasks.contentToFile());","lastModifiedDate":"2023-03-24"},{"lineNumber":64,"author":{"gitId":"Haoxuan0405"},"content":"        }","lastModifiedDate":"2023-03-19"},{"lineNumber":65,"author":{"gitId":"Haoxuan0405"},"content":"        return content.toString();","lastModifiedDate":"2023-03-19"},{"lineNumber":66,"author":{"gitId":"Haoxuan0405"},"content":"    }","lastModifiedDate":"2023-03-19"},{"lineNumber":67,"author":{"gitId":"Haoxuan0405"},"content":"","lastModifiedDate":"2023-03-19"},{"lineNumber":68,"author":{"gitId":"Haoxuan0405"},"content":"    /**","lastModifiedDate":"2023-03-19"},{"lineNumber":69,"author":{"gitId":"Haoxuan0405"},"content":"     * Parse all tasks(String) from disk file to Task object","lastModifiedDate":"2023-03-24"},{"lineNumber":70,"author":{"gitId":"Haoxuan0405"},"content":"     *","lastModifiedDate":"2023-03-19"},{"lineNumber":71,"author":{"gitId":"Haoxuan0405"},"content":"     * @param nextLine each line of tasks saved in disk file","lastModifiedDate":"2023-03-24"},{"lineNumber":72,"author":{"gitId":"Haoxuan0405"},"content":"     * @return a Task object","lastModifiedDate":"2023-03-19"},{"lineNumber":73,"author":{"gitId":"Haoxuan0405"},"content":"     */","lastModifiedDate":"2023-03-19"},{"lineNumber":74,"author":{"gitId":"Haoxuan0405"},"content":"    public static Task taskByLine(String nextLine) {","lastModifiedDate":"2023-03-19"},{"lineNumber":75,"author":{"gitId":"Haoxuan0405"},"content":"        String[] body \u003d nextLine.split(\" \\\\| \");","lastModifiedDate":"2023-03-19"},{"lineNumber":76,"author":{"gitId":"Haoxuan0405"},"content":"        Task task \u003d null;","lastModifiedDate":"2023-03-19"},{"lineNumber":77,"author":{"gitId":"Haoxuan0405"},"content":"        switch (body[0]) {","lastModifiedDate":"2023-03-19"},{"lineNumber":78,"author":{"gitId":"Haoxuan0405"},"content":"            case \"T\":","lastModifiedDate":"2023-03-19"},{"lineNumber":79,"author":{"gitId":"Haoxuan0405"},"content":"                task \u003d new Todo(body[2]);","lastModifiedDate":"2023-03-19"},{"lineNumber":80,"author":{"gitId":"Haoxuan0405"},"content":"                if (body[1].equals(\"1\")) {","lastModifiedDate":"2023-03-19"},{"lineNumber":81,"author":{"gitId":"Haoxuan0405"},"content":"                    task.Mark();","lastModifiedDate":"2023-03-19"},{"lineNumber":82,"author":{"gitId":"Haoxuan0405"},"content":"                }","lastModifiedDate":"2023-03-19"},{"lineNumber":83,"author":{"gitId":"Haoxuan0405"},"content":"                break;","lastModifiedDate":"2023-03-19"},{"lineNumber":84,"author":{"gitId":"Haoxuan0405"},"content":"            case \"D\":","lastModifiedDate":"2023-03-19"},{"lineNumber":85,"author":{"gitId":"Haoxuan0405"},"content":"                task \u003d new Deadline(body[2],","lastModifiedDate":"2023-03-24"},{"lineNumber":86,"author":{"gitId":"Haoxuan0405"},"content":"                        LocalDateTime.parse(body[3].replace(\"T\",\" \"), DateTimeFormatter.ofPattern(\"yyyy-MM-dd HH:mm\")));","lastModifiedDate":"2023-03-24"},{"lineNumber":87,"author":{"gitId":"Haoxuan0405"},"content":"                if (body[1].equals(\"1\")) {","lastModifiedDate":"2023-03-19"},{"lineNumber":88,"author":{"gitId":"Haoxuan0405"},"content":"                    task.Mark();","lastModifiedDate":"2023-03-19"},{"lineNumber":89,"author":{"gitId":"Haoxuan0405"},"content":"                }","lastModifiedDate":"2023-03-19"},{"lineNumber":90,"author":{"gitId":"Haoxuan0405"},"content":"                break;","lastModifiedDate":"2023-03-19"},{"lineNumber":91,"author":{"gitId":"Haoxuan0405"},"content":"            case \"E\":","lastModifiedDate":"2023-03-19"},{"lineNumber":92,"author":{"gitId":"Haoxuan0405"},"content":"                task \u003d new Event(body[2],","lastModifiedDate":"2023-03-24"},{"lineNumber":93,"author":{"gitId":"Haoxuan0405"},"content":"                        LocalDateTime.parse(body[3].replace(\"T\",\" \"), DateTimeFormatter.ofPattern(\"yyyy-MM-dd HH:mm\")),","lastModifiedDate":"2023-03-28"},{"lineNumber":94,"author":{"gitId":"Haoxuan0405"},"content":"                        LocalDateTime.parse(body[4].replace(\"T\",\" \"), DateTimeFormatter.ofPattern(\"yyyy-MM-dd HH:mm\")));","lastModifiedDate":"2023-03-28"},{"lineNumber":95,"author":{"gitId":"Haoxuan0405"},"content":"                if (body[1].equals(\"1\")) {","lastModifiedDate":"2023-03-19"},{"lineNumber":96,"author":{"gitId":"Haoxuan0405"},"content":"                    task.Mark();","lastModifiedDate":"2023-03-19"},{"lineNumber":97,"author":{"gitId":"Haoxuan0405"},"content":"                }","lastModifiedDate":"2023-03-19"},{"lineNumber":98,"author":{"gitId":"Haoxuan0405"},"content":"                break;","lastModifiedDate":"2023-03-19"},{"lineNumber":99,"author":{"gitId":"Haoxuan0405"},"content":"        }","lastModifiedDate":"2023-03-19"},{"lineNumber":100,"author":{"gitId":"Haoxuan0405"},"content":"        return task;","lastModifiedDate":"2023-03-19"},{"lineNumber":101,"author":{"gitId":"Haoxuan0405"},"content":"    }","lastModifiedDate":"2023-03-19"},{"lineNumber":102,"author":{"gitId":"Haoxuan0405"},"content":"","lastModifiedDate":"2023-03-19"},{"lineNumber":103,"author":{"gitId":"Haoxuan0405"},"content":"    /**","lastModifiedDate":"2023-03-24"},{"lineNumber":104,"author":{"gitId":"Haoxuan0405"},"content":"     * To load all tasks from disk file and add into tasksList","lastModifiedDate":"2023-03-24"},{"lineNumber":105,"author":{"gitId":"Haoxuan0405"},"content":"     *","lastModifiedDate":"2023-03-24"},{"lineNumber":106,"author":{"gitId":"Haoxuan0405"},"content":"     * @param task a Task object","lastModifiedDate":"2023-03-24"},{"lineNumber":107,"author":{"gitId":"Haoxuan0405"},"content":"     */","lastModifiedDate":"2023-03-24"},{"lineNumber":108,"author":{"gitId":"Haoxuan0405"},"content":"    public void loadTask(Task task){","lastModifiedDate":"2023-03-24"},{"lineNumber":109,"author":{"gitId":"Haoxuan0405"},"content":"        tasksList.add(task);","lastModifiedDate":"2023-03-24"},{"lineNumber":110,"author":{"gitId":"Haoxuan0405"},"content":"    }","lastModifiedDate":"2023-03-24"},{"lineNumber":111,"author":{"gitId":"Haoxuan0405"},"content":"","lastModifiedDate":"2023-03-24"},{"lineNumber":112,"author":{"gitId":"Haoxuan0405"},"content":"    /**","lastModifiedDate":"2023-03-24"},{"lineNumber":113,"author":{"gitId":"Haoxuan0405"},"content":"     * Print and show all tasks in the list to User","lastModifiedDate":"2023-03-24"},{"lineNumber":114,"author":{"gitId":"Haoxuan0405"},"content":"     */","lastModifiedDate":"2023-03-24"},{"lineNumber":115,"author":{"gitId":"Haoxuan0405"},"content":"    public void showToUser() {","lastModifiedDate":"2023-03-24"},{"lineNumber":116,"author":{"gitId":"Haoxuan0405"},"content":"        String space \u003d \" \";","lastModifiedDate":"2023-03-24"},{"lineNumber":117,"author":{"gitId":"Haoxuan0405"},"content":"        Ui.showLine();","lastModifiedDate":"2023-03-24"},{"lineNumber":118,"author":{"gitId":"Haoxuan0405"},"content":"        System.out.println(space + \"Here are the tasks in your list:\");","lastModifiedDate":"2023-03-24"},{"lineNumber":119,"author":{"gitId":"Haoxuan0405"},"content":"        int taskNum \u003d 0;","lastModifiedDate":"2023-03-24"},{"lineNumber":120,"author":{"gitId":"Haoxuan0405"},"content":"        for (Task tasks : tasksList) {","lastModifiedDate":"2023-03-24"},{"lineNumber":121,"author":{"gitId":"Haoxuan0405"},"content":"            taskNum++;","lastModifiedDate":"2023-03-24"},{"lineNumber":122,"author":{"gitId":"Haoxuan0405"},"content":"            System.out.println(space + taskNum + \".\" + tasks.toString());","lastModifiedDate":"2023-03-24"},{"lineNumber":123,"author":{"gitId":"Haoxuan0405"},"content":"        }","lastModifiedDate":"2023-03-24"},{"lineNumber":124,"author":{"gitId":"Haoxuan0405"},"content":"        Ui.showLine();","lastModifiedDate":"2023-03-24"},{"lineNumber":125,"author":{"gitId":"Haoxuan0405"},"content":"    }","lastModifiedDate":"2023-03-24"},{"lineNumber":126,"author":{"gitId":"Haoxuan0405"},"content":"}","lastModifiedDate":"2023-03-19"},{"lineNumber":127,"author":{"gitId":"Haoxuan0405"},"content":"","lastModifiedDate":"2023-03-19"}],"authorContributionMap":{"Haoxuan0405":127}},{"path":"src/main/java/Ui/Ui.java","fileType":"java","lines":[{"lineNumber":1,"author":{"gitId":"Haoxuan0405"},"content":"package UI;","lastModifiedDate":"2023-03-19"},{"lineNumber":2,"author":{"gitId":"Haoxuan0405"},"content":"","lastModifiedDate":"2023-03-12"},{"lineNumber":3,"author":{"gitId":"Haoxuan0405"},"content":"import java.util.Scanner;","lastModifiedDate":"2023-03-12"},{"lineNumber":4,"author":{"gitId":"Haoxuan0405"},"content":"import Exception.DukeException;","lastModifiedDate":"2023-03-12"},{"lineNumber":5,"author":{"gitId":"Haoxuan0405"},"content":"public class Ui {","lastModifiedDate":"2023-03-12"},{"lineNumber":6,"author":{"gitId":"Haoxuan0405"},"content":"    public static void showWelcome(){","lastModifiedDate":"2023-03-12"},{"lineNumber":7,"author":{"gitId":"Haoxuan0405"},"content":"        String logo \u003d \" ____        _        \\n\"","lastModifiedDate":"2023-03-12"},{"lineNumber":8,"author":{"gitId":"Haoxuan0405"},"content":"                + \"|  _ \\\\ _   _| | _____ \\n\"","lastModifiedDate":"2023-03-12"},{"lineNumber":9,"author":{"gitId":"Haoxuan0405"},"content":"                + \"| | | | | | | |/ / _ \\\\\\n\"","lastModifiedDate":"2023-03-12"},{"lineNumber":10,"author":{"gitId":"Haoxuan0405"},"content":"                + \"| |_| | |_| |   \u003c  __/\\n\"","lastModifiedDate":"2023-03-12"},{"lineNumber":11,"author":{"gitId":"Haoxuan0405"},"content":"                + \"|____/ \\\\__,_|_|\\\\_\\\\___|\\n\";","lastModifiedDate":"2023-03-12"},{"lineNumber":12,"author":{"gitId":"Haoxuan0405"},"content":"        System.out.println(\"Hello from\\n\" + logo);","lastModifiedDate":"2023-03-12"},{"lineNumber":13,"author":{"gitId":"Haoxuan0405"},"content":"        String space \u003d \" \";","lastModifiedDate":"2023-03-12"},{"lineNumber":14,"author":{"gitId":"Haoxuan0405"},"content":"        Ui.showLine();","lastModifiedDate":"2023-03-12"},{"lineNumber":15,"author":{"gitId":"Haoxuan0405"},"content":"        System.out.println(space + \"Hello! I\u0027m Duke\\n\" + space +\"What can I do for you?\");","lastModifiedDate":"2023-03-24"},{"lineNumber":16,"author":{"gitId":"Haoxuan0405"},"content":"        Ui.showLine();","lastModifiedDate":"2023-03-12"},{"lineNumber":17,"author":{"gitId":"Haoxuan0405"},"content":"    }","lastModifiedDate":"2023-03-12"},{"lineNumber":18,"author":{"gitId":"Haoxuan0405"},"content":"","lastModifiedDate":"2023-03-19"},{"lineNumber":19,"author":{"gitId":"Haoxuan0405"},"content":"    /**","lastModifiedDate":"2023-03-28"},{"lineNumber":20,"author":{"gitId":"Haoxuan0405"},"content":"     * user key in full command","lastModifiedDate":"2023-03-28"},{"lineNumber":21,"author":{"gitId":"Haoxuan0405"},"content":"     * @return full command","lastModifiedDate":"2023-03-28"},{"lineNumber":22,"author":{"gitId":"Haoxuan0405"},"content":"     */","lastModifiedDate":"2023-03-28"},{"lineNumber":23,"author":{"gitId":"Haoxuan0405"},"content":"    public static String getUserCommand() {","lastModifiedDate":"2023-03-19"},{"lineNumber":24,"author":{"gitId":"Haoxuan0405"},"content":"        Scanner scanner \u003d new Scanner(System.in);","lastModifiedDate":"2023-03-12"},{"lineNumber":25,"author":{"gitId":"Haoxuan0405"},"content":"        return scanner.nextLine();","lastModifiedDate":"2023-03-12"},{"lineNumber":26,"author":{"gitId":"Haoxuan0405"},"content":"    }","lastModifiedDate":"2023-03-12"},{"lineNumber":27,"author":{"gitId":"Haoxuan0405"},"content":"","lastModifiedDate":"2023-03-12"},{"lineNumber":28,"author":{"gitId":"Haoxuan0405"},"content":"    public static void showLine(){","lastModifiedDate":"2023-03-12"},{"lineNumber":29,"author":{"gitId":"Haoxuan0405"},"content":"        System.out.println(\"____________________________________________________________\");","lastModifiedDate":"2023-03-12"},{"lineNumber":30,"author":{"gitId":"Haoxuan0405"},"content":"    }","lastModifiedDate":"2023-03-12"},{"lineNumber":31,"author":{"gitId":"Haoxuan0405"},"content":"","lastModifiedDate":"2023-03-12"},{"lineNumber":32,"author":{"gitId":"Haoxuan0405"},"content":"    /**","lastModifiedDate":"2023-03-28"},{"lineNumber":33,"author":{"gitId":"Haoxuan0405"},"content":"     * @param s print the string","lastModifiedDate":"2023-03-28"},{"lineNumber":34,"author":{"gitId":"Haoxuan0405"},"content":"     */","lastModifiedDate":"2023-03-28"},{"lineNumber":35,"author":{"gitId":"Haoxuan0405"},"content":"    public static void Echo(String s) {","lastModifiedDate":"2023-03-12"},{"lineNumber":36,"author":{"gitId":"Haoxuan0405"},"content":"        String space \u003d \" \";","lastModifiedDate":"2023-03-12"},{"lineNumber":37,"author":{"gitId":"Haoxuan0405"},"content":"        Ui.showLine();","lastModifiedDate":"2023-03-12"},{"lineNumber":38,"author":{"gitId":"Haoxuan0405"},"content":"        System.out.println(space + s);","lastModifiedDate":"2023-03-12"},{"lineNumber":39,"author":{"gitId":"Haoxuan0405"},"content":"        Ui.showLine();","lastModifiedDate":"2023-03-12"},{"lineNumber":40,"author":{"gitId":"Haoxuan0405"},"content":"    }","lastModifiedDate":"2023-03-12"},{"lineNumber":41,"author":{"gitId":"Haoxuan0405"},"content":"","lastModifiedDate":"2023-03-12"},{"lineNumber":42,"author":{"gitId":"Haoxuan0405"},"content":"    /**","lastModifiedDate":"2023-03-28"},{"lineNumber":43,"author":{"gitId":"Haoxuan0405"},"content":"     * @param e print the exception message","lastModifiedDate":"2023-03-28"},{"lineNumber":44,"author":{"gitId":"Haoxuan0405"},"content":"     */","lastModifiedDate":"2023-03-28"},{"lineNumber":45,"author":{"gitId":"Haoxuan0405"},"content":"    public static void showError(DukeException e){","lastModifiedDate":"2023-03-12"},{"lineNumber":46,"author":{"gitId":"Haoxuan0405"},"content":"        Ui.Echo(e.getMessage());","lastModifiedDate":"2023-03-19"},{"lineNumber":47,"author":{"gitId":"Haoxuan0405"},"content":"    }","lastModifiedDate":"2023-03-12"},{"lineNumber":48,"author":{"gitId":"Haoxuan0405"},"content":"","lastModifiedDate":"2023-03-12"},{"lineNumber":49,"author":{"gitId":"Haoxuan0405"},"content":"}","lastModifiedDate":"2023-03-12"}],"authorContributionMap":{"Haoxuan0405":49}},{"path":"src/main/java/enumCommand/Constant.java","fileType":"java","lines":[{"lineNumber":1,"author":{"gitId":"Haoxuan0405"},"content":"package enumCommand;","lastModifiedDate":"2023-03-19"},{"lineNumber":2,"author":{"gitId":"Haoxuan0405"},"content":"import ExecuteCommand.*;","lastModifiedDate":"2023-03-19"},{"lineNumber":3,"author":{"gitId":"Haoxuan0405"},"content":"import Parser.Parser;","lastModifiedDate":"2023-03-24"},{"lineNumber":4,"author":{"gitId":"Haoxuan0405"},"content":"","lastModifiedDate":"2023-03-19"},{"lineNumber":5,"author":{"gitId":"Haoxuan0405"},"content":"public enum Constant implements Execute {","lastModifiedDate":"2023-03-19"},{"lineNumber":6,"author":{"gitId":"Haoxuan0405"},"content":"    BYE{","lastModifiedDate":"2023-03-19"},{"lineNumber":7,"author":{"gitId":"Haoxuan0405"},"content":"        /**","lastModifiedDate":"2023-03-28"},{"lineNumber":8,"author":{"gitId":"Haoxuan0405"},"content":"         * create new instance and implement execute method","lastModifiedDate":"2023-03-28"},{"lineNumber":9,"author":{"gitId":"Haoxuan0405"},"content":"         * @param inputCommand","lastModifiedDate":"2023-03-28"},{"lineNumber":10,"author":{"gitId":"Haoxuan0405"},"content":"         */","lastModifiedDate":"2023-03-28"},{"lineNumber":11,"author":{"gitId":"Haoxuan0405"},"content":"        public void execute(String inputCommand){","lastModifiedDate":"2023-03-19"},{"lineNumber":12,"author":{"gitId":"Haoxuan0405"},"content":"            new BYE().execute();","lastModifiedDate":"2023-03-19"},{"lineNumber":13,"author":{"gitId":"Haoxuan0405"},"content":"        }","lastModifiedDate":"2023-03-19"},{"lineNumber":14,"author":{"gitId":"Haoxuan0405"},"content":"    },","lastModifiedDate":"2023-03-19"},{"lineNumber":15,"author":{"gitId":"Haoxuan0405"},"content":"","lastModifiedDate":"2023-03-19"},{"lineNumber":16,"author":{"gitId":"Haoxuan0405"},"content":"    LIST{","lastModifiedDate":"2023-03-19"},{"lineNumber":17,"author":{"gitId":"Haoxuan0405"},"content":"        public void execute(String inputCommand){","lastModifiedDate":"2023-03-19"},{"lineNumber":18,"author":{"gitId":"Haoxuan0405"},"content":"            new LIST().execute();","lastModifiedDate":"2023-03-19"},{"lineNumber":19,"author":{"gitId":"Haoxuan0405"},"content":"        }","lastModifiedDate":"2023-03-19"},{"lineNumber":20,"author":{"gitId":"Haoxuan0405"},"content":"    },","lastModifiedDate":"2023-03-19"},{"lineNumber":21,"author":{"gitId":"Haoxuan0405"},"content":"    MARK{","lastModifiedDate":"2023-03-19"},{"lineNumber":22,"author":{"gitId":"Haoxuan0405"},"content":"        public void execute(String inputCommand){","lastModifiedDate":"2023-03-19"},{"lineNumber":23,"author":{"gitId":"Haoxuan0405"},"content":"            new MARK(inputCommand).execute();","lastModifiedDate":"2023-03-19"},{"lineNumber":24,"author":{"gitId":"Haoxuan0405"},"content":"        }","lastModifiedDate":"2023-03-19"},{"lineNumber":25,"author":{"gitId":"Haoxuan0405"},"content":"    },","lastModifiedDate":"2023-03-19"},{"lineNumber":26,"author":{"gitId":"Haoxuan0405"},"content":"    UNMARK{","lastModifiedDate":"2023-03-19"},{"lineNumber":27,"author":{"gitId":"Haoxuan0405"},"content":"        public void execute(String inputCommand){","lastModifiedDate":"2023-03-19"},{"lineNumber":28,"author":{"gitId":"Haoxuan0405"},"content":"            new UNMARK(inputCommand).execute();","lastModifiedDate":"2023-03-19"},{"lineNumber":29,"author":{"gitId":"Haoxuan0405"},"content":"        }","lastModifiedDate":"2023-03-19"},{"lineNumber":30,"author":{"gitId":"Haoxuan0405"},"content":"    },","lastModifiedDate":"2023-03-19"},{"lineNumber":31,"author":{"gitId":"Haoxuan0405"},"content":"    DELETE{","lastModifiedDate":"2023-03-19"},{"lineNumber":32,"author":{"gitId":"Haoxuan0405"},"content":"        public void execute(String inputCommand) {","lastModifiedDate":"2023-03-19"},{"lineNumber":33,"author":{"gitId":"Haoxuan0405"},"content":"            new DELETE(inputCommand).execute();","lastModifiedDate":"2023-03-19"},{"lineNumber":34,"author":{"gitId":"Haoxuan0405"},"content":"        }","lastModifiedDate":"2023-03-19"},{"lineNumber":35,"author":{"gitId":"Haoxuan0405"},"content":"    },","lastModifiedDate":"2023-03-19"},{"lineNumber":36,"author":{"gitId":"Haoxuan0405"},"content":"    TODO{","lastModifiedDate":"2023-03-19"},{"lineNumber":37,"author":{"gitId":"Haoxuan0405"},"content":"        public void execute(String inputCommand){","lastModifiedDate":"2023-03-19"},{"lineNumber":38,"author":{"gitId":"Haoxuan0405"},"content":"            new TODO(inputCommand).execute();","lastModifiedDate":"2023-03-19"},{"lineNumber":39,"author":{"gitId":"Haoxuan0405"},"content":"        }","lastModifiedDate":"2023-03-19"},{"lineNumber":40,"author":{"gitId":"Haoxuan0405"},"content":"    },","lastModifiedDate":"2023-03-19"},{"lineNumber":41,"author":{"gitId":"Haoxuan0405"},"content":"    DEADLINE{","lastModifiedDate":"2023-03-19"},{"lineNumber":42,"author":{"gitId":"Haoxuan0405"},"content":"        public void execute(String inputCommand){","lastModifiedDate":"2023-03-19"},{"lineNumber":43,"author":{"gitId":"Haoxuan0405"},"content":"            new DEADLINE(inputCommand).execute();","lastModifiedDate":"2023-03-19"},{"lineNumber":44,"author":{"gitId":"Haoxuan0405"},"content":"        }","lastModifiedDate":"2023-03-19"},{"lineNumber":45,"author":{"gitId":"Haoxuan0405"},"content":"    },","lastModifiedDate":"2023-03-19"},{"lineNumber":46,"author":{"gitId":"Haoxuan0405"},"content":"    EVENT{","lastModifiedDate":"2023-03-19"},{"lineNumber":47,"author":{"gitId":"Haoxuan0405"},"content":"        public void execute(String inputCommand){","lastModifiedDate":"2023-03-19"},{"lineNumber":48,"author":{"gitId":"Haoxuan0405"},"content":"            new EVENT(inputCommand).execute();","lastModifiedDate":"2023-03-19"},{"lineNumber":49,"author":{"gitId":"Haoxuan0405"},"content":"        }","lastModifiedDate":"2023-03-19"},{"lineNumber":50,"author":{"gitId":"Haoxuan0405"},"content":"    },","lastModifiedDate":"2023-03-19"},{"lineNumber":51,"author":{"gitId":"Haoxuan0405"},"content":"    UNKNOWN{","lastModifiedDate":"2023-03-19"},{"lineNumber":52,"author":{"gitId":"Haoxuan0405"},"content":"        public void execute(String inputCommand){","lastModifiedDate":"2023-03-19"},{"lineNumber":53,"author":{"gitId":"Haoxuan0405"},"content":"            new UNKNOWN().execute();","lastModifiedDate":"2023-03-19"},{"lineNumber":54,"author":{"gitId":"Haoxuan0405"},"content":"        }","lastModifiedDate":"2023-03-19"},{"lineNumber":55,"author":{"gitId":"Haoxuan0405"},"content":"    },","lastModifiedDate":"2023-03-19"},{"lineNumber":56,"author":{"gitId":"Haoxuan0405"},"content":"    SAVE{","lastModifiedDate":"2023-03-19"},{"lineNumber":57,"author":{"gitId":"Haoxuan0405"},"content":"        public void execute(String inputCommand){","lastModifiedDate":"2023-03-19"},{"lineNumber":58,"author":{"gitId":"Haoxuan0405"},"content":"            new SAVE().execute();","lastModifiedDate":"2023-03-19"},{"lineNumber":59,"author":{"gitId":"Haoxuan0405"},"content":"        }","lastModifiedDate":"2023-03-19"},{"lineNumber":60,"author":{"gitId":"Haoxuan0405"},"content":"    }","lastModifiedDate":"2023-03-19"},{"lineNumber":61,"author":{"gitId":"Haoxuan0405"},"content":"}","lastModifiedDate":"2023-03-19"}],"authorContributionMap":{"Haoxuan0405":61}},{"path":"src/main/java/enumCommand/Execute.java","fileType":"java","lines":[{"lineNumber":1,"author":{"gitId":"Haoxuan0405"},"content":"package enumCommand;","lastModifiedDate":"2023-03-19"},{"lineNumber":2,"author":{"gitId":"Haoxuan0405"},"content":"","lastModifiedDate":"2023-03-19"},{"lineNumber":3,"author":{"gitId":"Haoxuan0405"},"content":"public interface Execute {","lastModifiedDate":"2023-03-19"},{"lineNumber":4,"author":{"gitId":"Haoxuan0405"},"content":"    void execute(String inputCommand);","lastModifiedDate":"2023-03-19"},{"lineNumber":5,"author":{"gitId":"Haoxuan0405"},"content":"}","lastModifiedDate":"2023-03-19"}],"authorContributionMap":{"Haoxuan0405":5}}]
