{"authorDailyContributionsMap":{"Haoxuan0405":[{"date":"2023-02-06","commitResults":[{"hash":"03e7c21c14f6c6960a22420bc29ba331ce1bdda6","isMergeCommit":false,"messageTitle":"level 1","messageBody":"","tags":["lvl1"],"fileTypesAndContributionMap":{"java":{"insertions":30,"deletions":0}}},{"hash":"1055d81cb4dcdee83bef165dcab24ee0c11d078f","isMergeCommit":false,"messageTitle":"level 2","messageBody":"","tags":["lvl2"],"fileTypesAndContributionMap":{"java":{"insertions":21,"deletions":3}}},{"hash":"85f25cd26386e9a64f4663a08f9e26beb7417fa3","isMergeCommit":false,"messageTitle":"level 3","messageBody":"","tags":["lvl3"],"fileTypesAndContributionMap":{"java":{"insertions":57,"deletions":7}}}]},{"date":"2023-02-11","commitResults":[{"hash":"458d1bf31a37a8b6c9c5dd82c86961cad4696ad8","isMergeCommit":false,"messageTitle":"level 4","messageBody":"","tags":["lvl4"],"fileTypesAndContributionMap":{"java":{"insertions":68,"deletions":2}}}]},{"date":"2023-02-18","commitResults":[{"hash":"00f011e4dfe01ee242aa797fb59f4ab74baa9d73","isMergeCommit":false,"messageTitle":"level 5","messageBody":"","tags":["lvl5_v1"],"fileTypesAndContributionMap":{"java":{"insertions":99,"deletions":51}}}]},{"date":"2023-02-24","commitResults":[{"hash":"eedaa57f80ce6aef89b85807e1e593eac01dc51c","isMergeCommit":false,"messageTitle":"level 6 delete","messageBody":"","tags":["lvl6_v1"],"fileTypesAndContributionMap":{"java":{"insertions":30,"deletions":4}}}]},{"date":"2023-02-28","commitResults":[{"hash":"52f54944efab00e74a067b88406d4ff6e2d4cf88","isMergeCommit":false,"messageTitle":"lvl 6 - add enum","messageBody":"","tags":["lvl6_v2"],"fileTypesAndContributionMap":{"java":{"insertions":38,"deletions":177}}},{"hash":"f96643d6589e5c40323c5fcbd1f65e31dfe04fad","isMergeCommit":false,"messageTitle":"lvl6-updated","messageBody":"","tags":["lvl6_v3"],"fileTypesAndContributionMap":{"java":{"insertions":175,"deletions":0}}}]},{"date":"2023-03-12","commitResults":[{"hash":"9b2645af90bb6c18a754113f0398cb243417af49","isMergeCommit":false,"messageTitle":"Add Level 7 - SAVE,OOPs","messageBody":"","fileTypesAndContributionMap":{"java":{"insertions":163,"deletions":284}}},{"hash":"e9272a47ef1f0ceba422a8ad20906f3e0984055f","isMergeCommit":true,"messageTitle":"Merge branch \u0027branch-Level-7\u0027","messageBody":"","fileTypesAndContributionMap":{}}]},{"date":"2023-03-19","commitResults":[{"hash":"4a3e184a8fc10b4122ff9a3b53d5b8ffc17deb9b","isMergeCommit":false,"messageTitle":"level 7 updated, add more OOP, package and fix save issue","messageBody":"","fileTypesAndContributionMap":{"txt":{"insertions":1,"deletions":0},"java":{"insertions":503,"deletions":15}}},{"hash":"871f4a5f7f2f6249b4a38c45cc005002f610fa0c","isMergeCommit":true,"messageTitle":"Merge branch \u0027master\u0027 into branch-Level-7","messageBody":"","fileTypesAndContributionMap":{}}]},{"date":"2023-03-24","commitResults":[{"hash":"c2497fadd75057fe93d5ac4da0a087ee41aa574a","isMergeCommit":true,"messageTitle":"Merge remote-tracking branch \u0027origin/add-gradle-support\u0027","messageBody":"","fileTypesAndContributionMap":{}},{"hash":"5f8d1ed4b57e960b340ca81417ffd5f5fe78fcaf","isMergeCommit":false,"messageTitle":"level 7 gradle","messageBody":"","fileTypesAndContributionMap":{"gradle":{"insertions":1,"deletions":1},"java":{"insertions":126,"deletions":180}}}]},{"date":"2023-03-28","commitResults":[{"hash":"e853057a7d2486c977773a553fca7c6f492cbf4f","isMergeCommit":false,"messageTitle":"level 7 updated","messageBody":"","fileTypesAndContributionMap":{"gradle":{"insertions":3,"deletions":0},"txt":{"insertions":2,"deletions":0},"java":{"insertions":102,"deletions":15}}}]},{"date":"2023-03-29","commitResults":[{"hash":"cf21000998a78ee962d0d3dec5dfcca095fd45d9","isMergeCommit":false,"messageTitle":"Level-8, A-JavaDoc, A-Gradle, A-JUnit","messageBody":"","fileTypesAndContributionMap":{"java":{"insertions":5,"deletions":6}}},{"hash":"945d3b909dfe8c346a704608942b877a74470c1a","isMergeCommit":false,"messageTitle":"Level-8, A-JavaDoc, A-Gradle, A-JUnit","messageBody":"","tags":["add_JUnit"],"fileTypesAndContributionMap":{"java":{"insertions":3,"deletions":2}}}]},{"date":"2023-04-01","commitResults":[{"hash":"e85c83e84dc452976c7b79ec2be8323127942d07","isMergeCommit":false,"messageTitle":"Level-9, A-CodingStandard, A-CodeQuality and individual feature (ViewSchedules)","messageBody":"","fileTypesAndContributionMap":{"java":{"insertions":182,"deletions":407}}},{"hash":"c35e26d1ea8f09b1662659e532e247c75dce6485","isMergeCommit":false,"messageTitle":"updated level 9 and merge","messageBody":"","fileTypesAndContributionMap":{"java":{"insertions":36,"deletions":14}}},{"hash":"7a7c7044cbd10799d7a44a833ce8ad823a0930fe","isMergeCommit":true,"messageTitle":"Merge branch \u0027level_9\u0027","messageBody":"","fileTypesAndContributionMap":{}}]}]},"authorFileTypeContributionMap":{"Haoxuan0405":{"java":481,"md":0,"fxml":0,"sh":0,"bat":0,"gradle":4,"txt":3}},"authorContributionVariance":{"Haoxuan0405":13093.228},"authorDisplayNameMap":{"Haoxuan0405":"LIU ..QUAN"}}
