{"authorDailyContributionsMap":{"Haoxuan0405":[{"date":"2023-02-06","commitResults":[{"hash":"03e7c21c14f6c6960a22420bc29ba331ce1bdda6","messageTitle":"level 1","messageBody":"","fileTypesAndContributionMap":{"java":{"insertions":30,"deletions":0}}},{"hash":"1055d81cb4dcdee83bef165dcab24ee0c11d078f","messageTitle":"level 2","messageBody":"","fileTypesAndContributionMap":{"java":{"insertions":21,"deletions":3}}},{"hash":"85f25cd26386e9a64f4663a08f9e26beb7417fa3","messageTitle":"level 3","messageBody":"","fileTypesAndContributionMap":{"java":{"insertions":57,"deletions":7}}}]},{"date":"2023-02-11","commitResults":[{"hash":"458d1bf31a37a8b6c9c5dd82c86961cad4696ad8","messageTitle":"level 4","messageBody":"","fileTypesAndContributionMap":{"java":{"insertions":68,"deletions":2}}}]}]},"authorFileTypeContributionMap":{"Haoxuan0405":{"java":164,"md":0,"fxml":0,"sh":0,"bat":0,"gradle":0,"txt":0}},"authorContributionVariance":{"Haoxuan0405":523.0727},"authorDisplayNameMap":{"Haoxuan0405":"LIU ..QUAN"}}
