[{"path":"src/main/java/CommandType.java","fileType":"java","lines":[{"lineNumber":1,"author":{"gitId":"AnjanaGeorgez"},"content":"public enum CommandType {","lastModifiedDate":"2023-03-05"},{"lineNumber":2,"author":{"gitId":"AnjanaGeorgez"},"content":"    EMPTY, EXIT, LIST, MARK, UNMARK, DELETE, ADD","lastModifiedDate":"2023-03-05"},{"lineNumber":3,"author":{"gitId":"AnjanaGeorgez"},"content":"}","lastModifiedDate":"2023-03-05"}],"authorContributionMap":{"AnjanaGeorgez":3}},{"path":"src/main/java/Deadline.java","fileType":"java","lines":[{"lineNumber":1,"author":{"gitId":"AnjanaGeorgez"},"content":"public class Deadline extends Task {","lastModifiedDate":"2023-02-12"},{"lineNumber":2,"author":{"gitId":"AnjanaGeorgez"},"content":"    protected String by;","lastModifiedDate":"2023-02-12"},{"lineNumber":3,"author":{"gitId":"AnjanaGeorgez"},"content":"","lastModifiedDate":"2023-02-12"},{"lineNumber":4,"author":{"gitId":"AnjanaGeorgez"},"content":"    public Deadline(String description, String by) {","lastModifiedDate":"2023-02-12"},{"lineNumber":5,"author":{"gitId":"AnjanaGeorgez"},"content":"        super(description);","lastModifiedDate":"2023-02-12"},{"lineNumber":6,"author":{"gitId":"AnjanaGeorgez"},"content":"        this.by \u003d by;","lastModifiedDate":"2023-02-12"},{"lineNumber":7,"author":{"gitId":"AnjanaGeorgez"},"content":"    }","lastModifiedDate":"2023-02-12"},{"lineNumber":8,"author":{"gitId":"AnjanaGeorgez"},"content":"","lastModifiedDate":"2023-02-12"},{"lineNumber":9,"author":{"gitId":"AnjanaGeorgez"},"content":"    @Override","lastModifiedDate":"2023-02-12"},{"lineNumber":10,"author":{"gitId":"AnjanaGeorgez"},"content":"    public String toString() {","lastModifiedDate":"2023-02-12"},{"lineNumber":11,"author":{"gitId":"AnjanaGeorgez"},"content":"        return \"[D]\" + super.toString() + \" (by: \" + by + \")\";","lastModifiedDate":"2023-02-12"},{"lineNumber":12,"author":{"gitId":"AnjanaGeorgez"},"content":"    }","lastModifiedDate":"2023-02-12"},{"lineNumber":13,"author":{"gitId":"AnjanaGeorgez"},"content":"}","lastModifiedDate":"2023-02-12"},{"lineNumber":14,"author":{"gitId":"AnjanaGeorgez"},"content":"","lastModifiedDate":"2023-02-12"}],"authorContributionMap":{"AnjanaGeorgez":14}},{"path":"src/main/java/Duke.java","fileType":"java","lines":[{"lineNumber":1,"author":{"gitId":"AnjanaGeorgez"},"content":"import java.util.ArrayList;","lastModifiedDate":"2023-03-05"},{"lineNumber":2,"author":{"gitId":"AnjanaGeorgez"},"content":"import java.util.Scanner;","lastModifiedDate":"2023-01-29"},{"lineNumber":3,"author":{"gitId":"AnjanaGeorgez"},"content":"","lastModifiedDate":"2023-01-29"},{"lineNumber":4,"author":{"gitId":"-"},"content":"public class Duke {","lastModifiedDate":"2019-07-29"},{"lineNumber":5,"author":{"gitId":"-"},"content":"    public static void main(String[] args) {","lastModifiedDate":"2019-07-29"},{"lineNumber":6,"author":{"gitId":"AnjanaGeorgez"},"content":"        System.out.println(\"------------------------------------------------------------\");","lastModifiedDate":"2023-02-12"},{"lineNumber":7,"author":{"gitId":"-"},"content":"        String logo \u003d \" ____        _        \\n\"","lastModifiedDate":"2019-07-29"},{"lineNumber":8,"author":{"gitId":"-"},"content":"                + \"|  _ \\\\ _   _| | _____ \\n\"","lastModifiedDate":"2019-07-29"},{"lineNumber":9,"author":{"gitId":"-"},"content":"                + \"| | | | | | | |/ / _ \\\\\\n\"","lastModifiedDate":"2019-07-29"},{"lineNumber":10,"author":{"gitId":"-"},"content":"                + \"| |_| | |_| |   \u003c  __/\\n\"","lastModifiedDate":"2019-07-29"},{"lineNumber":11,"author":{"gitId":"-"},"content":"                + \"|____/ \\\\__,_|_|\\\\_\\\\___|\\n\";","lastModifiedDate":"2019-07-29"},{"lineNumber":12,"author":{"gitId":"AnjanaGeorgez"},"content":"        System.out.println(logo);","lastModifiedDate":"2023-01-29"},{"lineNumber":13,"author":{"gitId":"AnjanaGeorgez"},"content":"        System.out.println(\"------------------------------------------------------------\");","lastModifiedDate":"2023-01-29"},{"lineNumber":14,"author":{"gitId":"AnjanaGeorgez"},"content":"        System.out.println(\"\\tHello! I\u0027m Duke\");","lastModifiedDate":"2023-01-29"},{"lineNumber":15,"author":{"gitId":"AnjanaGeorgez"},"content":"        System.out.println(\"\\tWhat can I do for you?\");","lastModifiedDate":"2023-01-29"},{"lineNumber":16,"author":{"gitId":"AnjanaGeorgez"},"content":"        System.out.println(\"------------------------------------------------------------\");","lastModifiedDate":"2023-01-29"},{"lineNumber":17,"author":{"gitId":"AnjanaGeorgez"},"content":"","lastModifiedDate":"2023-01-29"},{"lineNumber":18,"author":{"gitId":"AnjanaGeorgez"},"content":"        //Store task","lastModifiedDate":"2023-03-05"},{"lineNumber":19,"author":{"gitId":"AnjanaGeorgez"},"content":"        ArrayList\u003cTask\u003e taskList \u003d new ArrayList\u003c\u003e();","lastModifiedDate":"2023-03-05"},{"lineNumber":20,"author":{"gitId":"AnjanaGeorgez"},"content":"","lastModifiedDate":"2023-01-29"},{"lineNumber":21,"author":{"gitId":"AnjanaGeorgez"},"content":"        Task task;","lastModifiedDate":"2023-02-12"},{"lineNumber":22,"author":{"gitId":"AnjanaGeorgez"},"content":"        String command;","lastModifiedDate":"2023-01-29"},{"lineNumber":23,"author":{"gitId":"AnjanaGeorgez"},"content":"        CommandType commandType;","lastModifiedDate":"2023-03-05"},{"lineNumber":24,"author":{"gitId":"AnjanaGeorgez"},"content":"","lastModifiedDate":"2023-03-05"},{"lineNumber":25,"author":{"gitId":"AnjanaGeorgez"},"content":"        Scanner in \u003d new Scanner(System.in);","lastModifiedDate":"2023-01-29"},{"lineNumber":26,"author":{"gitId":"AnjanaGeorgez"},"content":"        while(true) {","lastModifiedDate":"2023-01-29"},{"lineNumber":27,"author":{"gitId":"AnjanaGeorgez"},"content":"            command \u003d in.nextLine().trim();","lastModifiedDate":"2023-01-29"},{"lineNumber":28,"author":{"gitId":"AnjanaGeorgez"},"content":"            commandType \u003d getCommandType(command);","lastModifiedDate":"2023-03-05"},{"lineNumber":29,"author":{"gitId":"AnjanaGeorgez"},"content":"","lastModifiedDate":"2023-01-29"},{"lineNumber":30,"author":{"gitId":"AnjanaGeorgez"},"content":"            switch (commandType) {","lastModifiedDate":"2023-03-05"},{"lineNumber":31,"author":{"gitId":"AnjanaGeorgez"},"content":"                case EXIT:","lastModifiedDate":"2023-03-05"},{"lineNumber":32,"author":{"gitId":"AnjanaGeorgez"},"content":"                    //Exit program","lastModifiedDate":"2023-01-29"},{"lineNumber":33,"author":{"gitId":"AnjanaGeorgez"},"content":"                    exitCommand();","lastModifiedDate":"2023-01-29"},{"lineNumber":34,"author":{"gitId":"AnjanaGeorgez"},"content":"                    break;","lastModifiedDate":"2023-01-29"},{"lineNumber":35,"author":{"gitId":"AnjanaGeorgez"},"content":"                case LIST:","lastModifiedDate":"2023-03-05"},{"lineNumber":36,"author":{"gitId":"AnjanaGeorgez"},"content":"                    //Print list","lastModifiedDate":"2023-01-29"},{"lineNumber":37,"author":{"gitId":"AnjanaGeorgez"},"content":"                    printList(taskList);","lastModifiedDate":"2023-03-05"},{"lineNumber":38,"author":{"gitId":"AnjanaGeorgez"},"content":"                    break;","lastModifiedDate":"2023-03-05"},{"lineNumber":39,"author":{"gitId":"AnjanaGeorgez"},"content":"                case MARK:","lastModifiedDate":"2023-03-05"},{"lineNumber":40,"author":{"gitId":"AnjanaGeorgez"},"content":"                case UNMARK:","lastModifiedDate":"2023-03-05"},{"lineNumber":41,"author":{"gitId":"AnjanaGeorgez"},"content":"                    //Mark or Unmark Task","lastModifiedDate":"2023-02-05"},{"lineNumber":42,"author":{"gitId":"AnjanaGeorgez"},"content":"                    markTask(taskList, command, commandType);","lastModifiedDate":"2023-03-05"},{"lineNumber":43,"author":{"gitId":"AnjanaGeorgez"},"content":"                    break;","lastModifiedDate":"2023-03-05"},{"lineNumber":44,"author":{"gitId":"AnjanaGeorgez"},"content":"                case DELETE:","lastModifiedDate":"2023-03-05"},{"lineNumber":45,"author":{"gitId":"AnjanaGeorgez"},"content":"                    //Mark or Unmark Task","lastModifiedDate":"2023-03-05"},{"lineNumber":46,"author":{"gitId":"AnjanaGeorgez"},"content":"                    deleteTask(taskList, command);","lastModifiedDate":"2023-03-05"},{"lineNumber":47,"author":{"gitId":"AnjanaGeorgez"},"content":"                    break;","lastModifiedDate":"2023-03-05"},{"lineNumber":48,"author":{"gitId":"AnjanaGeorgez"},"content":"                case ADD:","lastModifiedDate":"2023-03-05"},{"lineNumber":49,"author":{"gitId":"AnjanaGeorgez"},"content":"                    //Create and add task to list","lastModifiedDate":"2023-03-05"},{"lineNumber":50,"author":{"gitId":"AnjanaGeorgez"},"content":"                    addTask(taskList, command);","lastModifiedDate":"2023-03-05"},{"lineNumber":51,"author":{"gitId":"AnjanaGeorgez"},"content":"                    break;","lastModifiedDate":"2023-03-05"},{"lineNumber":52,"author":{"gitId":"AnjanaGeorgez"},"content":"                default:","lastModifiedDate":"2023-03-05"},{"lineNumber":53,"author":{"gitId":"AnjanaGeorgez"},"content":"                    break;","lastModifiedDate":"2023-03-05"},{"lineNumber":54,"author":{"gitId":"AnjanaGeorgez"},"content":"            }","lastModifiedDate":"2023-03-05"},{"lineNumber":55,"author":{"gitId":"AnjanaGeorgez"},"content":"        }","lastModifiedDate":"2023-03-05"},{"lineNumber":56,"author":{"gitId":"AnjanaGeorgez"},"content":"    }","lastModifiedDate":"2023-02-12"},{"lineNumber":57,"author":{"gitId":"AnjanaGeorgez"},"content":"","lastModifiedDate":"2023-02-12"},{"lineNumber":58,"author":{"gitId":"AnjanaGeorgez"},"content":"    private static CommandType getCommandType(String command) {","lastModifiedDate":"2023-03-05"},{"lineNumber":59,"author":{"gitId":"AnjanaGeorgez"},"content":"        if (command.isEmpty()){","lastModifiedDate":"2023-03-05"},{"lineNumber":60,"author":{"gitId":"AnjanaGeorgez"},"content":"            return CommandType.EMPTY;","lastModifiedDate":"2023-03-05"},{"lineNumber":61,"author":{"gitId":"AnjanaGeorgez"},"content":"        }else if (command.equalsIgnoreCase(\"BYE\")) {","lastModifiedDate":"2023-03-05"},{"lineNumber":62,"author":{"gitId":"AnjanaGeorgez"},"content":"            return CommandType.EXIT;","lastModifiedDate":"2023-03-05"},{"lineNumber":63,"author":{"gitId":"AnjanaGeorgez"},"content":"        }else if (command.equalsIgnoreCase(\"LIST\")){","lastModifiedDate":"2023-03-05"},{"lineNumber":64,"author":{"gitId":"AnjanaGeorgez"},"content":"            return CommandType.LIST;","lastModifiedDate":"2023-03-05"},{"lineNumber":65,"author":{"gitId":"AnjanaGeorgez"},"content":"        }else if (command.toUpperCase().startsWith(\"MARK\")) {","lastModifiedDate":"2023-03-05"},{"lineNumber":66,"author":{"gitId":"AnjanaGeorgez"},"content":"            return CommandType.MARK;","lastModifiedDate":"2023-03-05"},{"lineNumber":67,"author":{"gitId":"AnjanaGeorgez"},"content":"        }else if (command.toUpperCase().startsWith(\"UNMARK\")) {","lastModifiedDate":"2023-03-05"},{"lineNumber":68,"author":{"gitId":"AnjanaGeorgez"},"content":"            return CommandType.UNMARK;","lastModifiedDate":"2023-03-05"},{"lineNumber":69,"author":{"gitId":"AnjanaGeorgez"},"content":"        }else if (command.toUpperCase().startsWith(\"DELETE\")) {","lastModifiedDate":"2023-03-05"},{"lineNumber":70,"author":{"gitId":"AnjanaGeorgez"},"content":"            return CommandType.DELETE;","lastModifiedDate":"2023-03-05"},{"lineNumber":71,"author":{"gitId":"AnjanaGeorgez"},"content":"        }else {","lastModifiedDate":"2023-03-05"},{"lineNumber":72,"author":{"gitId":"AnjanaGeorgez"},"content":"            return CommandType.ADD;","lastModifiedDate":"2023-03-05"},{"lineNumber":73,"author":{"gitId":"AnjanaGeorgez"},"content":"        }","lastModifiedDate":"2023-02-12"},{"lineNumber":74,"author":{"gitId":"AnjanaGeorgez"},"content":"    }","lastModifiedDate":"2023-02-12"},{"lineNumber":75,"author":{"gitId":"AnjanaGeorgez"},"content":"","lastModifiedDate":"2023-02-12"},{"lineNumber":76,"author":{"gitId":"AnjanaGeorgez"},"content":"    private static void markTask(ArrayList\u003cTask\u003e taskList, String command, CommandType commandType) {","lastModifiedDate":"2023-03-05"},{"lineNumber":77,"author":{"gitId":"AnjanaGeorgez"},"content":"        command \u003d command.toUpperCase();","lastModifiedDate":"2023-02-05"},{"lineNumber":78,"author":{"gitId":"AnjanaGeorgez"},"content":"        boolean markAsDone \u003d commandType \u003d\u003d CommandType.MARK ? true : false;","lastModifiedDate":"2023-03-05"},{"lineNumber":79,"author":{"gitId":"AnjanaGeorgez"},"content":"        try{","lastModifiedDate":"2023-02-05"},{"lineNumber":80,"author":{"gitId":"AnjanaGeorgez"},"content":"            String numberStr \u003d command.split(\" \")[1].trim();","lastModifiedDate":"2023-02-12"},{"lineNumber":81,"author":{"gitId":"AnjanaGeorgez"},"content":"            int index \u003d Integer.parseInt(numberStr) - 1;","lastModifiedDate":"2023-03-05"},{"lineNumber":82,"author":{"gitId":"AnjanaGeorgez"},"content":"            Task task \u003d taskList.get(index);","lastModifiedDate":"2023-03-05"},{"lineNumber":83,"author":{"gitId":"AnjanaGeorgez"},"content":"            String printStr \u003d \"\";","lastModifiedDate":"2023-03-05"},{"lineNumber":84,"author":{"gitId":"AnjanaGeorgez"},"content":"            if (markAsDone) {","lastModifiedDate":"2023-03-05"},{"lineNumber":85,"author":{"gitId":"AnjanaGeorgez"},"content":"                task.markAsDone();","lastModifiedDate":"2023-03-05"},{"lineNumber":86,"author":{"gitId":"AnjanaGeorgez"},"content":"                printStr \u003d \"Nice! I\u0027ve marked this task as done:\";","lastModifiedDate":"2023-03-05"},{"lineNumber":87,"author":{"gitId":"AnjanaGeorgez"},"content":"            }else {","lastModifiedDate":"2023-03-05"},{"lineNumber":88,"author":{"gitId":"AnjanaGeorgez"},"content":"                task.unMarkDone();","lastModifiedDate":"2023-03-05"},{"lineNumber":89,"author":{"gitId":"AnjanaGeorgez"},"content":"                printStr \u003d \"OK, I\u0027ve marked this task as not done yet:\";","lastModifiedDate":"2023-03-05"},{"lineNumber":90,"author":{"gitId":"AnjanaGeorgez"},"content":"            }","lastModifiedDate":"2023-02-05"},{"lineNumber":91,"author":{"gitId":"AnjanaGeorgez"},"content":"            printCommand(printStr + System.lineSeparator() + \"\\t\" + task);","lastModifiedDate":"2023-03-05"},{"lineNumber":92,"author":{"gitId":"AnjanaGeorgez"},"content":"        }","lastModifiedDate":"2023-02-05"},{"lineNumber":93,"author":{"gitId":"AnjanaGeorgez"},"content":"        catch (IndexOutOfBoundsException ex) {","lastModifiedDate":"2023-02-12"},{"lineNumber":94,"author":{"gitId":"AnjanaGeorgez"},"content":"            System.out.println(\"IndexOutOfBoundsException for delete: \" + command);","lastModifiedDate":"2023-03-05"},{"lineNumber":95,"author":{"gitId":"AnjanaGeorgez"},"content":"        }","lastModifiedDate":"2023-03-05"},{"lineNumber":96,"author":{"gitId":"AnjanaGeorgez"},"content":"        catch (NumberFormatException ex) {","lastModifiedDate":"2023-03-05"},{"lineNumber":97,"author":{"gitId":"AnjanaGeorgez"},"content":"            ex.printStackTrace();","lastModifiedDate":"2023-02-12"},{"lineNumber":98,"author":{"gitId":"AnjanaGeorgez"},"content":"        }","lastModifiedDate":"2023-02-12"},{"lineNumber":99,"author":{"gitId":"AnjanaGeorgez"},"content":"    }","lastModifiedDate":"2023-03-05"},{"lineNumber":100,"author":{"gitId":"AnjanaGeorgez"},"content":"","lastModifiedDate":"2023-03-05"},{"lineNumber":101,"author":{"gitId":"AnjanaGeorgez"},"content":"    private static void deleteTask(ArrayList\u003cTask\u003e taskList, String command) {","lastModifiedDate":"2023-03-05"},{"lineNumber":102,"author":{"gitId":"AnjanaGeorgez"},"content":"        try{","lastModifiedDate":"2023-03-05"},{"lineNumber":103,"author":{"gitId":"AnjanaGeorgez"},"content":"            String numberStr \u003d command.split(\" \")[1].trim();","lastModifiedDate":"2023-03-05"},{"lineNumber":104,"author":{"gitId":"AnjanaGeorgez"},"content":"            int index \u003d Integer.parseInt(numberStr) - 1;","lastModifiedDate":"2023-03-05"},{"lineNumber":105,"author":{"gitId":"AnjanaGeorgez"},"content":"            Task task \u003d taskList.get(index);","lastModifiedDate":"2023-03-05"},{"lineNumber":106,"author":{"gitId":"AnjanaGeorgez"},"content":"            taskList.remove(index);","lastModifiedDate":"2023-03-05"},{"lineNumber":107,"author":{"gitId":"AnjanaGeorgez"},"content":"            String addedTask \u003d getDeletedTaskString(taskList, task);","lastModifiedDate":"2023-03-05"},{"lineNumber":108,"author":{"gitId":"AnjanaGeorgez"},"content":"            printCommand(addedTask);","lastModifiedDate":"2023-03-05"},{"lineNumber":109,"author":{"gitId":"AnjanaGeorgez"},"content":"        }","lastModifiedDate":"2023-03-05"},{"lineNumber":110,"author":{"gitId":"AnjanaGeorgez"},"content":"        catch (IndexOutOfBoundsException ex) {","lastModifiedDate":"2023-03-05"},{"lineNumber":111,"author":{"gitId":"AnjanaGeorgez"},"content":"            System.out.println(\"IndexOutOfBoundsException for task: \" + command);","lastModifiedDate":"2023-03-05"},{"lineNumber":112,"author":{"gitId":"AnjanaGeorgez"},"content":"        }","lastModifiedDate":"2023-03-05"},{"lineNumber":113,"author":{"gitId":"AnjanaGeorgez"},"content":"        catch (NumberFormatException ex) {","lastModifiedDate":"2023-02-05"},{"lineNumber":114,"author":{"gitId":"AnjanaGeorgez"},"content":"            ex.printStackTrace();","lastModifiedDate":"2023-02-05"},{"lineNumber":115,"author":{"gitId":"AnjanaGeorgez"},"content":"        }","lastModifiedDate":"2023-02-05"},{"lineNumber":116,"author":{"gitId":"AnjanaGeorgez"},"content":"    }","lastModifiedDate":"2023-01-29"},{"lineNumber":117,"author":{"gitId":"AnjanaGeorgez"},"content":"","lastModifiedDate":"2023-01-29"},{"lineNumber":118,"author":{"gitId":"AnjanaGeorgez"},"content":"    private static String getDeletedTaskString(ArrayList\u003cTask\u003e taskList, Task task) {","lastModifiedDate":"2023-03-05"},{"lineNumber":119,"author":{"gitId":"AnjanaGeorgez"},"content":"        String addedTask \u003d \"Noted. I\u0027ve removed this task: \" + System.lineSeparator();","lastModifiedDate":"2023-03-05"},{"lineNumber":120,"author":{"gitId":"AnjanaGeorgez"},"content":"        addedTask +\u003d \"\\t\\t\" + task + System.lineSeparator();","lastModifiedDate":"2023-03-05"},{"lineNumber":121,"author":{"gitId":"AnjanaGeorgez"},"content":"        addedTask +\u003d \"\\t\" + \"Now you have \" + taskList.size() + \" tasks in the list.\";","lastModifiedDate":"2023-03-05"},{"lineNumber":122,"author":{"gitId":"AnjanaGeorgez"},"content":"        return addedTask;","lastModifiedDate":"2023-03-05"},{"lineNumber":123,"author":{"gitId":"AnjanaGeorgez"},"content":"    }","lastModifiedDate":"2023-03-05"},{"lineNumber":124,"author":{"gitId":"AnjanaGeorgez"},"content":"","lastModifiedDate":"2023-03-05"},{"lineNumber":125,"author":{"gitId":"AnjanaGeorgez"},"content":"    private static void addTask(ArrayList\u003cTask\u003e taskList, String command) {","lastModifiedDate":"2023-03-05"},{"lineNumber":126,"author":{"gitId":"AnjanaGeorgez"},"content":"        Task task \u003d getTask(command);","lastModifiedDate":"2023-03-05"},{"lineNumber":127,"author":{"gitId":"AnjanaGeorgez"},"content":"        if (task !\u003d null) {","lastModifiedDate":"2023-02-12"},{"lineNumber":128,"author":{"gitId":"AnjanaGeorgez"},"content":"            taskList.add(task);","lastModifiedDate":"2023-03-05"},{"lineNumber":129,"author":{"gitId":"AnjanaGeorgez"},"content":"            String addedTask \u003d getNewTaskString(taskList, task);","lastModifiedDate":"2023-03-05"},{"lineNumber":130,"author":{"gitId":"AnjanaGeorgez"},"content":"            printCommand(addedTask);","lastModifiedDate":"2023-02-12"},{"lineNumber":131,"author":{"gitId":"AnjanaGeorgez"},"content":"        }","lastModifiedDate":"2023-02-12"},{"lineNumber":132,"author":{"gitId":"AnjanaGeorgez"},"content":"    }","lastModifiedDate":"2023-02-12"},{"lineNumber":133,"author":{"gitId":"AnjanaGeorgez"},"content":"","lastModifiedDate":"2023-01-29"},{"lineNumber":134,"author":{"gitId":"AnjanaGeorgez"},"content":"    private static String getNewTaskString(ArrayList\u003cTask\u003e taskList, Task task) {","lastModifiedDate":"2023-03-05"},{"lineNumber":135,"author":{"gitId":"AnjanaGeorgez"},"content":"        String addedTask \u003d \"Got it. I\u0027ve added this task: \" + System.lineSeparator();","lastModifiedDate":"2023-02-12"},{"lineNumber":136,"author":{"gitId":"AnjanaGeorgez"},"content":"        addedTask +\u003d \"\\t\\t\" + task + System.lineSeparator();","lastModifiedDate":"2023-02-12"},{"lineNumber":137,"author":{"gitId":"AnjanaGeorgez"},"content":"        addedTask +\u003d \"\\t\" + \"Now you have \" + taskList.size() + \" tasks in the list.\";","lastModifiedDate":"2023-03-05"},{"lineNumber":138,"author":{"gitId":"AnjanaGeorgez"},"content":"        return addedTask;","lastModifiedDate":"2023-02-12"},{"lineNumber":139,"author":{"gitId":"AnjanaGeorgez"},"content":"    }","lastModifiedDate":"2023-01-29"},{"lineNumber":140,"author":{"gitId":"AnjanaGeorgez"},"content":"","lastModifiedDate":"2023-02-12"},{"lineNumber":141,"author":{"gitId":"AnjanaGeorgez"},"content":"    private static TaskType getTaskType(String command) {","lastModifiedDate":"2023-03-05"},{"lineNumber":142,"author":{"gitId":"AnjanaGeorgez"},"content":"        if (command.toUpperCase().startsWith(\"TODO\")) {","lastModifiedDate":"2023-03-05"},{"lineNumber":143,"author":{"gitId":"AnjanaGeorgez"},"content":"            return TaskType.TODO;","lastModifiedDate":"2023-03-05"},{"lineNumber":144,"author":{"gitId":"AnjanaGeorgez"},"content":"        }else if (command.toUpperCase().startsWith(\"DEADLINE\")) {","lastModifiedDate":"2023-03-05"},{"lineNumber":145,"author":{"gitId":"AnjanaGeorgez"},"content":"            return TaskType.DEADLINE;","lastModifiedDate":"2023-03-05"},{"lineNumber":146,"author":{"gitId":"AnjanaGeorgez"},"content":"        }else if (command.toUpperCase().startsWith(\"EVENT\")) {","lastModifiedDate":"2023-03-05"},{"lineNumber":147,"author":{"gitId":"AnjanaGeorgez"},"content":"            return TaskType.EVENT;","lastModifiedDate":"2023-03-05"},{"lineNumber":148,"author":{"gitId":"AnjanaGeorgez"},"content":"        }else {","lastModifiedDate":"2023-03-05"},{"lineNumber":149,"author":{"gitId":"AnjanaGeorgez"},"content":"            return TaskType.UNKNOWN;","lastModifiedDate":"2023-03-05"},{"lineNumber":150,"author":{"gitId":"AnjanaGeorgez"},"content":"        }","lastModifiedDate":"2023-03-05"},{"lineNumber":151,"author":{"gitId":"AnjanaGeorgez"},"content":"    }","lastModifiedDate":"2023-03-05"},{"lineNumber":152,"author":{"gitId":"AnjanaGeorgez"},"content":"    private static Task getTask(String command) {","lastModifiedDate":"2023-02-12"},{"lineNumber":153,"author":{"gitId":"AnjanaGeorgez"},"content":"        Task task \u003d null;","lastModifiedDate":"2023-02-12"},{"lineNumber":154,"author":{"gitId":"AnjanaGeorgez"},"content":"        try {","lastModifiedDate":"2023-02-12"},{"lineNumber":155,"author":{"gitId":"AnjanaGeorgez"},"content":"            TaskType taskType \u003d getTaskType(command);","lastModifiedDate":"2023-03-05"},{"lineNumber":156,"author":{"gitId":"AnjanaGeorgez"},"content":"            switch (taskType) {","lastModifiedDate":"2023-03-05"},{"lineNumber":157,"author":{"gitId":"AnjanaGeorgez"},"content":"                case TODO:","lastModifiedDate":"2023-03-05"},{"lineNumber":158,"author":{"gitId":"AnjanaGeorgez"},"content":"                    task \u003d getTodo(command);","lastModifiedDate":"2023-02-12"},{"lineNumber":159,"author":{"gitId":"AnjanaGeorgez"},"content":"                    break;","lastModifiedDate":"2023-03-05"},{"lineNumber":160,"author":{"gitId":"AnjanaGeorgez"},"content":"                case DEADLINE:","lastModifiedDate":"2023-03-05"},{"lineNumber":161,"author":{"gitId":"AnjanaGeorgez"},"content":"                    task \u003d getDeadline(command);","lastModifiedDate":"2023-02-12"},{"lineNumber":162,"author":{"gitId":"AnjanaGeorgez"},"content":"                    break;","lastModifiedDate":"2023-03-05"},{"lineNumber":163,"author":{"gitId":"AnjanaGeorgez"},"content":"                case EVENT:","lastModifiedDate":"2023-03-05"},{"lineNumber":164,"author":{"gitId":"AnjanaGeorgez"},"content":"                    task \u003d getEvent(command);","lastModifiedDate":"2023-02-12"},{"lineNumber":165,"author":{"gitId":"AnjanaGeorgez"},"content":"                    break;","lastModifiedDate":"2023-03-05"},{"lineNumber":166,"author":{"gitId":"AnjanaGeorgez"},"content":"                default:","lastModifiedDate":"2023-03-05"},{"lineNumber":167,"author":{"gitId":"AnjanaGeorgez"},"content":"                    throw new IllegalTaskException();","lastModifiedDate":"2023-02-20"},{"lineNumber":168,"author":{"gitId":"AnjanaGeorgez"},"content":"            }","lastModifiedDate":"2023-02-12"},{"lineNumber":169,"author":{"gitId":"AnjanaGeorgez"},"content":"        }catch (IllegalTodoException e){","lastModifiedDate":"2023-02-20"},{"lineNumber":170,"author":{"gitId":"AnjanaGeorgez"},"content":"            printCommand(\"☹ OOPS!!! The description of a todo cannot be empty.\");","lastModifiedDate":"2023-02-20"},{"lineNumber":171,"author":{"gitId":"AnjanaGeorgez"},"content":"        }catch (IllegalDeadlineException e){","lastModifiedDate":"2023-02-20"},{"lineNumber":172,"author":{"gitId":"AnjanaGeorgez"},"content":"            printCommand(\"☹ OOPS!!! The description or date of a deadline cannot be empty.\");","lastModifiedDate":"2023-02-20"},{"lineNumber":173,"author":{"gitId":"AnjanaGeorgez"},"content":"        }catch (IllegalEventException e){","lastModifiedDate":"2023-02-20"},{"lineNumber":174,"author":{"gitId":"AnjanaGeorgez"},"content":"            printCommand(\"☹ OOPS!!! The description or start date or end date of an event cannot be empty.\");","lastModifiedDate":"2023-02-20"},{"lineNumber":175,"author":{"gitId":"AnjanaGeorgez"},"content":"        }catch (IllegalTaskException e){","lastModifiedDate":"2023-02-12"},{"lineNumber":176,"author":{"gitId":"AnjanaGeorgez"},"content":"            printCommand(\"☹ OOPS!!! I\u0027m sorry, but I don\u0027t know what that means :-(\");","lastModifiedDate":"2023-02-20"},{"lineNumber":177,"author":{"gitId":"AnjanaGeorgez"},"content":"        }catch (IndexOutOfBoundsException e){","lastModifiedDate":"2023-02-20"},{"lineNumber":178,"author":{"gitId":"AnjanaGeorgez"},"content":"            System.out.println(\"IndexOutOfBoundsException for task: \" + command);","lastModifiedDate":"2023-02-20"},{"lineNumber":179,"author":{"gitId":"AnjanaGeorgez"},"content":"        }","lastModifiedDate":"2023-02-12"},{"lineNumber":180,"author":{"gitId":"AnjanaGeorgez"},"content":"        return task;","lastModifiedDate":"2023-02-12"},{"lineNumber":181,"author":{"gitId":"AnjanaGeorgez"},"content":"    }","lastModifiedDate":"2023-02-12"},{"lineNumber":182,"author":{"gitId":"AnjanaGeorgez"},"content":"","lastModifiedDate":"2023-02-12"},{"lineNumber":183,"author":{"gitId":"AnjanaGeorgez"},"content":"    private static Todo getTodo(String command) throws IndexOutOfBoundsException, IllegalTodoException {","lastModifiedDate":"2023-02-20"},{"lineNumber":184,"author":{"gitId":"AnjanaGeorgez"},"content":"        String[] commandStr \u003d command.split(\" \");","lastModifiedDate":"2023-02-12"},{"lineNumber":185,"author":{"gitId":"AnjanaGeorgez"},"content":"        if (commandStr.length \u003c 2) {","lastModifiedDate":"2023-02-20"},{"lineNumber":186,"author":{"gitId":"AnjanaGeorgez"},"content":"            throw new IllegalTodoException();","lastModifiedDate":"2023-02-20"},{"lineNumber":187,"author":{"gitId":"AnjanaGeorgez"},"content":"        }","lastModifiedDate":"2023-02-20"},{"lineNumber":188,"author":{"gitId":"AnjanaGeorgez"},"content":"        String description \u003d command.replaceFirst(commandStr[0], \"\").trim();","lastModifiedDate":"2023-02-12"},{"lineNumber":189,"author":{"gitId":"AnjanaGeorgez"},"content":"        return new Todo(description);","lastModifiedDate":"2023-02-12"},{"lineNumber":190,"author":{"gitId":"AnjanaGeorgez"},"content":"    }","lastModifiedDate":"2023-02-12"},{"lineNumber":191,"author":{"gitId":"AnjanaGeorgez"},"content":"","lastModifiedDate":"2023-02-12"},{"lineNumber":192,"author":{"gitId":"AnjanaGeorgez"},"content":"    private static Deadline getDeadline(String command) throws IndexOutOfBoundsException, IllegalDeadlineException{","lastModifiedDate":"2023-02-20"},{"lineNumber":193,"author":{"gitId":"AnjanaGeorgez"},"content":"        String[] deadlines \u003d command.split(\"/by\");","lastModifiedDate":"2023-02-12"},{"lineNumber":194,"author":{"gitId":"AnjanaGeorgez"},"content":"        if (deadlines.length \u003c 2) {","lastModifiedDate":"2023-02-20"},{"lineNumber":195,"author":{"gitId":"AnjanaGeorgez"},"content":"            throw new IllegalDeadlineException();","lastModifiedDate":"2023-02-20"},{"lineNumber":196,"author":{"gitId":"AnjanaGeorgez"},"content":"        }","lastModifiedDate":"2023-02-12"},{"lineNumber":197,"author":{"gitId":"AnjanaGeorgez"},"content":"        String[] commandStr \u003d deadlines[0].split(\" \");","lastModifiedDate":"2023-02-12"},{"lineNumber":198,"author":{"gitId":"AnjanaGeorgez"},"content":"        if (commandStr.length \u003c 2) {","lastModifiedDate":"2023-02-20"},{"lineNumber":199,"author":{"gitId":"AnjanaGeorgez"},"content":"            throw new IllegalDeadlineException();","lastModifiedDate":"2023-02-20"},{"lineNumber":200,"author":{"gitId":"AnjanaGeorgez"},"content":"        }","lastModifiedDate":"2023-02-20"},{"lineNumber":201,"author":{"gitId":"AnjanaGeorgez"},"content":"        String description \u003d deadlines[0].replaceFirst(commandStr[0], \"\").trim();","lastModifiedDate":"2023-02-12"},{"lineNumber":202,"author":{"gitId":"AnjanaGeorgez"},"content":"        String by \u003d deadlines[1].trim();","lastModifiedDate":"2023-02-12"},{"lineNumber":203,"author":{"gitId":"AnjanaGeorgez"},"content":"        return new Deadline(description, by);","lastModifiedDate":"2023-02-12"},{"lineNumber":204,"author":{"gitId":"AnjanaGeorgez"},"content":"    }","lastModifiedDate":"2023-02-12"},{"lineNumber":205,"author":{"gitId":"AnjanaGeorgez"},"content":"","lastModifiedDate":"2023-02-12"},{"lineNumber":206,"author":{"gitId":"AnjanaGeorgez"},"content":"    private static Event getEvent(String command) throws IndexOutOfBoundsException, IllegalEventException{","lastModifiedDate":"2023-02-20"},{"lineNumber":207,"author":{"gitId":"AnjanaGeorgez"},"content":"        String[] events \u003d command.split(\"/from\");","lastModifiedDate":"2023-02-12"},{"lineNumber":208,"author":{"gitId":"AnjanaGeorgez"},"content":"        if (events.length \u003c 2) {","lastModifiedDate":"2023-02-20"},{"lineNumber":209,"author":{"gitId":"AnjanaGeorgez"},"content":"            throw new IllegalEventException();","lastModifiedDate":"2023-02-20"},{"lineNumber":210,"author":{"gitId":"AnjanaGeorgez"},"content":"        }","lastModifiedDate":"2023-01-29"},{"lineNumber":211,"author":{"gitId":"AnjanaGeorgez"},"content":"        String[] commandStr \u003d events[0].split(\" \");","lastModifiedDate":"2023-02-12"},{"lineNumber":212,"author":{"gitId":"AnjanaGeorgez"},"content":"        if (commandStr.length \u003c 2) {","lastModifiedDate":"2023-02-20"},{"lineNumber":213,"author":{"gitId":"AnjanaGeorgez"},"content":"            throw new IllegalEventException();","lastModifiedDate":"2023-02-20"},{"lineNumber":214,"author":{"gitId":"AnjanaGeorgez"},"content":"        }","lastModifiedDate":"2023-02-20"},{"lineNumber":215,"author":{"gitId":"AnjanaGeorgez"},"content":"        String description \u003d events[0].replaceFirst(commandStr[0], \"\").trim();","lastModifiedDate":"2023-02-12"},{"lineNumber":216,"author":{"gitId":"AnjanaGeorgez"},"content":"","lastModifiedDate":"2023-02-12"},{"lineNumber":217,"author":{"gitId":"AnjanaGeorgez"},"content":"        String[] dates \u003d events[1].split(\"/to\");","lastModifiedDate":"2023-02-12"},{"lineNumber":218,"author":{"gitId":"AnjanaGeorgez"},"content":"        if (dates.length \u003c 2) {","lastModifiedDate":"2023-02-20"},{"lineNumber":219,"author":{"gitId":"AnjanaGeorgez"},"content":"            throw new IllegalEventException();","lastModifiedDate":"2023-02-20"},{"lineNumber":220,"author":{"gitId":"AnjanaGeorgez"},"content":"        }","lastModifiedDate":"2023-02-20"},{"lineNumber":221,"author":{"gitId":"AnjanaGeorgez"},"content":"        String fromDate \u003d dates[0].trim();","lastModifiedDate":"2023-02-12"},{"lineNumber":222,"author":{"gitId":"AnjanaGeorgez"},"content":"        String toDate \u003d dates[1].trim();","lastModifiedDate":"2023-02-12"},{"lineNumber":223,"author":{"gitId":"AnjanaGeorgez"},"content":"","lastModifiedDate":"2023-01-29"},{"lineNumber":224,"author":{"gitId":"AnjanaGeorgez"},"content":"        return new Event(description, fromDate, toDate);","lastModifiedDate":"2023-02-12"},{"lineNumber":225,"author":{"gitId":"AnjanaGeorgez"},"content":"    }","lastModifiedDate":"2023-02-12"},{"lineNumber":226,"author":{"gitId":"AnjanaGeorgez"},"content":"","lastModifiedDate":"2023-02-05"},{"lineNumber":227,"author":{"gitId":"AnjanaGeorgez"},"content":"    private static void printList(ArrayList\u003cTask\u003e list) {","lastModifiedDate":"2023-03-05"},{"lineNumber":228,"author":{"gitId":"AnjanaGeorgez"},"content":"        String printStr \u003d \"\";","lastModifiedDate":"2023-02-05"},{"lineNumber":229,"author":{"gitId":"AnjanaGeorgez"},"content":"        for (int i \u003d 0; i \u003c list.size(); i++) {","lastModifiedDate":"2023-03-05"},{"lineNumber":230,"author":{"gitId":"AnjanaGeorgez"},"content":"            String index \u003d Integer.toString(i + 1);","lastModifiedDate":"2023-01-29"},{"lineNumber":231,"author":{"gitId":"AnjanaGeorgez"},"content":"            printStr +\u003d  index + \".\" + list.get(i) + System.lineSeparator() + \"\\t\";","lastModifiedDate":"2023-03-05"},{"lineNumber":232,"author":{"gitId":"AnjanaGeorgez"},"content":"        }","lastModifiedDate":"2023-01-29"},{"lineNumber":233,"author":{"gitId":"AnjanaGeorgez"},"content":"","lastModifiedDate":"2023-03-05"},{"lineNumber":234,"author":{"gitId":"AnjanaGeorgez"},"content":"        if (list.size() \u003e 0){","lastModifiedDate":"2023-03-05"},{"lineNumber":235,"author":{"gitId":"AnjanaGeorgez"},"content":"            printCommand(printStr);","lastModifiedDate":"2023-01-29"},{"lineNumber":236,"author":{"gitId":"AnjanaGeorgez"},"content":"        }else {","lastModifiedDate":"2023-03-05"},{"lineNumber":237,"author":{"gitId":"AnjanaGeorgez"},"content":"            printCommand(\"You have 0 tasks in the list.\");","lastModifiedDate":"2023-03-05"},{"lineNumber":238,"author":{"gitId":"AnjanaGeorgez"},"content":"        }","lastModifiedDate":"2023-03-05"},{"lineNumber":239,"author":{"gitId":"AnjanaGeorgez"},"content":"    }","lastModifiedDate":"2023-01-29"},{"lineNumber":240,"author":{"gitId":"AnjanaGeorgez"},"content":"","lastModifiedDate":"2023-01-29"},{"lineNumber":241,"author":{"gitId":"AnjanaGeorgez"},"content":"    private static void exitCommand() {","lastModifiedDate":"2023-02-12"},{"lineNumber":242,"author":{"gitId":"AnjanaGeorgez"},"content":"        printCommand(\"Bye. Hope to see you again soon!\");","lastModifiedDate":"2023-01-29"},{"lineNumber":243,"author":{"gitId":"AnjanaGeorgez"},"content":"    }","lastModifiedDate":"2023-01-29"},{"lineNumber":244,"author":{"gitId":"AnjanaGeorgez"},"content":"","lastModifiedDate":"2023-01-29"},{"lineNumber":245,"author":{"gitId":"AnjanaGeorgez"},"content":"    private static void printCommand(String command) {","lastModifiedDate":"2023-02-12"},{"lineNumber":246,"author":{"gitId":"AnjanaGeorgez"},"content":"        System.out.println(\"------------------------------------------------------------\");","lastModifiedDate":"2023-01-29"},{"lineNumber":247,"author":{"gitId":"AnjanaGeorgez"},"content":"        System.out.println(\"\\t\" + command);","lastModifiedDate":"2023-01-29"},{"lineNumber":248,"author":{"gitId":"AnjanaGeorgez"},"content":"        System.out.println(\"------------------------------------------------------------\");","lastModifiedDate":"2023-01-29"},{"lineNumber":249,"author":{"gitId":"-"},"content":"    }","lastModifiedDate":"2019-07-29"},{"lineNumber":250,"author":{"gitId":"-"},"content":"}","lastModifiedDate":"2019-07-29"}],"authorContributionMap":{"AnjanaGeorgez":241,"-":9}},{"path":"src/main/java/Event.java","fileType":"java","lines":[{"lineNumber":1,"author":{"gitId":"AnjanaGeorgez"},"content":"public class Event extends Task {","lastModifiedDate":"2023-02-12"},{"lineNumber":2,"author":{"gitId":"AnjanaGeorgez"},"content":"    protected String startDateTime;","lastModifiedDate":"2023-02-12"},{"lineNumber":3,"author":{"gitId":"AnjanaGeorgez"},"content":"    protected String endDateTime;","lastModifiedDate":"2023-02-12"},{"lineNumber":4,"author":{"gitId":"AnjanaGeorgez"},"content":"","lastModifiedDate":"2023-02-12"},{"lineNumber":5,"author":{"gitId":"AnjanaGeorgez"},"content":"    public Event(String description, String startDateTime, String endDateTime) {","lastModifiedDate":"2023-02-12"},{"lineNumber":6,"author":{"gitId":"AnjanaGeorgez"},"content":"        super(description);","lastModifiedDate":"2023-02-12"},{"lineNumber":7,"author":{"gitId":"AnjanaGeorgez"},"content":"        this.startDateTime \u003d startDateTime;","lastModifiedDate":"2023-02-12"},{"lineNumber":8,"author":{"gitId":"AnjanaGeorgez"},"content":"        this.endDateTime \u003d endDateTime;","lastModifiedDate":"2023-02-12"},{"lineNumber":9,"author":{"gitId":"AnjanaGeorgez"},"content":"    }","lastModifiedDate":"2023-02-12"},{"lineNumber":10,"author":{"gitId":"AnjanaGeorgez"},"content":"","lastModifiedDate":"2023-02-12"},{"lineNumber":11,"author":{"gitId":"AnjanaGeorgez"},"content":"    @Override","lastModifiedDate":"2023-02-12"},{"lineNumber":12,"author":{"gitId":"AnjanaGeorgez"},"content":"    public String toString() {","lastModifiedDate":"2023-02-12"},{"lineNumber":13,"author":{"gitId":"AnjanaGeorgez"},"content":"        return \"[E]\" + super.toString() + \" (from: \" + startDateTime + \" to: \" + endDateTime + \")\";","lastModifiedDate":"2023-02-12"},{"lineNumber":14,"author":{"gitId":"AnjanaGeorgez"},"content":"    }","lastModifiedDate":"2023-02-12"},{"lineNumber":15,"author":{"gitId":"AnjanaGeorgez"},"content":"}","lastModifiedDate":"2023-02-12"}],"authorContributionMap":{"AnjanaGeorgez":15}},{"path":"src/main/java/IllegalDeadlineException.java","fileType":"java","lines":[{"lineNumber":1,"author":{"gitId":"AnjanaGeorgez"},"content":"public class IllegalDeadlineException extends Exception {","lastModifiedDate":"2023-02-20"},{"lineNumber":2,"author":{"gitId":"AnjanaGeorgez"},"content":"    //no other code needed","lastModifiedDate":"2023-02-20"},{"lineNumber":3,"author":{"gitId":"AnjanaGeorgez"},"content":"}","lastModifiedDate":"2023-02-20"},{"lineNumber":4,"author":{"gitId":"AnjanaGeorgez"},"content":"","lastModifiedDate":"2023-02-20"}],"authorContributionMap":{"AnjanaGeorgez":4}},{"path":"src/main/java/IllegalEventException.java","fileType":"java","lines":[{"lineNumber":1,"author":{"gitId":"AnjanaGeorgez"},"content":"public class IllegalEventException extends Exception {","lastModifiedDate":"2023-02-20"},{"lineNumber":2,"author":{"gitId":"AnjanaGeorgez"},"content":"    //no other code needed","lastModifiedDate":"2023-02-20"},{"lineNumber":3,"author":{"gitId":"AnjanaGeorgez"},"content":"}","lastModifiedDate":"2023-02-20"}],"authorContributionMap":{"AnjanaGeorgez":3}},{"path":"src/main/java/IllegalTaskException.java","fileType":"java","lines":[{"lineNumber":1,"author":{"gitId":"AnjanaGeorgez"},"content":"public class IllegalTaskException extends Exception {","lastModifiedDate":"2023-02-12"},{"lineNumber":2,"author":{"gitId":"AnjanaGeorgez"},"content":"    //no other code needed","lastModifiedDate":"2023-02-12"},{"lineNumber":3,"author":{"gitId":"AnjanaGeorgez"},"content":"}","lastModifiedDate":"2023-02-12"},{"lineNumber":4,"author":{"gitId":"AnjanaGeorgez"},"content":"","lastModifiedDate":"2023-02-20"}],"authorContributionMap":{"AnjanaGeorgez":4}},{"path":"src/main/java/IllegalTodoException.java","fileType":"java","lines":[{"lineNumber":1,"author":{"gitId":"AnjanaGeorgez"},"content":"public class IllegalTodoException extends Exception {","lastModifiedDate":"2023-02-20"},{"lineNumber":2,"author":{"gitId":"AnjanaGeorgez"},"content":"    //no other code needed","lastModifiedDate":"2023-02-20"},{"lineNumber":3,"author":{"gitId":"AnjanaGeorgez"},"content":"}","lastModifiedDate":"2023-02-20"},{"lineNumber":4,"author":{"gitId":"AnjanaGeorgez"},"content":"","lastModifiedDate":"2023-02-20"}],"authorContributionMap":{"AnjanaGeorgez":4}},{"path":"src/main/java/Task.java","fileType":"java","lines":[{"lineNumber":1,"author":{"gitId":"AnjanaGeorgez"},"content":"public class Task {","lastModifiedDate":"2023-02-05"},{"lineNumber":2,"author":{"gitId":"AnjanaGeorgez"},"content":"    protected String description;","lastModifiedDate":"2023-02-05"},{"lineNumber":3,"author":{"gitId":"AnjanaGeorgez"},"content":"    protected boolean isDone;","lastModifiedDate":"2023-02-05"},{"lineNumber":4,"author":{"gitId":"AnjanaGeorgez"},"content":"","lastModifiedDate":"2023-02-05"},{"lineNumber":5,"author":{"gitId":"AnjanaGeorgez"},"content":"    public Task(String description) {","lastModifiedDate":"2023-02-05"},{"lineNumber":6,"author":{"gitId":"AnjanaGeorgez"},"content":"        this.description \u003d description;","lastModifiedDate":"2023-02-05"},{"lineNumber":7,"author":{"gitId":"AnjanaGeorgez"},"content":"        this.isDone \u003d false;","lastModifiedDate":"2023-02-05"},{"lineNumber":8,"author":{"gitId":"AnjanaGeorgez"},"content":"    }","lastModifiedDate":"2023-02-05"},{"lineNumber":9,"author":{"gitId":"AnjanaGeorgez"},"content":"","lastModifiedDate":"2023-02-05"},{"lineNumber":10,"author":{"gitId":"AnjanaGeorgez"},"content":"    public void markAsDone() {","lastModifiedDate":"2023-02-05"},{"lineNumber":11,"author":{"gitId":"AnjanaGeorgez"},"content":"        isDone \u003d true;","lastModifiedDate":"2023-02-05"},{"lineNumber":12,"author":{"gitId":"AnjanaGeorgez"},"content":"    }","lastModifiedDate":"2023-02-05"},{"lineNumber":13,"author":{"gitId":"AnjanaGeorgez"},"content":"","lastModifiedDate":"2023-02-05"},{"lineNumber":14,"author":{"gitId":"AnjanaGeorgez"},"content":"    public void unMarkDone() {","lastModifiedDate":"2023-02-05"},{"lineNumber":15,"author":{"gitId":"AnjanaGeorgez"},"content":"        isDone \u003d false;","lastModifiedDate":"2023-02-05"},{"lineNumber":16,"author":{"gitId":"AnjanaGeorgez"},"content":"    }","lastModifiedDate":"2023-02-05"},{"lineNumber":17,"author":{"gitId":"AnjanaGeorgez"},"content":"","lastModifiedDate":"2023-02-05"},{"lineNumber":18,"author":{"gitId":"AnjanaGeorgez"},"content":"    public String getStatusIcon() {","lastModifiedDate":"2023-02-05"},{"lineNumber":19,"author":{"gitId":"AnjanaGeorgez"},"content":"        return (isDone ? \"[X]\" : \"[ ]\"); // mark done task with X","lastModifiedDate":"2023-02-05"},{"lineNumber":20,"author":{"gitId":"AnjanaGeorgez"},"content":"    }","lastModifiedDate":"2023-02-05"},{"lineNumber":21,"author":{"gitId":"AnjanaGeorgez"},"content":"","lastModifiedDate":"2023-02-05"},{"lineNumber":22,"author":{"gitId":"AnjanaGeorgez"},"content":"    @Override","lastModifiedDate":"2023-02-05"},{"lineNumber":23,"author":{"gitId":"AnjanaGeorgez"},"content":"    public String toString() {","lastModifiedDate":"2023-02-05"},{"lineNumber":24,"author":{"gitId":"AnjanaGeorgez"},"content":"        return getStatusIcon() + \" \" + description;","lastModifiedDate":"2023-02-05"},{"lineNumber":25,"author":{"gitId":"AnjanaGeorgez"},"content":"    }","lastModifiedDate":"2023-02-05"},{"lineNumber":26,"author":{"gitId":"AnjanaGeorgez"},"content":"}","lastModifiedDate":"2023-02-05"},{"lineNumber":27,"author":{"gitId":"AnjanaGeorgez"},"content":"","lastModifiedDate":"2023-02-05"},{"lineNumber":28,"author":{"gitId":"AnjanaGeorgez"},"content":"","lastModifiedDate":"2023-02-05"}],"authorContributionMap":{"AnjanaGeorgez":28}},{"path":"src/main/java/TaskType.java","fileType":"java","lines":[{"lineNumber":1,"author":{"gitId":"AnjanaGeorgez"},"content":"public enum TaskType {","lastModifiedDate":"2023-03-05"},{"lineNumber":2,"author":{"gitId":"AnjanaGeorgez"},"content":"    TODO, DEADLINE, EVENT, UNKNOWN","lastModifiedDate":"2023-03-05"},{"lineNumber":3,"author":{"gitId":"AnjanaGeorgez"},"content":"}","lastModifiedDate":"2023-03-05"}],"authorContributionMap":{"AnjanaGeorgez":3}},{"path":"src/main/java/Todo.java","fileType":"java","lines":[{"lineNumber":1,"author":{"gitId":"AnjanaGeorgez"},"content":"public class Todo extends Task {","lastModifiedDate":"2023-02-12"},{"lineNumber":2,"author":{"gitId":"AnjanaGeorgez"},"content":"    public Todo(String description) {","lastModifiedDate":"2023-02-12"},{"lineNumber":3,"author":{"gitId":"AnjanaGeorgez"},"content":"        super(description);","lastModifiedDate":"2023-02-12"},{"lineNumber":4,"author":{"gitId":"AnjanaGeorgez"},"content":"    }","lastModifiedDate":"2023-02-12"},{"lineNumber":5,"author":{"gitId":"AnjanaGeorgez"},"content":"","lastModifiedDate":"2023-02-12"},{"lineNumber":6,"author":{"gitId":"AnjanaGeorgez"},"content":"    @Override","lastModifiedDate":"2023-02-12"},{"lineNumber":7,"author":{"gitId":"AnjanaGeorgez"},"content":"    public String toString() {","lastModifiedDate":"2023-02-12"},{"lineNumber":8,"author":{"gitId":"AnjanaGeorgez"},"content":"        return \"[T]\" + super.toString();","lastModifiedDate":"2023-02-12"},{"lineNumber":9,"author":{"gitId":"AnjanaGeorgez"},"content":"    }","lastModifiedDate":"2023-02-12"},{"lineNumber":10,"author":{"gitId":"AnjanaGeorgez"},"content":"}","lastModifiedDate":"2023-02-12"}],"authorContributionMap":{"AnjanaGeorgez":10}}]
