{"authorDailyContributionsMap":{"AnjanaGeorgez":[{"date":"2023-01-29","commitResults":[{"hash":"78693a175a4daf32d976cc644795ce142103a4fb","messageTitle":"Level-1: Greet, Echo, Exit","messageBody":"","tags":["Level-1"],"fileTypesAndContributionMap":{"java":{"insertions":28,"deletions":1}}},{"hash":"2b64aedd7d5d1a53d299a0df70bcecbc1d40c0ed","messageTitle":"Level-2: Add, List","messageBody":"","tags":["Level-2"],"fileTypesAndContributionMap":{"java":{"insertions":29,"deletions":2}}}]},{"date":"2023-02-05","commitResults":[{"hash":"ef9fe9c81968dccd5b41dbf355a40aed2f6a8faa","messageTitle":"Level-3: Mark as Done","messageBody":"","tags":["Level-3"],"fileTypesAndContributionMap":{"java":{"insertions":64,"deletions":7}}}]},{"date":"2023-02-12","commitResults":[{"hash":"5e636e5e22fac14d274d66afdc093585e32cb755","messageTitle":"Level-4: ToDo, Event, Deadline","messageBody":"","tags":["Level-4"],"fileTypesAndContributionMap":{"java":{"insertions":134,"deletions":20}}}]},{"date":"2023-02-20","commitResults":[{"hash":"c429dfe947b95e3da13429af9c3e3acdc257bc8f","messageTitle":"Level-5: Handle Errors","messageBody":"","tags":["Level-5"],"fileTypesAndContributionMap":{"java":{"insertions":43,"deletions":11}}}]},{"date":"2023-03-05","commitResults":[{"hash":"d18f306722432c9c2009d1804ec5487f449ec10e","messageTitle":"Level-6 Delete, Enums","messageBody":"","tags":["Level-6"],"fileTypesAndContributionMap":{"java":{"insertions":128,"deletions":57}}}]}]},"authorFileTypeContributionMap":{"AnjanaGeorgez":{"java":329,"md":0,"fxml":0,"sh":0,"bat":0,"gradle":0,"txt":0}},"authorContributionVariance":{"AnjanaGeorgez":1153.4792},"authorDisplayNameMap":{"AnjanaGeorgez":"ANJA..ORGE"}}
