{"authorDailyContributionsMap":{"AnjanaGeorgez":[{"date":"2023-01-29","commitResults":[{"hash":"78693a175a4daf32d976cc644795ce142103a4fb","isMergeCommit":false,"messageTitle":"Level-1: Greet, Echo, Exit","messageBody":"","tags":["Level-1"],"fileTypesAndContributionMap":{"java":{"insertions":28,"deletions":1}}},{"hash":"2b64aedd7d5d1a53d299a0df70bcecbc1d40c0ed","isMergeCommit":false,"messageTitle":"Level-2: Add, List","messageBody":"","tags":["Level-2"],"fileTypesAndContributionMap":{"java":{"insertions":29,"deletions":2}}}]},{"date":"2023-02-05","commitResults":[{"hash":"ef9fe9c81968dccd5b41dbf355a40aed2f6a8faa","isMergeCommit":false,"messageTitle":"Level-3: Mark as Done","messageBody":"","tags":["Level-3"],"fileTypesAndContributionMap":{"java":{"insertions":64,"deletions":7}}}]},{"date":"2023-02-12","commitResults":[{"hash":"5e636e5e22fac14d274d66afdc093585e32cb755","isMergeCommit":false,"messageTitle":"Level-4: ToDo, Event, Deadline","messageBody":"","tags":["Level-4"],"fileTypesAndContributionMap":{"java":{"insertions":134,"deletions":20}}}]},{"date":"2023-02-20","commitResults":[{"hash":"c429dfe947b95e3da13429af9c3e3acdc257bc8f","isMergeCommit":false,"messageTitle":"Level-5: Handle Errors","messageBody":"","tags":["Level-5"],"fileTypesAndContributionMap":{"java":{"insertions":43,"deletions":11}}}]},{"date":"2023-03-05","commitResults":[{"hash":"d18f306722432c9c2009d1804ec5487f449ec10e","isMergeCommit":false,"messageTitle":"Level-6 Delete, Enums","messageBody":"","tags":["Level-6"],"fileTypesAndContributionMap":{"java":{"insertions":128,"deletions":57}}}]},{"date":"2023-03-12","commitResults":[{"hash":"7e2058b274e091500765d9d58856ff5ee2c0e3f4","isMergeCommit":false,"messageTitle":"save","messageBody":"","fileTypesAndContributionMap":{"txt":{"insertions":4,"deletions":0},"java":{"insertions":183,"deletions":20}}},{"hash":"e847e6b9717e1e35a2e6962201559a52389b63a2","isMergeCommit":false,"messageTitle":"OOP","messageBody":"","fileTypesAndContributionMap":{"txt":{"insertions":1,"deletions":0},"java":{"insertions":387,"deletions":296}}}]},{"date":"2023-03-18","commitResults":[{"hash":"fb09b3343ac932996f01fb2a58c3319e890be24d","isMergeCommit":false,"messageTitle":"packages","messageBody":"","fileTypesAndContributionMap":{"java":{"insertions":88,"deletions":16},"bat":{"insertions":1,"deletions":1},"md":{"insertions":2,"deletions":2}}}]},{"date":"2023-03-19","commitResults":[{"hash":"70e73cd8b11ffb3b96382f270be11c72873b4bba","isMergeCommit":false,"messageTitle":"moreOOP","messageBody":"","tags":["Level-7"],"fileTypesAndContributionMap":{"java":{"insertions":196,"deletions":137}}},{"hash":"4df0bc9914edb23f85c54e413efcb5643bbc7095","isMergeCommit":false,"messageTitle":"date and times","messageBody":"","fileTypesAndContributionMap":{"java":{"insertions":62,"deletions":36}}}]}]},"authorFileTypeContributionMap":{"AnjanaGeorgez":{"java":747,"md":2,"fxml":0,"sh":0,"bat":1,"gradle":0,"txt":5}},"authorContributionVariance":{"AnjanaGeorgez":14379.769},"authorDisplayNameMap":{"AnjanaGeorgez":"ANJA..ORGE"}}
