{"authorDailyContributionsMap":{"AnjanaGeorgez":[{"date":"2023-01-29","commitResults":[{"hash":"78693a175a4daf32d976cc644795ce142103a4fb","isMergeCommit":false,"messageTitle":"Level-1: Greet, Echo, Exit","messageBody":"","tags":["Level-1"],"fileTypesAndContributionMap":{"java":{"insertions":28,"deletions":1}}},{"hash":"2b64aedd7d5d1a53d299a0df70bcecbc1d40c0ed","isMergeCommit":false,"messageTitle":"Level-2: Add, List","messageBody":"","tags":["Level-2"],"fileTypesAndContributionMap":{"java":{"insertions":29,"deletions":2}}}]},{"date":"2023-02-05","commitResults":[{"hash":"ef9fe9c81968dccd5b41dbf355a40aed2f6a8faa","isMergeCommit":false,"messageTitle":"Level-3: Mark as Done","messageBody":"","tags":["Level-3"],"fileTypesAndContributionMap":{"java":{"insertions":64,"deletions":7}}}]},{"date":"2023-02-12","commitResults":[{"hash":"5e636e5e22fac14d274d66afdc093585e32cb755","isMergeCommit":false,"messageTitle":"Level-4: ToDo, Event, Deadline","messageBody":"","tags":["Level-4"],"fileTypesAndContributionMap":{"java":{"insertions":134,"deletions":20}}}]},{"date":"2023-02-20","commitResults":[{"hash":"c429dfe947b95e3da13429af9c3e3acdc257bc8f","isMergeCommit":false,"messageTitle":"Level-5: Handle Errors","messageBody":"","tags":["Level-5"],"fileTypesAndContributionMap":{"java":{"insertions":43,"deletions":11}}}]},{"date":"2023-03-05","commitResults":[{"hash":"d18f306722432c9c2009d1804ec5487f449ec10e","isMergeCommit":false,"messageTitle":"Level-6 Delete, Enums","messageBody":"","tags":["Level-6"],"fileTypesAndContributionMap":{"java":{"insertions":128,"deletions":57}}}]},{"date":"2023-03-12","commitResults":[{"hash":"7e2058b274e091500765d9d58856ff5ee2c0e3f4","isMergeCommit":false,"messageTitle":"save","messageBody":"","fileTypesAndContributionMap":{"txt":{"insertions":4,"deletions":0},"java":{"insertions":183,"deletions":20}}},{"hash":"e847e6b9717e1e35a2e6962201559a52389b63a2","isMergeCommit":false,"messageTitle":"OOP","messageBody":"","fileTypesAndContributionMap":{"txt":{"insertions":1,"deletions":0},"java":{"insertions":387,"deletions":296}}}]},{"date":"2023-03-18","commitResults":[{"hash":"fb09b3343ac932996f01fb2a58c3319e890be24d","isMergeCommit":false,"messageTitle":"packages","messageBody":"","fileTypesAndContributionMap":{"java":{"insertions":88,"deletions":16},"bat":{"insertions":1,"deletions":1},"md":{"insertions":2,"deletions":2}}}]},{"date":"2023-03-19","commitResults":[{"hash":"70e73cd8b11ffb3b96382f270be11c72873b4bba","isMergeCommit":false,"messageTitle":"moreOOP","messageBody":"","tags":["Level-7"],"fileTypesAndContributionMap":{"java":{"insertions":196,"deletions":137}}},{"hash":"4df0bc9914edb23f85c54e413efcb5643bbc7095","isMergeCommit":false,"messageTitle":"date and times","messageBody":"","fileTypesAndContributionMap":{"java":{"insertions":62,"deletions":36}}}]},{"date":"2023-03-25","commitResults":[{"hash":"e3264d2cfba3b060f28439a746a2135f08f92362","isMergeCommit":false,"messageTitle":"javadoc","messageBody":"","fileTypesAndContributionMap":{"java":{"insertions":224,"deletions":94}}},{"hash":"e2878a9c47ff8e0fc36104a34ab5c6e106a28a16","isMergeCommit":true,"messageTitle":"Merge commit \u0027556af3f47a96b32898ab4cdbd65b16486a4871e8\u0027","messageBody":"","fileTypesAndContributionMap":{}},{"hash":"35a3e3a868fb7e0e8d73b4d5ebc180beb89fbece","isMergeCommit":false,"messageTitle":"fix gradle mainclass","messageBody":"","fileTypesAndContributionMap":{"gradle":{"insertions":1,"deletions":1}}}]},{"date":"2023-03-26","commitResults":[{"hash":"c2869bae8035de3d1aed2db13123577f8578abf3","isMergeCommit":false,"messageTitle":"junit test cases","messageBody":"","tags":["Level-8"],"fileTypesAndContributionMap":{"java":{"insertions":143,"deletions":8}}}]},{"date":"2023-03-27","commitResults":[{"hash":"85a801201754f1617bbb6214a204ab58d06e5e04","isMergeCommit":false,"messageTitle":"allow editing of task first impl","messageBody":"","fileTypesAndContributionMap":{"txt":{"insertions":1,"deletions":1},"java":{"insertions":190,"deletions":44}}}]},{"date":"2023-03-30","commitResults":[{"hash":"8d9de20a20f3937f8e220b7b938fd12f3c8b53e3","isMergeCommit":false,"messageTitle":"coding standard","messageBody":"","fileTypesAndContributionMap":{"java":{"insertions":46,"deletions":54}}}]},{"date":"2023-03-31","commitResults":[{"hash":"93eab535a319cdbdc07fa2f17a923b235f89db17","isMergeCommit":false,"messageTitle":"code quality","messageBody":"","tags":["Level-9"],"fileTypesAndContributionMap":{"java":{"insertions":45,"deletions":45}}}]},{"date":"2023-04-02","commitResults":[{"hash":"f2f01c89f5c10cb04a94267245c356c87aabc4f4","isMergeCommit":false,"messageTitle":"reformat and assertions","messageBody":"","fileTypesAndContributionMap":{"java":{"insertions":129,"deletions":160}}},{"hash":"82aa97538556dd56c78bb5b03aaa1a9ac7e69b95","isMergeCommit":false,"messageTitle":"clone task","messageBody":"","fileTypesAndContributionMap":{"txt":{"insertions":1,"deletions":0},"java":{"insertions":56,"deletions":1}}},{"hash":"5cbdfc53500e20da7a631a87a472c1a9c9cbf230","isMergeCommit":false,"messageTitle":"bug fix","messageBody":"","fileTypesAndContributionMap":{"java":{"insertions":1,"deletions":1}}},{"hash":"21f2bd3da47f1857681088876d2f733ba3aa361c","isMergeCommit":false,"messageTitle":"find a task by a keyword","messageBody":"","fileTypesAndContributionMap":{"txt":{"insertions":3,"deletions":1},"java":{"insertions":99,"deletions":13}}}]},{"date":"2023-04-03","commitResults":[{"hash":"da4a1698eb0759dba447809a976afd79fde41092","isMergeCommit":false,"messageTitle":"jar file","messageBody":"","fileTypesAndContributionMap":{"gradle":{"insertions":11,"deletions":1}}}]},{"date":"2023-04-08","commitResults":[{"hash":"5f51c24cff74a9242662f9fcb8b3372f08e09b5d","isMergeCommit":false,"messageTitle":"code cleanup","messageBody":"","fileTypesAndContributionMap":{"txt":{"insertions":5,"deletions":0},"java":{"insertions":135,"deletions":162}}}]},{"date":"2023-04-09","commitResults":[{"hash":"84c2acd809379a846c0374b2f08a8e2b7a1caeff","isMergeCommit":false,"messageTitle":"bug fixes","messageBody":"","fileTypesAndContributionMap":{"txt":{"insertions":9,"deletions":10},"java":{"insertions":83,"deletions":83}}}]},{"date":"2023-04-15","commitResults":[{"hash":"c0eb2e944978f4f2f5b79331aa477617a6403872","isMergeCommit":false,"messageTitle":"bug fixes","messageBody":"","tags":["Level-10"],"fileTypesAndContributionMap":{"txt":{"insertions":8,"deletions":9},"java":{"insertions":83,"deletions":18}}}]}]},"authorFileTypeContributionMap":{"AnjanaGeorgez":{"java":1298,"md":2,"fxml":0,"sh":0,"bat":1,"gradle":11,"txt":11}},"authorContributionVariance":{"AnjanaGeorgez":15013.682},"authorDisplayNameMap":{"AnjanaGeorgez":"ANJA..ORGE"}}
