{"authorDailyContributionsMap":{"teojunhao":[{"date":"2023-02-16","commitResults":[{"hash":"67a5621e7e853c8966abac1b933ad584f74b8ef1","isMergeCommit":false,"messageTitle":"test","messageBody":"","fileTypesAndContributionMap":{"java":{"insertions":3,"deletions":1}}}]},{"date":"2023-03-30","commitResults":[{"hash":"adc6c85d7e6035addb53d7eb4c79766d9babb35b","isMergeCommit":false,"messageTitle":"no message","messageBody":"","fileTypesAndContributionMap":{"java":{"insertions":10,"deletions":0}}},{"hash":"d032495ec7e737abe6db56b93af8afd543a74d78","isMergeCommit":false,"messageTitle":"Level 1: Greet, Echo, Exit","messageBody":"","tags":["Level-1"],"fileTypesAndContributionMap":{"java":{"insertions":8,"deletions":4}}},{"hash":"c66da9ca137f854df9bb6231c876f22f95b03b3e","isMergeCommit":false,"messageTitle":"Level 2: Add, List","messageBody":"","tags":["Level-2"],"fileTypesAndContributionMap":{"java":{"insertions":13,"deletions":1}}},{"hash":"3f52ebff2ef06e30ef977f6fcd50d1af836830b4","isMergeCommit":false,"messageTitle":"no message","messageBody":"","fileTypesAndContributionMap":{"java":{"insertions":1,"deletions":1}}}]},{"date":"2023-04-15","commitResults":[{"hash":"5388368141067d1201f31917000c73c39455412b","isMergeCommit":false,"messageTitle":"Level-3","messageBody":"","tags":["Level-3"],"fileTypesAndContributionMap":{"java":{"insertions":40,"deletions":4}}}]},{"date":"2023-04-16","commitResults":[{"hash":"09d24e1c456cd103644a125ea0d78cda2f625ca9","isMergeCommit":false,"messageTitle":"Level 4: ToDos, Events, Deadlines","messageBody":"","tags":["Level-4"],"fileTypesAndContributionMap":{"java":{"insertions":79,"deletions":1}}}]},{"date":"2023-04-18","commitResults":[{"hash":"3588d296e66bcef2ea4c464a3f9ccd54e005616d","isMergeCommit":false,"messageTitle":"Level 5: Handle Errors","messageBody":"","tags":["Level-5"],"fileTypesAndContributionMap":{"java":{"insertions":90,"deletions":57}}}]},{"date":"2023-04-19","commitResults":[{"hash":"56b234b181bc84dda3a3edd524afef207a494f5a","isMergeCommit":false,"messageTitle":"Level 6: Delete","messageBody":"","tags":["Level-6"],"fileTypesAndContributionMap":{"java":{"insertions":25,"deletions":23}}}]},{"date":"2023-04-21","commitResults":[{"hash":"ca1788d630f94e41016bd8cf27c44005b42052a0","isMergeCommit":false,"messageTitle":"Level 7: Save","messageBody":"","tags":["Level-7"],"fileTypesAndContributionMap":{"txt":{"insertions":0,"deletions":0},"java":{"insertions":118,"deletions":0}}}]},{"date":"2023-04-23","commitResults":[{"hash":"c30060c7140539fbd5461c0d99f85fe74864e087","isMergeCommit":false,"messageTitle":"Level 7: Save [V2]","messageBody":"","tags":["Level-7-V2"],"fileTypesAndContributionMap":{"txt":{"insertions":4,"deletions":0},"java":{"insertions":602,"deletions":287}}},{"hash":"8813dbcb555b447c628afc20a0050d93ae7f6c85","isMergeCommit":false,"messageTitle":"Level 8: Dates and Times","messageBody":"","tags":["Level-8"],"fileTypesAndContributionMap":{"txt":{"insertions":1,"deletions":3},"java":{"insertions":124,"deletions":28}}},{"hash":"f46b0a3705de4c60c5ec6a09e22b59f7da3c99bf","isMergeCommit":true,"messageTitle":"Merge commit \u0027556af3f47a96b32898ab4cdbd65b16486a4871e8\u0027","messageBody":"","fileTypesAndContributionMap":{}},{"hash":"dc7fe3ea72b4922a77fab9f8e28d2792cb1d0afb","isMergeCommit":false,"messageTitle":"Level 8: Gradle \u0026 JUnit Testing","messageBody":"","tags":["Level-8-V2"],"fileTypesAndContributionMap":{"gradle":{"insertions":1,"deletions":1},"txt":{"insertions":3,"deletions":1},"java":{"insertions":232,"deletions":9}}},{"hash":"919df14cf8e61d2dcad2eaeb3cdaddca432cd7af","isMergeCommit":false,"messageTitle":"Level 9: Priority \u0026 Find","messageBody":"","tags":["Level-9"],"fileTypesAndContributionMap":{"txt":{"insertions":1,"deletions":1},"java":{"insertions":107,"deletions":9}}},{"hash":"2ab8dbff4e6390303e520af154a0621d68c4c134","isMergeCommit":false,"messageTitle":"Final Version","messageBody":"","tags":["Final"],"fileTypesAndContributionMap":{"gradle":{"insertions":14,"deletions":0},"txt":{"insertions":5,"deletions":4},"java":{"insertions":25,"deletions":9}}}]}]},"authorFileTypeContributionMap":{"teojunhao":{"java":1050,"md":0,"fxml":0,"sh":0,"bat":0,"gradle":15,"txt":5}},"authorContributionVariance":{"teojunhao":20716.76},"authorDisplayNameMap":{"teojunhao":"TEO .. HAO"}}
