[{"path":"src/main/java/Duke.java","fileType":"java","lines":[{"lineNumber":1,"author":{"gitId":"-"},"content":"public class Duke {","lastModifiedDate":"2019-07-29"},{"lineNumber":2,"author":{"gitId":"-"},"content":"    public static void main(String[] args) {","lastModifiedDate":"2019-07-29"},{"lineNumber":3,"author":{"gitId":"-"},"content":"        String logo \u003d \" ____        _        \\n\"","lastModifiedDate":"2019-07-29"},{"lineNumber":4,"author":{"gitId":"-"},"content":"                + \"|  _ \\\\ _   _| | _____ \\n\"","lastModifiedDate":"2019-07-29"},{"lineNumber":5,"author":{"gitId":"-"},"content":"                + \"| | | | | | | |/ / _ \\\\\\n\"","lastModifiedDate":"2019-07-29"},{"lineNumber":6,"author":{"gitId":"-"},"content":"                + \"| |_| | |_| |   \u003c  __/\\n\"","lastModifiedDate":"2019-07-29"},{"lineNumber":7,"author":{"gitId":"-"},"content":"                + \"|____/ \\\\__,_|_|\\\\_\\\\___|\\n\";","lastModifiedDate":"2019-07-29"},{"lineNumber":8,"author":{"gitId":"-"},"content":"        System.out.println(\"Hello from\\n\" + logo);","lastModifiedDate":"2019-07-29"},{"lineNumber":9,"author":{"gitId":"quaz96"},"content":"        ","lastModifiedDate":"2023-02-07"},{"lineNumber":10,"author":{"gitId":"quaz96"},"content":"        ","lastModifiedDate":"2023-02-13"},{"lineNumber":11,"author":{"gitId":"quaz96"},"content":"        //Start of chatbot","lastModifiedDate":"2023-02-10"},{"lineNumber":12,"author":{"gitId":"quaz96"},"content":"        System.out.println(\"Hello! I\u0027m Duke, the chatbot\");","lastModifiedDate":"2023-02-07"},{"lineNumber":13,"author":{"gitId":"quaz96"},"content":"        System.out.println(\"What can I do for you?\");","lastModifiedDate":"2023-02-07"},{"lineNumber":14,"author":{"gitId":"quaz96"},"content":"        //Create new array of tasks","lastModifiedDate":"2023-02-10"},{"lineNumber":15,"author":{"gitId":"quaz96"},"content":"        Task[] tasks \u003d new Task[100];","lastModifiedDate":"2023-02-13"},{"lineNumber":16,"author":{"gitId":"quaz96"},"content":"        //Create int count","lastModifiedDate":"2023-02-10"},{"lineNumber":17,"author":{"gitId":"quaz96"},"content":"        int countTasks \u003d 0;","lastModifiedDate":"2023-02-10"},{"lineNumber":18,"author":{"gitId":"quaz96"},"content":"        boolean toRun \u003d true;","lastModifiedDate":"2023-02-10"},{"lineNumber":19,"author":{"gitId":"quaz96"},"content":"        //Take an input/command","lastModifiedDate":"2023-02-10"},{"lineNumber":20,"author":{"gitId":"quaz96"},"content":"        while(toRun) {","lastModifiedDate":"2023-02-10"},{"lineNumber":21,"author":{"gitId":"quaz96"},"content":"            Scanner in \u003d new Scanner(System.in);","lastModifiedDate":"2023-02-07"},{"lineNumber":22,"author":{"gitId":"quaz96"},"content":"            String command \u003d in.nextLine().trim();","lastModifiedDate":"2023-02-10"},{"lineNumber":23,"author":{"gitId":"quaz96"},"content":"","lastModifiedDate":"2023-02-10"},{"lineNumber":24,"author":{"gitId":"quaz96"},"content":"            if (command.isEmpty()) {","lastModifiedDate":"2023-02-10"},{"lineNumber":25,"author":{"gitId":"quaz96"},"content":"                //if command is empty, call for other suggestions","lastModifiedDate":"2023-02-10"},{"lineNumber":26,"author":{"gitId":"quaz96"},"content":"                help();","lastModifiedDate":"2023-02-13"},{"lineNumber":27,"author":{"gitId":"quaz96"},"content":"            } else if (command.equalsIgnoreCase(\"List\")) {","lastModifiedDate":"2023-02-10"},{"lineNumber":28,"author":{"gitId":"quaz96"},"content":"                //Print out all the tasks in the list","lastModifiedDate":"2023-02-13"},{"lineNumber":29,"author":{"gitId":"quaz96"},"content":"                lists(tasks, countTasks);","lastModifiedDate":"2023-02-13"},{"lineNumber":30,"author":{"gitId":"quaz96"},"content":"            //To exit the program","lastModifiedDate":"2023-02-13"},{"lineNumber":31,"author":{"gitId":"quaz96"},"content":"            } else if (command.equalsIgnoreCase(\"bye\")) {","lastModifiedDate":"2023-02-10"},{"lineNumber":32,"author":{"gitId":"quaz96"},"content":"                System.out.println(\"Bye! Hope to see you again soon!\");","lastModifiedDate":"2023-02-07"},{"lineNumber":33,"author":{"gitId":"quaz96"},"content":"                toRun \u003d false;","lastModifiedDate":"2023-02-10"},{"lineNumber":34,"author":{"gitId":"quaz96"},"content":"            } else if (command.toLowerCase().startsWith(\"mark\") || command.toLowerCase().startsWith(\"unmark\")) {","lastModifiedDate":"2023-02-13"},{"lineNumber":35,"author":{"gitId":"quaz96"},"content":"                // to mark or not mark a certain task","lastModifiedDate":"2023-02-13"},{"lineNumber":36,"author":{"gitId":"quaz96"},"content":"                String[] splitCommand \u003d command.split(\" \");","lastModifiedDate":"2023-02-13"},{"lineNumber":37,"author":{"gitId":"quaz96"},"content":"                String statusName \u003d splitCommand[0].trim().toLowerCase();","lastModifiedDate":"2023-02-13"},{"lineNumber":38,"author":{"gitId":"quaz96"},"content":"                String positionNo \u003d splitCommand[1].trim();","lastModifiedDate":"2023-02-13"},{"lineNumber":39,"author":{"gitId":"quaz96"},"content":"                int digit \u003d Integer.parseInt(positionNo)-1;","lastModifiedDate":"2023-02-13"},{"lineNumber":40,"author":{"gitId":"quaz96"},"content":"                boolean toMark \u003d false;","lastModifiedDate":"2023-02-13"},{"lineNumber":41,"author":{"gitId":"quaz96"},"content":"                try {","lastModifiedDate":"2023-02-13"},{"lineNumber":42,"author":{"gitId":"quaz96"},"content":"                    if (statusName.equals(\"mark\")) {","lastModifiedDate":"2023-02-13"},{"lineNumber":43,"author":{"gitId":"quaz96"},"content":"                        toMark \u003d true;","lastModifiedDate":"2023-02-13"},{"lineNumber":44,"author":{"gitId":"quaz96"},"content":"                        status(tasks, toMark, digit);","lastModifiedDate":"2023-02-13"},{"lineNumber":45,"author":{"gitId":"quaz96"},"content":"                    } else if (statusName.equals(\"unmark\")) {","lastModifiedDate":"2023-02-13"},{"lineNumber":46,"author":{"gitId":"quaz96"},"content":"                        status(tasks, toMark, digit);","lastModifiedDate":"2023-02-13"},{"lineNumber":47,"author":{"gitId":"quaz96"},"content":"                    }","lastModifiedDate":"2023-02-13"},{"lineNumber":48,"author":{"gitId":"quaz96"},"content":"                } catch (IndexOutOfBoundsException e) { //if number given\u003e countTasks","lastModifiedDate":"2023-02-13"},{"lineNumber":49,"author":{"gitId":"quaz96"},"content":"                    System.out.println(\"Please give a valid task number that is within the list\");","lastModifiedDate":"2023-02-13"},{"lineNumber":50,"author":{"gitId":"quaz96"},"content":"                } catch (NumberFormatException e) {","lastModifiedDate":"2023-02-13"},{"lineNumber":51,"author":{"gitId":"quaz96"},"content":"                    System.out.println(\"Please give a task number to edit\");","lastModifiedDate":"2023-02-13"},{"lineNumber":52,"author":{"gitId":"quaz96"},"content":"                }","lastModifiedDate":"2023-02-13"},{"lineNumber":53,"author":{"gitId":"quaz96"},"content":"            } else {","lastModifiedDate":"2023-02-07"},{"lineNumber":54,"author":{"gitId":"quaz96"},"content":"                //store into array","lastModifiedDate":"2023-02-10"},{"lineNumber":55,"author":{"gitId":"quaz96"},"content":"                Task newtask \u003d new Task(command);","lastModifiedDate":"2023-02-13"},{"lineNumber":56,"author":{"gitId":"quaz96"},"content":"                tasks[countTasks] \u003d newtask;","lastModifiedDate":"2023-02-13"},{"lineNumber":57,"author":{"gitId":"quaz96"},"content":"                ++countTasks;","lastModifiedDate":"2023-02-10"},{"lineNumber":58,"author":{"gitId":"quaz96"},"content":"                System.out.println(\"Added: \" + command);","lastModifiedDate":"2023-02-10"},{"lineNumber":59,"author":{"gitId":"quaz96"},"content":"            }","lastModifiedDate":"2023-02-10"},{"lineNumber":60,"author":{"gitId":"quaz96"},"content":"        }","lastModifiedDate":"2023-02-07"},{"lineNumber":61,"author":{"gitId":"quaz96"},"content":"","lastModifiedDate":"2023-02-13"},{"lineNumber":62,"author":{"gitId":"-"},"content":"    }","lastModifiedDate":"2019-07-29"},{"lineNumber":63,"author":{"gitId":"quaz96"},"content":"","lastModifiedDate":"2023-02-13"},{"lineNumber":64,"author":{"gitId":"quaz96"},"content":"    //messages START","lastModifiedDate":"2023-02-13"},{"lineNumber":65,"author":{"gitId":"quaz96"},"content":"    public static void help(){","lastModifiedDate":"2023-02-13"},{"lineNumber":66,"author":{"gitId":"quaz96"},"content":"        System.out.println(\"Hi, it looks like you did not type anything.\");","lastModifiedDate":"2023-02-13"},{"lineNumber":67,"author":{"gitId":"quaz96"},"content":"        System.out.println(\"You may try the following commands:\");","lastModifiedDate":"2023-02-13"},{"lineNumber":68,"author":{"gitId":"quaz96"},"content":"        System.out.println(\"Enter List -\u003e to list all the tasks\");","lastModifiedDate":"2023-02-13"},{"lineNumber":69,"author":{"gitId":"quaz96"},"content":"        System.out.println(\"Enter Bye -\u003e to end the conversation\");","lastModifiedDate":"2023-02-13"},{"lineNumber":70,"author":{"gitId":"quaz96"},"content":"    }","lastModifiedDate":"2023-02-13"},{"lineNumber":71,"author":{"gitId":"quaz96"},"content":"    public static void lists(Task[] listOfTasks, int countTasks){","lastModifiedDate":"2023-02-13"},{"lineNumber":72,"author":{"gitId":"quaz96"},"content":"        int listNo\u003d0;","lastModifiedDate":"2023-02-13"},{"lineNumber":73,"author":{"gitId":"quaz96"},"content":"        System.out.println(\"Here are the tasks in your list:\");","lastModifiedDate":"2023-02-13"},{"lineNumber":74,"author":{"gitId":"quaz96"},"content":"        for (int i \u003d 0; i \u003c countTasks; i++) {","lastModifiedDate":"2023-02-13"},{"lineNumber":75,"author":{"gitId":"quaz96"},"content":"            ++listNo;","lastModifiedDate":"2023-02-13"},{"lineNumber":76,"author":{"gitId":"quaz96"},"content":"            System.out.println(listNo + \". \" + listOfTasks[i].toString());","lastModifiedDate":"2023-02-13"},{"lineNumber":77,"author":{"gitId":"quaz96"},"content":"        }","lastModifiedDate":"2023-02-13"},{"lineNumber":78,"author":{"gitId":"quaz96"},"content":"    }","lastModifiedDate":"2023-02-13"},{"lineNumber":79,"author":{"gitId":"quaz96"},"content":"    public static void status(Task[] chosenTask, boolean toMark, int digit) {","lastModifiedDate":"2023-02-13"},{"lineNumber":80,"author":{"gitId":"quaz96"},"content":"        if(toMark) {","lastModifiedDate":"2023-02-13"},{"lineNumber":81,"author":{"gitId":"quaz96"},"content":"            chosenTask[digit].mark();","lastModifiedDate":"2023-02-13"},{"lineNumber":82,"author":{"gitId":"quaz96"},"content":"            System.out.println(\"Nice! I\u0027ve marked this task as done:\");","lastModifiedDate":"2023-02-13"},{"lineNumber":83,"author":{"gitId":"quaz96"},"content":"        } else {","lastModifiedDate":"2023-02-13"},{"lineNumber":84,"author":{"gitId":"quaz96"},"content":"            chosenTask[digit].notMark();","lastModifiedDate":"2023-02-13"},{"lineNumber":85,"author":{"gitId":"quaz96"},"content":"            System.out.println(\"Ok, I\u0027ve marked this task as not done yet:\");","lastModifiedDate":"2023-02-13"},{"lineNumber":86,"author":{"gitId":"quaz96"},"content":"        }","lastModifiedDate":"2023-02-13"},{"lineNumber":87,"author":{"gitId":"quaz96"},"content":"        toMark \u003d false;","lastModifiedDate":"2023-02-13"},{"lineNumber":88,"author":{"gitId":"quaz96"},"content":"        String list \u003d Integer.toString(digit+1);","lastModifiedDate":"2023-02-13"},{"lineNumber":89,"author":{"gitId":"quaz96"},"content":"        System.out.println(list + \". \" + chosenTask[digit]);","lastModifiedDate":"2023-02-13"},{"lineNumber":90,"author":{"gitId":"quaz96"},"content":"    }","lastModifiedDate":"2023-02-13"},{"lineNumber":91,"author":{"gitId":"quaz96"},"content":"","lastModifiedDate":"2023-02-13"},{"lineNumber":92,"author":{"gitId":"quaz96"},"content":"    //messages END","lastModifiedDate":"2023-02-13"},{"lineNumber":93,"author":{"gitId":"-"},"content":"}","lastModifiedDate":"2019-07-29"}],"authorContributionMap":{"quaz96":83,"-":10}},{"path":"src/main/java/Task.java","fileType":"java","lines":[{"lineNumber":1,"author":{"gitId":"quaz96"},"content":"public class Task {","lastModifiedDate":"2023-02-13"},{"lineNumber":2,"author":{"gitId":"quaz96"},"content":"    protected String description;","lastModifiedDate":"2023-02-13"},{"lineNumber":3,"author":{"gitId":"quaz96"},"content":"    protected boolean isDone;","lastModifiedDate":"2023-02-13"},{"lineNumber":4,"author":{"gitId":"quaz96"},"content":"","lastModifiedDate":"2023-02-13"},{"lineNumber":5,"author":{"gitId":"quaz96"},"content":"    public Task(String description) {","lastModifiedDate":"2023-02-13"},{"lineNumber":6,"author":{"gitId":"quaz96"},"content":"        this.description \u003d description;","lastModifiedDate":"2023-02-13"},{"lineNumber":7,"author":{"gitId":"quaz96"},"content":"        this.isDone \u003d false;","lastModifiedDate":"2023-02-13"},{"lineNumber":8,"author":{"gitId":"quaz96"},"content":"    }","lastModifiedDate":"2023-02-13"},{"lineNumber":9,"author":{"gitId":"quaz96"},"content":"","lastModifiedDate":"2023-02-13"},{"lineNumber":10,"author":{"gitId":"quaz96"},"content":"    public void mark() {","lastModifiedDate":"2023-02-13"},{"lineNumber":11,"author":{"gitId":"quaz96"},"content":"        isDone \u003d true;","lastModifiedDate":"2023-02-13"},{"lineNumber":12,"author":{"gitId":"quaz96"},"content":"    }","lastModifiedDate":"2023-02-13"},{"lineNumber":13,"author":{"gitId":"quaz96"},"content":"","lastModifiedDate":"2023-02-13"},{"lineNumber":14,"author":{"gitId":"quaz96"},"content":"    public void notMark() {","lastModifiedDate":"2023-02-13"},{"lineNumber":15,"author":{"gitId":"quaz96"},"content":"        isDone \u003d false;","lastModifiedDate":"2023-02-13"},{"lineNumber":16,"author":{"gitId":"quaz96"},"content":"    }","lastModifiedDate":"2023-02-13"},{"lineNumber":17,"author":{"gitId":"quaz96"},"content":"","lastModifiedDate":"2023-02-13"},{"lineNumber":18,"author":{"gitId":"quaz96"},"content":"    public String getStatusIcon() {","lastModifiedDate":"2023-02-13"},{"lineNumber":19,"author":{"gitId":"quaz96"},"content":"        if (isDone) {","lastModifiedDate":"2023-02-13"},{"lineNumber":20,"author":{"gitId":"quaz96"},"content":"            return \"[X]\";","lastModifiedDate":"2023-02-13"},{"lineNumber":21,"author":{"gitId":"quaz96"},"content":"        } else {","lastModifiedDate":"2023-02-13"},{"lineNumber":22,"author":{"gitId":"quaz96"},"content":"            return \"[ ]\";","lastModifiedDate":"2023-02-13"},{"lineNumber":23,"author":{"gitId":"quaz96"},"content":"        }","lastModifiedDate":"2023-02-13"},{"lineNumber":24,"author":{"gitId":"quaz96"},"content":"    }","lastModifiedDate":"2023-02-13"},{"lineNumber":25,"author":{"gitId":"quaz96"},"content":"","lastModifiedDate":"2023-02-13"},{"lineNumber":26,"author":{"gitId":"quaz96"},"content":"    //https://www.freecodecamp.org/news/java-array-methods-how-to-print-an-array-in-java/","lastModifiedDate":"2023-02-13"},{"lineNumber":27,"author":{"gitId":"quaz96"},"content":"    @Override","lastModifiedDate":"2023-02-13"},{"lineNumber":28,"author":{"gitId":"quaz96"},"content":"    public String toString(){","lastModifiedDate":"2023-02-13"},{"lineNumber":29,"author":{"gitId":"quaz96"},"content":"        return getStatusIcon() + \" \" + description;","lastModifiedDate":"2023-02-13"},{"lineNumber":30,"author":{"gitId":"quaz96"},"content":"    }","lastModifiedDate":"2023-02-13"},{"lineNumber":31,"author":{"gitId":"quaz96"},"content":"","lastModifiedDate":"2023-02-13"},{"lineNumber":32,"author":{"gitId":"quaz96"},"content":"","lastModifiedDate":"2023-02-13"},{"lineNumber":33,"author":{"gitId":"quaz96"},"content":"}","lastModifiedDate":"2023-02-13"}],"authorContributionMap":{"quaz96":33}}]
