[{"path":"data/duke.txt","fileType":"txt","lines":[{"lineNumber":1,"author":{"gitId":"quaz96"},"content":"T | 0 | borrow book","lastModifiedDate":"2023-04-02"},{"lineNumber":2,"author":{"gitId":"quaz96"},"content":"D | 0 | return book |  sunday","lastModifiedDate":"2023-04-02"},{"lineNumber":3,"author":{"gitId":"quaz96"},"content":"E | 0 | project meeting | mon 2pm-4pm","lastModifiedDate":"2023-04-02"}],"authorContributionMap":{"quaz96":3}},{"path":"src/main/java/Duke.java","fileType":"java","lines":[{"lineNumber":1,"author":{"gitId":"quaz96"},"content":"//import duke.exception.DukeException;","lastModifiedDate":"2023-04-04"},{"lineNumber":2,"author":{"gitId":"quaz96"},"content":"","lastModifiedDate":"2023-04-04"},{"lineNumber":3,"author":{"gitId":"quaz96"},"content":"import exception.DukeException;","lastModifiedDate":"2023-04-04"},{"lineNumber":4,"author":{"gitId":"quaz96"},"content":"import ui.Ui;","lastModifiedDate":"2023-04-04"},{"lineNumber":5,"author":{"gitId":"quaz96"},"content":"import task.TaskList;","lastModifiedDate":"2023-04-04"},{"lineNumber":6,"author":{"gitId":"quaz96"},"content":"import storage.Storage;","lastModifiedDate":"2023-04-04"},{"lineNumber":7,"author":{"gitId":"quaz96"},"content":"import command.*;","lastModifiedDate":"2023-04-04"},{"lineNumber":8,"author":{"gitId":"quaz96"},"content":"import parser.Parser;","lastModifiedDate":"2023-04-04"},{"lineNumber":9,"author":{"gitId":"quaz96"},"content":"import java.io.IOException;","lastModifiedDate":"2023-04-02"},{"lineNumber":10,"author":{"gitId":"quaz96"},"content":"","lastModifiedDate":"2023-04-04"},{"lineNumber":11,"author":{"gitId":"quaz96"},"content":"","lastModifiedDate":"2023-03-04"},{"lineNumber":12,"author":{"gitId":"quaz96"},"content":"//DUKE","lastModifiedDate":"2023-04-02"},{"lineNumber":13,"author":{"gitId":"-"},"content":"public class Duke {","lastModifiedDate":"2019-07-29"},{"lineNumber":14,"author":{"gitId":"quaz96"},"content":"","lastModifiedDate":"2023-04-02"},{"lineNumber":15,"author":{"gitId":"quaz96"},"content":"    private Ui ui;","lastModifiedDate":"2023-04-04"},{"lineNumber":16,"author":{"gitId":"quaz96"},"content":"    private Storage storage;","lastModifiedDate":"2023-04-04"},{"lineNumber":17,"author":{"gitId":"quaz96"},"content":"    private TaskList tasks;","lastModifiedDate":"2023-04-04"},{"lineNumber":18,"author":{"gitId":"quaz96"},"content":"    //DUKE","lastModifiedDate":"2023-04-02"},{"lineNumber":19,"author":{"gitId":"quaz96"},"content":"","lastModifiedDate":"2023-04-02"},{"lineNumber":20,"author":{"gitId":"quaz96"},"content":"    public Duke(String filePath){","lastModifiedDate":"2023-04-04"},{"lineNumber":21,"author":{"gitId":"quaz96"},"content":"        ui \u003d new Ui();","lastModifiedDate":"2023-04-04"},{"lineNumber":22,"author":{"gitId":"quaz96"},"content":"        storage \u003d new Storage(filePath);","lastModifiedDate":"2023-04-04"},{"lineNumber":23,"author":{"gitId":"quaz96"},"content":"        //if (storage.exists() ) {","lastModifiedDate":"2023-04-04"},{"lineNumber":24,"author":{"gitId":"quaz96"},"content":"            tasks \u003d new TaskList(storage.load());","lastModifiedDate":"2023-04-04"},{"lineNumber":25,"author":{"gitId":"quaz96"},"content":"        /*} else {","lastModifiedDate":"2023-04-04"},{"lineNumber":26,"author":{"gitId":"quaz96"},"content":"            ui.showLoadingError();","lastModifiedDate":"2023-04-04"},{"lineNumber":27,"author":{"gitId":"quaz96"},"content":"            tasks \u003d new TaskList();","lastModifiedDate":"2023-04-04"},{"lineNumber":28,"author":{"gitId":"quaz96"},"content":"        }*/","lastModifiedDate":"2023-04-04"},{"lineNumber":29,"author":{"gitId":"quaz96"},"content":"    }","lastModifiedDate":"2023-04-04"},{"lineNumber":30,"author":{"gitId":"quaz96"},"content":"","lastModifiedDate":"2023-04-04"},{"lineNumber":31,"author":{"gitId":"quaz96"},"content":"    public void run()  {","lastModifiedDate":"2023-04-04"},{"lineNumber":32,"author":{"gitId":"quaz96"},"content":"        ui.greeting();","lastModifiedDate":"2023-04-04"},{"lineNumber":33,"author":{"gitId":"quaz96"},"content":"        boolean isExit \u003d false;","lastModifiedDate":"2023-04-04"},{"lineNumber":34,"author":{"gitId":"quaz96"},"content":"","lastModifiedDate":"2023-04-04"},{"lineNumber":35,"author":{"gitId":"quaz96"},"content":"        while (!isExit) {","lastModifiedDate":"2023-04-04"},{"lineNumber":36,"author":{"gitId":"quaz96"},"content":"            //try {","lastModifiedDate":"2023-04-04"},{"lineNumber":37,"author":{"gitId":"quaz96"},"content":"                String fullCommand \u003d ui.input();","lastModifiedDate":"2023-04-04"},{"lineNumber":38,"author":{"gitId":"quaz96"},"content":"                ui.printMsg(\"----------------------\"); // show the divider line","lastModifiedDate":"2023-04-04"},{"lineNumber":39,"author":{"gitId":"quaz96"},"content":"                Commands c \u003d Parser.parse(fullCommand);","lastModifiedDate":"2023-04-04"},{"lineNumber":40,"author":{"gitId":"quaz96"},"content":"                c.execute(tasks, ui, storage);","lastModifiedDate":"2023-04-04"},{"lineNumber":41,"author":{"gitId":"quaz96"},"content":"                storage.saveToFile(tasks.getTasks());","lastModifiedDate":"2023-04-04"},{"lineNumber":42,"author":{"gitId":"quaz96"},"content":"                isExit \u003d c.isExit();","lastModifiedDate":"2023-04-04"},{"lineNumber":43,"author":{"gitId":"quaz96"},"content":"           /* } catch (IOException e ){","lastModifiedDate":"2023-04-04"},{"lineNumber":44,"author":{"gitId":"quaz96"},"content":"                ui.printMsg(\"ERROR\");","lastModifiedDate":"2023-04-04"},{"lineNumber":45,"author":{"gitId":"quaz96"},"content":"                continue;","lastModifiedDate":"2023-03-23"},{"lineNumber":46,"author":{"gitId":"quaz96"},"content":"            } finally {","lastModifiedDate":"2023-04-04"},{"lineNumber":47,"author":{"gitId":"quaz96"},"content":"                ui.printMsg(\"----------------------\");","lastModifiedDate":"2023-04-04"},{"lineNumber":48,"author":{"gitId":"quaz96"},"content":"            }*/","lastModifiedDate":"2023-04-04"},{"lineNumber":49,"author":{"gitId":"quaz96"},"content":"        }","lastModifiedDate":"2023-04-02"},{"lineNumber":50,"author":{"gitId":"quaz96"},"content":"","lastModifiedDate":"2023-04-02"},{"lineNumber":51,"author":{"gitId":"quaz96"},"content":"    }","lastModifiedDate":"2023-03-23"},{"lineNumber":52,"author":{"gitId":"quaz96"},"content":"","lastModifiedDate":"2023-04-02"},{"lineNumber":53,"author":{"gitId":"-"},"content":"    public static void main(String[] args) {","lastModifiedDate":"2023-04-04"},{"lineNumber":54,"author":{"gitId":"quaz96"},"content":"        new Duke(\"data\\\\duke.txt\").run();","lastModifiedDate":"2023-04-04"},{"lineNumber":55,"author":{"gitId":"-"},"content":"    }","lastModifiedDate":"2023-02-13"},{"lineNumber":56,"author":{"gitId":"-"},"content":"}","lastModifiedDate":"2019-07-29"}],"authorContributionMap":{"quaz96":52,"-":4}},{"path":"src/main/java/command/ByeCommand.java","fileType":"java","lines":[{"lineNumber":1,"author":{"gitId":"quaz96"},"content":"package command;","lastModifiedDate":"2023-04-04"},{"lineNumber":2,"author":{"gitId":"quaz96"},"content":"","lastModifiedDate":"2023-04-04"},{"lineNumber":3,"author":{"gitId":"quaz96"},"content":"import storage.Storage;","lastModifiedDate":"2023-04-04"},{"lineNumber":4,"author":{"gitId":"quaz96"},"content":"import task.TaskList;","lastModifiedDate":"2023-04-04"},{"lineNumber":5,"author":{"gitId":"quaz96"},"content":"import ui.Ui;","lastModifiedDate":"2023-04-04"},{"lineNumber":6,"author":{"gitId":"quaz96"},"content":"","lastModifiedDate":"2023-04-04"},{"lineNumber":7,"author":{"gitId":"quaz96"},"content":"public class ByeCommand extends Commands {","lastModifiedDate":"2023-04-04"},{"lineNumber":8,"author":{"gitId":"quaz96"},"content":"    private static boolean exit \u003d false;","lastModifiedDate":"2023-04-04"},{"lineNumber":9,"author":{"gitId":"quaz96"},"content":"    public static boolean exit() {","lastModifiedDate":"2023-04-04"},{"lineNumber":10,"author":{"gitId":"quaz96"},"content":"        return exit;","lastModifiedDate":"2023-04-04"},{"lineNumber":11,"author":{"gitId":"quaz96"},"content":"    }","lastModifiedDate":"2023-04-04"},{"lineNumber":12,"author":{"gitId":"quaz96"},"content":"    @Override","lastModifiedDate":"2023-04-04"},{"lineNumber":13,"author":{"gitId":"quaz96"},"content":"    public void execute(TaskList tasks, Ui ui, Storage storage) {","lastModifiedDate":"2023-04-04"},{"lineNumber":14,"author":{"gitId":"quaz96"},"content":"        ui.printMsg(\"GoodBye! Have a great day :)\");","lastModifiedDate":"2023-04-04"},{"lineNumber":15,"author":{"gitId":"quaz96"},"content":"        exit \u003d true;","lastModifiedDate":"2023-04-04"},{"lineNumber":16,"author":{"gitId":"quaz96"},"content":"    }","lastModifiedDate":"2023-04-04"},{"lineNumber":17,"author":{"gitId":"quaz96"},"content":"","lastModifiedDate":"2023-04-04"},{"lineNumber":18,"author":{"gitId":"quaz96"},"content":"}","lastModifiedDate":"2023-04-04"}],"authorContributionMap":{"quaz96":18}},{"path":"src/main/java/command/Commands.java","fileType":"java","lines":[{"lineNumber":1,"author":{"gitId":"quaz96"},"content":"package command;","lastModifiedDate":"2023-04-04"},{"lineNumber":2,"author":{"gitId":"quaz96"},"content":"","lastModifiedDate":"2023-04-04"},{"lineNumber":3,"author":{"gitId":"quaz96"},"content":"import task.TaskList;","lastModifiedDate":"2023-04-04"},{"lineNumber":4,"author":{"gitId":"quaz96"},"content":"import ui.Ui;","lastModifiedDate":"2023-04-04"},{"lineNumber":5,"author":{"gitId":"quaz96"},"content":"import storage.Storage;","lastModifiedDate":"2023-04-04"},{"lineNumber":6,"author":{"gitId":"quaz96"},"content":"","lastModifiedDate":"2023-04-04"},{"lineNumber":7,"author":{"gitId":"quaz96"},"content":"public class Commands {","lastModifiedDate":"2023-04-04"},{"lineNumber":8,"author":{"gitId":"quaz96"},"content":"    protected Commands command;","lastModifiedDate":"2023-04-04"},{"lineNumber":9,"author":{"gitId":"quaz96"},"content":"    public boolean exitTime\u003dfalse;","lastModifiedDate":"2023-04-04"},{"lineNumber":10,"author":{"gitId":"quaz96"},"content":"","lastModifiedDate":"2023-04-04"},{"lineNumber":11,"author":{"gitId":"quaz96"},"content":"    public void execute(TaskList tasks, Ui ui, Storage storage) {","lastModifiedDate":"2023-04-04"},{"lineNumber":12,"author":{"gitId":"quaz96"},"content":"","lastModifiedDate":"2023-04-04"},{"lineNumber":13,"author":{"gitId":"quaz96"},"content":"    }","lastModifiedDate":"2023-04-04"},{"lineNumber":14,"author":{"gitId":"quaz96"},"content":"","lastModifiedDate":"2023-04-04"},{"lineNumber":15,"author":{"gitId":"quaz96"},"content":"    public boolean isExit() {","lastModifiedDate":"2023-04-04"},{"lineNumber":16,"author":{"gitId":"quaz96"},"content":"        return this.exitTime;","lastModifiedDate":"2023-04-04"},{"lineNumber":17,"author":{"gitId":"quaz96"},"content":"    }","lastModifiedDate":"2023-04-04"},{"lineNumber":18,"author":{"gitId":"quaz96"},"content":"","lastModifiedDate":"2023-04-04"},{"lineNumber":19,"author":{"gitId":"quaz96"},"content":"","lastModifiedDate":"2023-04-04"},{"lineNumber":20,"author":{"gitId":"quaz96"},"content":"}","lastModifiedDate":"2023-04-04"}],"authorContributionMap":{"quaz96":20}},{"path":"src/main/java/command/DeadlineCommand.java","fileType":"java","lines":[{"lineNumber":1,"author":{"gitId":"quaz96"},"content":"package command;","lastModifiedDate":"2023-04-04"},{"lineNumber":2,"author":{"gitId":"quaz96"},"content":"","lastModifiedDate":"2023-04-04"},{"lineNumber":3,"author":{"gitId":"quaz96"},"content":"import storage.Storage;","lastModifiedDate":"2023-04-04"},{"lineNumber":4,"author":{"gitId":"quaz96"},"content":"import task.TaskList;","lastModifiedDate":"2023-04-04"},{"lineNumber":5,"author":{"gitId":"quaz96"},"content":"import ui.Ui;","lastModifiedDate":"2023-04-04"},{"lineNumber":6,"author":{"gitId":"quaz96"},"content":"","lastModifiedDate":"2023-04-04"},{"lineNumber":7,"author":{"gitId":"quaz96"},"content":"public class DeadlineCommand extends Commands{","lastModifiedDate":"2023-04-04"},{"lineNumber":8,"author":{"gitId":"quaz96"},"content":"    protected String by;","lastModifiedDate":"2023-04-04"},{"lineNumber":9,"author":{"gitId":"quaz96"},"content":"    protected String description;","lastModifiedDate":"2023-04-04"},{"lineNumber":10,"author":{"gitId":"quaz96"},"content":"","lastModifiedDate":"2023-04-04"},{"lineNumber":11,"author":{"gitId":"quaz96"},"content":"    public DeadlineCommand(String description, String by) {","lastModifiedDate":"2023-04-04"},{"lineNumber":12,"author":{"gitId":"quaz96"},"content":"        this.description \u003d description;","lastModifiedDate":"2023-04-04"},{"lineNumber":13,"author":{"gitId":"quaz96"},"content":"        this.by \u003d by;","lastModifiedDate":"2023-04-04"},{"lineNumber":14,"author":{"gitId":"quaz96"},"content":"    }","lastModifiedDate":"2023-04-04"},{"lineNumber":15,"author":{"gitId":"quaz96"},"content":"","lastModifiedDate":"2023-04-04"},{"lineNumber":16,"author":{"gitId":"quaz96"},"content":"    @Override","lastModifiedDate":"2023-04-04"},{"lineNumber":17,"author":{"gitId":"quaz96"},"content":"    public void execute(TaskList tasks, Ui ui, Storage storage) {","lastModifiedDate":"2023-04-04"},{"lineNumber":18,"author":{"gitId":"quaz96"},"content":"        Ui.addedTaskMsg();","lastModifiedDate":"2023-04-04"},{"lineNumber":19,"author":{"gitId":"quaz96"},"content":"        tasks.addDeadline(description, by);","lastModifiedDate":"2023-04-04"},{"lineNumber":20,"author":{"gitId":"quaz96"},"content":"        Ui.printMsg(tasks.taskslist.get(tasks.taskslist.size()-1).toString());","lastModifiedDate":"2023-04-04"},{"lineNumber":21,"author":{"gitId":"quaz96"},"content":"        Ui.printMsg(\"Number of tasks in the list \u003d \" + tasks.taskslist.size());","lastModifiedDate":"2023-04-04"},{"lineNumber":22,"author":{"gitId":"quaz96"},"content":"    }","lastModifiedDate":"2023-04-04"},{"lineNumber":23,"author":{"gitId":"quaz96"},"content":"","lastModifiedDate":"2023-04-04"},{"lineNumber":24,"author":{"gitId":"quaz96"},"content":"}","lastModifiedDate":"2023-04-04"}],"authorContributionMap":{"quaz96":24}},{"path":"src/main/java/command/DeleteCommand.java","fileType":"java","lines":[{"lineNumber":1,"author":{"gitId":"quaz96"},"content":"package command;","lastModifiedDate":"2023-04-04"},{"lineNumber":2,"author":{"gitId":"quaz96"},"content":"","lastModifiedDate":"2023-04-04"},{"lineNumber":3,"author":{"gitId":"quaz96"},"content":"import storage.Storage;","lastModifiedDate":"2023-04-04"},{"lineNumber":4,"author":{"gitId":"quaz96"},"content":"import task.TaskList;","lastModifiedDate":"2023-04-04"},{"lineNumber":5,"author":{"gitId":"quaz96"},"content":"import ui.Ui;","lastModifiedDate":"2023-04-04"},{"lineNumber":6,"author":{"gitId":"quaz96"},"content":"","lastModifiedDate":"2023-04-04"},{"lineNumber":7,"author":{"gitId":"quaz96"},"content":"public class DeleteCommand extends Commands{","lastModifiedDate":"2023-04-04"},{"lineNumber":8,"author":{"gitId":"quaz96"},"content":"    protected int posNo;","lastModifiedDate":"2023-04-04"},{"lineNumber":9,"author":{"gitId":"quaz96"},"content":"","lastModifiedDate":"2023-04-04"},{"lineNumber":10,"author":{"gitId":"quaz96"},"content":"    public DeleteCommand(int posNo){","lastModifiedDate":"2023-04-04"},{"lineNumber":11,"author":{"gitId":"quaz96"},"content":"        this.posNo \u003d posNo;","lastModifiedDate":"2023-04-04"},{"lineNumber":12,"author":{"gitId":"quaz96"},"content":"    }","lastModifiedDate":"2023-04-04"},{"lineNumber":13,"author":{"gitId":"quaz96"},"content":"","lastModifiedDate":"2023-04-04"},{"lineNumber":14,"author":{"gitId":"quaz96"},"content":"    @Override","lastModifiedDate":"2023-04-04"},{"lineNumber":15,"author":{"gitId":"quaz96"},"content":"    public void execute(TaskList tasks, Ui ui, Storage storage) {","lastModifiedDate":"2023-04-04"},{"lineNumber":16,"author":{"gitId":"quaz96"},"content":"        ui.printMsg(\"Noted. I\u0027ve removed this task:\");","lastModifiedDate":"2023-04-04"},{"lineNumber":17,"author":{"gitId":"quaz96"},"content":"        tasks.delete(posNo);","lastModifiedDate":"2023-04-04"},{"lineNumber":18,"author":{"gitId":"quaz96"},"content":"        Ui.printMsg(\"Number of tasks in the list \u003d \" + tasks.taskslist.size());","lastModifiedDate":"2023-04-04"},{"lineNumber":19,"author":{"gitId":"quaz96"},"content":"    }","lastModifiedDate":"2023-04-04"},{"lineNumber":20,"author":{"gitId":"quaz96"},"content":"","lastModifiedDate":"2023-04-04"},{"lineNumber":21,"author":{"gitId":"quaz96"},"content":"}","lastModifiedDate":"2023-04-04"}],"authorContributionMap":{"quaz96":21}},{"path":"src/main/java/command/ErrorCommand.java","fileType":"java","lines":[{"lineNumber":1,"author":{"gitId":"quaz96"},"content":"package command;","lastModifiedDate":"2023-04-04"},{"lineNumber":2,"author":{"gitId":"quaz96"},"content":"","lastModifiedDate":"2023-04-04"},{"lineNumber":3,"author":{"gitId":"quaz96"},"content":"import storage.Storage;","lastModifiedDate":"2023-04-04"},{"lineNumber":4,"author":{"gitId":"quaz96"},"content":"import task.TaskList;","lastModifiedDate":"2023-04-04"},{"lineNumber":5,"author":{"gitId":"quaz96"},"content":"import ui.Ui;","lastModifiedDate":"2023-04-04"},{"lineNumber":6,"author":{"gitId":"quaz96"},"content":"","lastModifiedDate":"2023-04-04"},{"lineNumber":7,"author":{"gitId":"quaz96"},"content":"public class ErrorCommand extends Commands{","lastModifiedDate":"2023-04-04"},{"lineNumber":8,"author":{"gitId":"quaz96"},"content":"    protected String input;","lastModifiedDate":"2023-04-04"},{"lineNumber":9,"author":{"gitId":"quaz96"},"content":"","lastModifiedDate":"2023-04-04"},{"lineNumber":10,"author":{"gitId":"quaz96"},"content":"    public ErrorCommand(String input){","lastModifiedDate":"2023-04-04"},{"lineNumber":11,"author":{"gitId":"quaz96"},"content":"        this.input \u003d input;","lastModifiedDate":"2023-04-04"},{"lineNumber":12,"author":{"gitId":"quaz96"},"content":"    }","lastModifiedDate":"2023-04-04"},{"lineNumber":13,"author":{"gitId":"quaz96"},"content":"","lastModifiedDate":"2023-04-04"},{"lineNumber":14,"author":{"gitId":"quaz96"},"content":"    @Override","lastModifiedDate":"2023-04-04"},{"lineNumber":15,"author":{"gitId":"quaz96"},"content":"    public void execute(TaskList tasks, Ui ui, Storage storage) {","lastModifiedDate":"2023-04-04"},{"lineNumber":16,"author":{"gitId":"quaz96"},"content":"        ui.printMsg(\"Invalid command :(\");","lastModifiedDate":"2023-04-04"},{"lineNumber":17,"author":{"gitId":"quaz96"},"content":"    }","lastModifiedDate":"2023-04-04"},{"lineNumber":18,"author":{"gitId":"quaz96"},"content":"","lastModifiedDate":"2023-04-04"},{"lineNumber":19,"author":{"gitId":"quaz96"},"content":"}","lastModifiedDate":"2023-04-04"}],"authorContributionMap":{"quaz96":19}},{"path":"src/main/java/command/EventCommand.java","fileType":"java","lines":[{"lineNumber":1,"author":{"gitId":"quaz96"},"content":"package command;","lastModifiedDate":"2023-04-04"},{"lineNumber":2,"author":{"gitId":"quaz96"},"content":"","lastModifiedDate":"2023-04-04"},{"lineNumber":3,"author":{"gitId":"quaz96"},"content":"import storage.Storage;","lastModifiedDate":"2023-04-04"},{"lineNumber":4,"author":{"gitId":"quaz96"},"content":"import task.TaskList;","lastModifiedDate":"2023-04-04"},{"lineNumber":5,"author":{"gitId":"quaz96"},"content":"import ui.Ui;","lastModifiedDate":"2023-04-04"},{"lineNumber":6,"author":{"gitId":"quaz96"},"content":"","lastModifiedDate":"2023-04-04"},{"lineNumber":7,"author":{"gitId":"quaz96"},"content":"public class EventCommand extends Commands{","lastModifiedDate":"2023-04-04"},{"lineNumber":8,"author":{"gitId":"quaz96"},"content":"    protected String description;","lastModifiedDate":"2023-04-04"},{"lineNumber":9,"author":{"gitId":"quaz96"},"content":"    protected String from;","lastModifiedDate":"2023-04-04"},{"lineNumber":10,"author":{"gitId":"quaz96"},"content":"    protected String to;","lastModifiedDate":"2023-04-04"},{"lineNumber":11,"author":{"gitId":"quaz96"},"content":"","lastModifiedDate":"2023-04-04"},{"lineNumber":12,"author":{"gitId":"quaz96"},"content":"    public EventCommand(String description, String from, String to){","lastModifiedDate":"2023-04-04"},{"lineNumber":13,"author":{"gitId":"quaz96"},"content":"        this.description \u003d description;","lastModifiedDate":"2023-04-04"},{"lineNumber":14,"author":{"gitId":"quaz96"},"content":"        this.from \u003d from;","lastModifiedDate":"2023-04-04"},{"lineNumber":15,"author":{"gitId":"quaz96"},"content":"        this.to \u003d to;","lastModifiedDate":"2023-04-04"},{"lineNumber":16,"author":{"gitId":"quaz96"},"content":"    }","lastModifiedDate":"2023-04-04"},{"lineNumber":17,"author":{"gitId":"quaz96"},"content":"","lastModifiedDate":"2023-04-04"},{"lineNumber":18,"author":{"gitId":"quaz96"},"content":"    @Override","lastModifiedDate":"2023-04-04"},{"lineNumber":19,"author":{"gitId":"quaz96"},"content":"    public void execute(TaskList tasks, Ui ui, Storage storage) {","lastModifiedDate":"2023-04-04"},{"lineNumber":20,"author":{"gitId":"quaz96"},"content":"        Ui.addedTaskMsg();","lastModifiedDate":"2023-04-04"},{"lineNumber":21,"author":{"gitId":"quaz96"},"content":"        tasks.addEvent(description, from, to);","lastModifiedDate":"2023-04-04"},{"lineNumber":22,"author":{"gitId":"quaz96"},"content":"        Ui.printMsg(tasks.taskslist.get(tasks.taskslist.size()-1).toString());","lastModifiedDate":"2023-04-04"},{"lineNumber":23,"author":{"gitId":"quaz96"},"content":"        Ui.printMsg(\"Number of tasks in the list \u003d \" + tasks.taskslist.size());","lastModifiedDate":"2023-04-04"},{"lineNumber":24,"author":{"gitId":"quaz96"},"content":"    }","lastModifiedDate":"2023-04-04"},{"lineNumber":25,"author":{"gitId":"quaz96"},"content":"","lastModifiedDate":"2023-04-04"},{"lineNumber":26,"author":{"gitId":"quaz96"},"content":"}","lastModifiedDate":"2023-04-04"}],"authorContributionMap":{"quaz96":26}},{"path":"src/main/java/command/MarkCommand.java","fileType":"java","lines":[{"lineNumber":1,"author":{"gitId":"quaz96"},"content":"package command;","lastModifiedDate":"2023-04-04"},{"lineNumber":2,"author":{"gitId":"quaz96"},"content":"","lastModifiedDate":"2023-04-04"},{"lineNumber":3,"author":{"gitId":"quaz96"},"content":"import storage.Storage;","lastModifiedDate":"2023-04-04"},{"lineNumber":4,"author":{"gitId":"quaz96"},"content":"import task.TaskList;","lastModifiedDate":"2023-04-04"},{"lineNumber":5,"author":{"gitId":"quaz96"},"content":"import ui.Ui;","lastModifiedDate":"2023-04-04"},{"lineNumber":6,"author":{"gitId":"quaz96"},"content":"","lastModifiedDate":"2023-04-04"},{"lineNumber":7,"author":{"gitId":"quaz96"},"content":"public class MarkCommand extends Commands{","lastModifiedDate":"2023-04-04"},{"lineNumber":8,"author":{"gitId":"quaz96"},"content":"    protected int posNo;","lastModifiedDate":"2023-04-04"},{"lineNumber":9,"author":{"gitId":"quaz96"},"content":"","lastModifiedDate":"2023-04-04"},{"lineNumber":10,"author":{"gitId":"quaz96"},"content":"    public MarkCommand(int posNo){","lastModifiedDate":"2023-04-04"},{"lineNumber":11,"author":{"gitId":"quaz96"},"content":"        this.posNo \u003d posNo;","lastModifiedDate":"2023-04-04"},{"lineNumber":12,"author":{"gitId":"quaz96"},"content":"    }","lastModifiedDate":"2023-04-04"},{"lineNumber":13,"author":{"gitId":"quaz96"},"content":"","lastModifiedDate":"2023-04-04"},{"lineNumber":14,"author":{"gitId":"quaz96"},"content":"    @Override","lastModifiedDate":"2023-04-04"},{"lineNumber":15,"author":{"gitId":"quaz96"},"content":"    public void execute(TaskList tasks, Ui ui, Storage storage) {","lastModifiedDate":"2023-04-04"},{"lineNumber":16,"author":{"gitId":"quaz96"},"content":"        tasks.taskslist.get(posNo).mark();","lastModifiedDate":"2023-04-04"},{"lineNumber":17,"author":{"gitId":"quaz96"},"content":"        ui.printMsg(\"Ok, I\u0027ve marked this task as not done yet:\" + tasks.taskslist.get(posNo).toString());","lastModifiedDate":"2023-04-04"},{"lineNumber":18,"author":{"gitId":"quaz96"},"content":"    }","lastModifiedDate":"2023-04-04"},{"lineNumber":19,"author":{"gitId":"quaz96"},"content":"}","lastModifiedDate":"2023-04-04"}],"authorContributionMap":{"quaz96":19}},{"path":"src/main/java/command/TodoCommand.java","fileType":"java","lines":[{"lineNumber":1,"author":{"gitId":"quaz96"},"content":"package command;","lastModifiedDate":"2023-04-04"},{"lineNumber":2,"author":{"gitId":"quaz96"},"content":"","lastModifiedDate":"2023-04-04"},{"lineNumber":3,"author":{"gitId":"quaz96"},"content":"import storage.Storage;","lastModifiedDate":"2023-04-04"},{"lineNumber":4,"author":{"gitId":"quaz96"},"content":"import task.TaskList;","lastModifiedDate":"2023-04-04"},{"lineNumber":5,"author":{"gitId":"quaz96"},"content":"import ui.Ui;","lastModifiedDate":"2023-04-04"},{"lineNumber":6,"author":{"gitId":"quaz96"},"content":"","lastModifiedDate":"2023-04-04"},{"lineNumber":7,"author":{"gitId":"quaz96"},"content":"public class TodoCommand extends Commands{","lastModifiedDate":"2023-04-04"},{"lineNumber":8,"author":{"gitId":"quaz96"},"content":"    protected String description;","lastModifiedDate":"2023-04-04"},{"lineNumber":9,"author":{"gitId":"quaz96"},"content":"","lastModifiedDate":"2023-04-04"},{"lineNumber":10,"author":{"gitId":"quaz96"},"content":"    public TodoCommand(String description){","lastModifiedDate":"2023-04-04"},{"lineNumber":11,"author":{"gitId":"quaz96"},"content":"        this.description \u003d description;","lastModifiedDate":"2023-04-04"},{"lineNumber":12,"author":{"gitId":"quaz96"},"content":"    }","lastModifiedDate":"2023-04-04"},{"lineNumber":13,"author":{"gitId":"quaz96"},"content":"","lastModifiedDate":"2023-04-04"},{"lineNumber":14,"author":{"gitId":"quaz96"},"content":"    @Override","lastModifiedDate":"2023-04-04"},{"lineNumber":15,"author":{"gitId":"quaz96"},"content":"    public void execute(TaskList tasks, Ui ui, Storage storage) {","lastModifiedDate":"2023-04-04"},{"lineNumber":16,"author":{"gitId":"quaz96"},"content":"        Ui.addedTaskMsg();","lastModifiedDate":"2023-04-04"},{"lineNumber":17,"author":{"gitId":"quaz96"},"content":"        tasks.addTodo(description);","lastModifiedDate":"2023-04-04"},{"lineNumber":18,"author":{"gitId":"quaz96"},"content":"        Ui.printMsg(tasks.taskslist.get(tasks.taskslist.size()-1).toString());","lastModifiedDate":"2023-04-04"},{"lineNumber":19,"author":{"gitId":"quaz96"},"content":"        Ui.printMsg(\"Number of tasks in the list \u003d \" + tasks.taskslist.size());","lastModifiedDate":"2023-04-04"},{"lineNumber":20,"author":{"gitId":"quaz96"},"content":"    }","lastModifiedDate":"2023-04-04"},{"lineNumber":21,"author":{"gitId":"quaz96"},"content":"","lastModifiedDate":"2023-04-04"},{"lineNumber":22,"author":{"gitId":"quaz96"},"content":"}","lastModifiedDate":"2023-04-04"}],"authorContributionMap":{"quaz96":22}},{"path":"src/main/java/command/UnmarkCommand.java","fileType":"java","lines":[{"lineNumber":1,"author":{"gitId":"quaz96"},"content":"package command;","lastModifiedDate":"2023-04-04"},{"lineNumber":2,"author":{"gitId":"quaz96"},"content":"","lastModifiedDate":"2023-04-04"},{"lineNumber":3,"author":{"gitId":"quaz96"},"content":"import storage.Storage;","lastModifiedDate":"2023-04-04"},{"lineNumber":4,"author":{"gitId":"quaz96"},"content":"import task.TaskList;","lastModifiedDate":"2023-04-04"},{"lineNumber":5,"author":{"gitId":"quaz96"},"content":"import ui.Ui;","lastModifiedDate":"2023-04-04"},{"lineNumber":6,"author":{"gitId":"quaz96"},"content":"","lastModifiedDate":"2023-04-04"},{"lineNumber":7,"author":{"gitId":"quaz96"},"content":"public class UnmarkCommand extends Commands{","lastModifiedDate":"2023-04-04"},{"lineNumber":8,"author":{"gitId":"quaz96"},"content":"","lastModifiedDate":"2023-04-04"},{"lineNumber":9,"author":{"gitId":"quaz96"},"content":"    protected int posNo;","lastModifiedDate":"2023-04-04"},{"lineNumber":10,"author":{"gitId":"quaz96"},"content":"","lastModifiedDate":"2023-04-04"},{"lineNumber":11,"author":{"gitId":"quaz96"},"content":"    public UnmarkCommand(int posNo){","lastModifiedDate":"2023-04-04"},{"lineNumber":12,"author":{"gitId":"quaz96"},"content":"        this.posNo \u003d posNo;","lastModifiedDate":"2023-04-04"},{"lineNumber":13,"author":{"gitId":"quaz96"},"content":"    }","lastModifiedDate":"2023-04-04"},{"lineNumber":14,"author":{"gitId":"quaz96"},"content":"","lastModifiedDate":"2023-04-04"},{"lineNumber":15,"author":{"gitId":"quaz96"},"content":"    @Override","lastModifiedDate":"2023-04-04"},{"lineNumber":16,"author":{"gitId":"quaz96"},"content":"    public void execute(TaskList tasks, Ui ui, Storage storage) {","lastModifiedDate":"2023-04-04"},{"lineNumber":17,"author":{"gitId":"quaz96"},"content":"        tasks.taskslist.get(posNo).notMark();","lastModifiedDate":"2023-04-04"},{"lineNumber":18,"author":{"gitId":"quaz96"},"content":"        ui.printMsg(\"Ok, I\u0027ve marked this task as not done yet:\" + tasks.taskslist.get(posNo).toString());","lastModifiedDate":"2023-04-04"},{"lineNumber":19,"author":{"gitId":"quaz96"},"content":"    }","lastModifiedDate":"2023-04-04"},{"lineNumber":20,"author":{"gitId":"quaz96"},"content":"}","lastModifiedDate":"2023-04-04"}],"authorContributionMap":{"quaz96":20}},{"path":"src/main/java/command/listArray.java","fileType":"java","lines":[{"lineNumber":1,"author":{"gitId":"quaz96"},"content":"package command;","lastModifiedDate":"2023-04-04"},{"lineNumber":2,"author":{"gitId":"quaz96"},"content":"","lastModifiedDate":"2023-04-04"},{"lineNumber":3,"author":{"gitId":"quaz96"},"content":"import task.Task;","lastModifiedDate":"2023-04-04"},{"lineNumber":4,"author":{"gitId":"quaz96"},"content":"import task.TaskList;","lastModifiedDate":"2023-04-04"},{"lineNumber":5,"author":{"gitId":"quaz96"},"content":"import ui.Ui;","lastModifiedDate":"2023-04-04"},{"lineNumber":6,"author":{"gitId":"quaz96"},"content":"import storage.Storage;","lastModifiedDate":"2023-04-04"},{"lineNumber":7,"author":{"gitId":"quaz96"},"content":"public class listArray extends Commands {","lastModifiedDate":"2023-04-04"},{"lineNumber":8,"author":{"gitId":"quaz96"},"content":"","lastModifiedDate":"2023-04-04"},{"lineNumber":9,"author":{"gitId":"quaz96"},"content":"    @Override","lastModifiedDate":"2023-04-04"},{"lineNumber":10,"author":{"gitId":"quaz96"},"content":"    public void execute(TaskList tasks, Ui ui, Storage storage) {","lastModifiedDate":"2023-04-04"},{"lineNumber":11,"author":{"gitId":"quaz96"},"content":"         ui.lists(tasks.getTasks());","lastModifiedDate":"2023-04-04"},{"lineNumber":12,"author":{"gitId":"quaz96"},"content":"    }","lastModifiedDate":"2023-04-04"},{"lineNumber":13,"author":{"gitId":"quaz96"},"content":"","lastModifiedDate":"2023-04-04"},{"lineNumber":14,"author":{"gitId":"quaz96"},"content":"}","lastModifiedDate":"2023-04-04"}],"authorContributionMap":{"quaz96":14}},{"path":"src/main/java/exception/DukeException.java","fileType":"java","lines":[{"lineNumber":1,"author":{"gitId":"quaz96"},"content":"package exception;","lastModifiedDate":"2023-04-04"},{"lineNumber":2,"author":{"gitId":"quaz96"},"content":"","lastModifiedDate":"2023-04-04"},{"lineNumber":3,"author":{"gitId":"quaz96"},"content":"public class DukeException extends Exception{","lastModifiedDate":"2023-04-04"},{"lineNumber":4,"author":{"gitId":"quaz96"},"content":"   //public String errMsg;","lastModifiedDate":"2023-04-04"},{"lineNumber":5,"author":{"gitId":"quaz96"},"content":"    public DukeException (){","lastModifiedDate":"2023-04-04"},{"lineNumber":6,"author":{"gitId":"quaz96"},"content":"","lastModifiedDate":"2023-04-04"},{"lineNumber":7,"author":{"gitId":"quaz96"},"content":"    }","lastModifiedDate":"2023-04-04"},{"lineNumber":8,"author":{"gitId":"quaz96"},"content":"}","lastModifiedDate":"2023-04-04"}],"authorContributionMap":{"quaz96":8}},{"path":"src/main/java/parser/Parser.java","fileType":"java","lines":[{"lineNumber":1,"author":{"gitId":"quaz96"},"content":"package parser;","lastModifiedDate":"2023-04-04"},{"lineNumber":2,"author":{"gitId":"quaz96"},"content":"","lastModifiedDate":"2023-04-04"},{"lineNumber":3,"author":{"gitId":"quaz96"},"content":"import command.*;","lastModifiedDate":"2023-04-04"},{"lineNumber":4,"author":{"gitId":"quaz96"},"content":"import exception.DukeException;","lastModifiedDate":"2023-04-04"},{"lineNumber":5,"author":{"gitId":"quaz96"},"content":"import ui.Ui;","lastModifiedDate":"2023-04-04"},{"lineNumber":6,"author":{"gitId":"quaz96"},"content":"import storage.Storage;","lastModifiedDate":"2023-04-04"},{"lineNumber":7,"author":{"gitId":"quaz96"},"content":"","lastModifiedDate":"2023-04-04"},{"lineNumber":8,"author":{"gitId":"quaz96"},"content":"public class Parser {","lastModifiedDate":"2023-04-04"},{"lineNumber":9,"author":{"gitId":"quaz96"},"content":"","lastModifiedDate":"2023-04-04"},{"lineNumber":10,"author":{"gitId":"quaz96"},"content":"    public static Commands parse(String input) {","lastModifiedDate":"2023-04-04"},{"lineNumber":11,"author":{"gitId":"quaz96"},"content":"        String[] givenCommand \u003d input.split(\" \");","lastModifiedDate":"2023-04-04"},{"lineNumber":12,"author":{"gitId":"quaz96"},"content":"        String firstCommand \u003d givenCommand[0];","lastModifiedDate":"2023-04-04"},{"lineNumber":13,"author":{"gitId":"quaz96"},"content":"","lastModifiedDate":"2023-04-04"},{"lineNumber":14,"author":{"gitId":"quaz96"},"content":"        try {","lastModifiedDate":"2023-04-04"},{"lineNumber":15,"author":{"gitId":"quaz96"},"content":"            switch (firstCommand) {","lastModifiedDate":"2023-04-04"},{"lineNumber":16,"author":{"gitId":"quaz96"},"content":"                /*case \"help\":","lastModifiedDate":"2023-04-04"},{"lineNumber":17,"author":{"gitId":"quaz96"},"content":"                    return new Ui.help();*/","lastModifiedDate":"2023-04-04"},{"lineNumber":18,"author":{"gitId":"quaz96"},"content":"                case \"list\":","lastModifiedDate":"2023-04-04"},{"lineNumber":19,"author":{"gitId":"quaz96"},"content":"                    return new listArray();","lastModifiedDate":"2023-04-04"},{"lineNumber":20,"author":{"gitId":"quaz96"},"content":"                case \"bye\":","lastModifiedDate":"2023-04-04"},{"lineNumber":21,"author":{"gitId":"quaz96"},"content":"                    return new ByeCommand();","lastModifiedDate":"2023-04-04"},{"lineNumber":22,"author":{"gitId":"quaz96"},"content":"                case \"mark\":","lastModifiedDate":"2023-04-04"},{"lineNumber":23,"author":{"gitId":"quaz96"},"content":"                    String markPosNo \u003d givenCommand[1].trim();","lastModifiedDate":"2023-04-04"},{"lineNumber":24,"author":{"gitId":"quaz96"},"content":"                    int markNum \u003d Integer.parseInt(markPosNo) - 1;","lastModifiedDate":"2023-04-04"},{"lineNumber":25,"author":{"gitId":"quaz96"},"content":"                    return new MarkCommand(markNum);","lastModifiedDate":"2023-04-04"},{"lineNumber":26,"author":{"gitId":"quaz96"},"content":"                case \"unmark\":","lastModifiedDate":"2023-04-04"},{"lineNumber":27,"author":{"gitId":"quaz96"},"content":"                    String posNo \u003d givenCommand[1].trim();","lastModifiedDate":"2023-04-04"},{"lineNumber":28,"author":{"gitId":"quaz96"},"content":"                    int num \u003d Integer.parseInt(posNo) - 1;","lastModifiedDate":"2023-04-04"},{"lineNumber":29,"author":{"gitId":"quaz96"},"content":"                    return new UnmarkCommand(num);","lastModifiedDate":"2023-04-04"},{"lineNumber":30,"author":{"gitId":"quaz96"},"content":"                case \"deadline\":","lastModifiedDate":"2023-04-04"},{"lineNumber":31,"author":{"gitId":"quaz96"},"content":"                    String[] givenBy \u003d input.split(\"/by\"); // split the command at /by","lastModifiedDate":"2023-04-04"},{"lineNumber":32,"author":{"gitId":"quaz96"},"content":"                    String lastDay \u003d givenBy[1]; // get the due date/day","lastModifiedDate":"2023-04-04"},{"lineNumber":33,"author":{"gitId":"quaz96"},"content":"                    String deadLineTask \u003d givenBy[0].replace(\"deadline\", \"\").trim(); //remove deadline to get the task","lastModifiedDate":"2023-04-04"},{"lineNumber":34,"author":{"gitId":"quaz96"},"content":"                    return new DeadlineCommand(deadLineTask, lastDay);","lastModifiedDate":"2023-04-04"},{"lineNumber":35,"author":{"gitId":"quaz96"},"content":"                case \"todo\":","lastModifiedDate":"2023-04-04"},{"lineNumber":36,"author":{"gitId":"quaz96"},"content":"                    String[] splitTask \u003d input.split(\" \", 2); //split by min 2 array","lastModifiedDate":"2023-04-04"},{"lineNumber":37,"author":{"gitId":"quaz96"},"content":"                    String todoTask \u003d splitTask[1]; //get description","lastModifiedDate":"2023-04-04"},{"lineNumber":38,"author":{"gitId":"quaz96"},"content":"                    return new TodoCommand(todoTask);","lastModifiedDate":"2023-04-04"},{"lineNumber":39,"author":{"gitId":"quaz96"},"content":"                case \"event\":","lastModifiedDate":"2023-04-04"},{"lineNumber":40,"author":{"gitId":"quaz96"},"content":"                    String[] givenFrom \u003d input.split(\"/from\"); // split the command at /from","lastModifiedDate":"2023-04-04"},{"lineNumber":41,"author":{"gitId":"quaz96"},"content":"                    String eventTask \u003d givenFrom[0].replace(\"event\", \"\").trim();//remove event to get the task","lastModifiedDate":"2023-04-04"},{"lineNumber":42,"author":{"gitId":"quaz96"},"content":"                    String[] fromTo \u003d givenFrom[1].split(\"/to\"); //split at /to to get from and to","lastModifiedDate":"2023-04-04"},{"lineNumber":43,"author":{"gitId":"quaz96"},"content":"                    String fromEvent \u003d fromTo[0].trim(); //get the from","lastModifiedDate":"2023-04-04"},{"lineNumber":44,"author":{"gitId":"quaz96"},"content":"                    String toEvent \u003d fromTo[1].trim(); // get the to","lastModifiedDate":"2023-04-04"},{"lineNumber":45,"author":{"gitId":"quaz96"},"content":"                    return new EventCommand(eventTask, fromEvent, toEvent);","lastModifiedDate":"2023-04-04"},{"lineNumber":46,"author":{"gitId":"quaz96"},"content":"                case \"delete\":","lastModifiedDate":"2023-04-04"},{"lineNumber":47,"author":{"gitId":"quaz96"},"content":"                    String[] splitDelete \u003d input.split(\" \", 2); //split by min 2 array","lastModifiedDate":"2023-04-04"},{"lineNumber":48,"author":{"gitId":"quaz96"},"content":"                    String deleteTask \u003d splitDelete[1].trim(); //get the position","lastModifiedDate":"2023-04-04"},{"lineNumber":49,"author":{"gitId":"quaz96"},"content":"                    int selectedNum \u003d Integer.parseInt(deleteTask) - 1;","lastModifiedDate":"2023-04-04"},{"lineNumber":50,"author":{"gitId":"quaz96"},"content":"                    return new DeleteCommand(selectedNum);","lastModifiedDate":"2023-04-04"},{"lineNumber":51,"author":{"gitId":"quaz96"},"content":"                default:","lastModifiedDate":"2023-04-04"},{"lineNumber":52,"author":{"gitId":"quaz96"},"content":"                    throw new DukeException();","lastModifiedDate":"2023-04-04"},{"lineNumber":53,"author":{"gitId":"quaz96"},"content":"            }","lastModifiedDate":"2023-04-04"},{"lineNumber":54,"author":{"gitId":"quaz96"},"content":"        } catch (DukeException e) {","lastModifiedDate":"2023-04-04"},{"lineNumber":55,"author":{"gitId":"quaz96"},"content":"            Ui.showLoadingError();","lastModifiedDate":"2023-04-04"},{"lineNumber":56,"author":{"gitId":"quaz96"},"content":"        }","lastModifiedDate":"2023-04-04"},{"lineNumber":57,"author":{"gitId":"quaz96"},"content":"        return new ErrorCommand(input);","lastModifiedDate":"2023-04-04"},{"lineNumber":58,"author":{"gitId":"quaz96"},"content":"    }","lastModifiedDate":"2023-04-04"},{"lineNumber":59,"author":{"gitId":"quaz96"},"content":"","lastModifiedDate":"2023-04-04"},{"lineNumber":60,"author":{"gitId":"quaz96"},"content":"}","lastModifiedDate":"2023-04-04"}],"authorContributionMap":{"quaz96":60}},{"path":"src/main/java/storage/Storage.java","fileType":"java","lines":[{"lineNumber":1,"author":{"gitId":"quaz96"},"content":"package storage;","lastModifiedDate":"2023-04-04"},{"lineNumber":2,"author":{"gitId":"quaz96"},"content":"","lastModifiedDate":"2023-04-04"},{"lineNumber":3,"author":{"gitId":"quaz96"},"content":"import java.io.*;","lastModifiedDate":"2023-04-04"},{"lineNumber":4,"author":{"gitId":"quaz96"},"content":"import java.util.Scanner;","lastModifiedDate":"2023-04-04"},{"lineNumber":5,"author":{"gitId":"quaz96"},"content":"import java.util.ArrayList;","lastModifiedDate":"2023-04-04"},{"lineNumber":6,"author":{"gitId":"quaz96"},"content":"import java.util.Arrays;","lastModifiedDate":"2023-04-04"},{"lineNumber":7,"author":{"gitId":"quaz96"},"content":"import task.Deadline;","lastModifiedDate":"2023-04-04"},{"lineNumber":8,"author":{"gitId":"quaz96"},"content":"import task.ToDo;","lastModifiedDate":"2023-04-04"},{"lineNumber":9,"author":{"gitId":"quaz96"},"content":"import task.Event;","lastModifiedDate":"2023-04-04"},{"lineNumber":10,"author":{"gitId":"quaz96"},"content":"import task.Task;","lastModifiedDate":"2023-04-04"},{"lineNumber":11,"author":{"gitId":"quaz96"},"content":"","lastModifiedDate":"2023-04-04"},{"lineNumber":12,"author":{"gitId":"quaz96"},"content":"public class Storage {","lastModifiedDate":"2023-04-04"},{"lineNumber":13,"author":{"gitId":"quaz96"},"content":"    private static File f;","lastModifiedDate":"2023-04-04"},{"lineNumber":14,"author":{"gitId":"quaz96"},"content":"    private static String filePath;","lastModifiedDate":"2023-04-04"},{"lineNumber":15,"author":{"gitId":"quaz96"},"content":"    private static FileWriter fileWriter;","lastModifiedDate":"2023-04-04"},{"lineNumber":16,"author":{"gitId":"quaz96"},"content":"    private static BufferedWriter bW;","lastModifiedDate":"2023-04-04"},{"lineNumber":17,"author":{"gitId":"quaz96"},"content":"","lastModifiedDate":"2023-04-04"},{"lineNumber":18,"author":{"gitId":"quaz96"},"content":"    //Create File START","lastModifiedDate":"2023-04-04"},{"lineNumber":19,"author":{"gitId":"quaz96"},"content":"    public Storage(String filePath) {","lastModifiedDate":"2023-04-04"},{"lineNumber":20,"author":{"gitId":"quaz96"},"content":"        this.filePath \u003d filePath;","lastModifiedDate":"2023-04-04"},{"lineNumber":21,"author":{"gitId":"quaz96"},"content":"        f \u003d new File(filePath);","lastModifiedDate":"2023-04-04"},{"lineNumber":22,"author":{"gitId":"quaz96"},"content":"    }","lastModifiedDate":"2023-04-04"},{"lineNumber":23,"author":{"gitId":"quaz96"},"content":"    //Create File END","lastModifiedDate":"2023-04-04"},{"lineNumber":24,"author":{"gitId":"quaz96"},"content":"","lastModifiedDate":"2023-04-04"},{"lineNumber":25,"author":{"gitId":"quaz96"},"content":"    //Save tasks to file START","lastModifiedDate":"2023-04-04"},{"lineNumber":26,"author":{"gitId":"quaz96"},"content":"    public static void saveToFile(ArrayList\u003cTask\u003e list) {","lastModifiedDate":"2023-04-04"},{"lineNumber":27,"author":{"gitId":"quaz96"},"content":"","lastModifiedDate":"2023-04-04"},{"lineNumber":28,"author":{"gitId":"quaz96"},"content":"        try {","lastModifiedDate":"2023-04-04"},{"lineNumber":29,"author":{"gitId":"quaz96"},"content":"            File f \u003d new File(filePath);","lastModifiedDate":"2023-04-04"},{"lineNumber":30,"author":{"gitId":"quaz96"},"content":"            if (f.exists()) {","lastModifiedDate":"2023-04-04"},{"lineNumber":31,"author":{"gitId":"quaz96"},"content":"                System.out.println(\"File is already created\");","lastModifiedDate":"2023-04-04"},{"lineNumber":32,"author":{"gitId":"quaz96"},"content":"            } else {","lastModifiedDate":"2023-04-04"},{"lineNumber":33,"author":{"gitId":"quaz96"},"content":"                f.createNewFile();","lastModifiedDate":"2023-04-04"},{"lineNumber":34,"author":{"gitId":"quaz96"},"content":"                System.out.println(\"File created successfully\");","lastModifiedDate":"2023-04-04"},{"lineNumber":35,"author":{"gitId":"quaz96"},"content":"            }","lastModifiedDate":"2023-04-04"},{"lineNumber":36,"author":{"gitId":"quaz96"},"content":"","lastModifiedDate":"2023-04-04"},{"lineNumber":37,"author":{"gitId":"quaz96"},"content":"            FileWriter fileWriter \u003d new FileWriter(filePath);","lastModifiedDate":"2023-04-04"},{"lineNumber":38,"author":{"gitId":"quaz96"},"content":"            BufferedWriter bW \u003d new BufferedWriter(fileWriter);","lastModifiedDate":"2023-04-04"},{"lineNumber":39,"author":{"gitId":"quaz96"},"content":"            String toSaveList \u003d \"\";","lastModifiedDate":"2023-04-04"},{"lineNumber":40,"author":{"gitId":"quaz96"},"content":"","lastModifiedDate":"2023-04-04"},{"lineNumber":41,"author":{"gitId":"quaz96"},"content":"            for (int i \u003d 0; i \u003c list.size(); i++) {","lastModifiedDate":"2023-04-04"},{"lineNumber":42,"author":{"gitId":"quaz96"},"content":"                toSaveList \u003d list.get(i).toSave();","lastModifiedDate":"2023-04-04"},{"lineNumber":43,"author":{"gitId":"quaz96"},"content":"                bW.write(toSaveList);","lastModifiedDate":"2023-04-04"},{"lineNumber":44,"author":{"gitId":"quaz96"},"content":"                bW.newLine();","lastModifiedDate":"2023-04-04"},{"lineNumber":45,"author":{"gitId":"quaz96"},"content":"                //System.out.println(\"Task saved successfully\");","lastModifiedDate":"2023-04-04"},{"lineNumber":46,"author":{"gitId":"quaz96"},"content":"            }","lastModifiedDate":"2023-04-04"},{"lineNumber":47,"author":{"gitId":"quaz96"},"content":"            bW.close();","lastModifiedDate":"2023-04-04"},{"lineNumber":48,"author":{"gitId":"quaz96"},"content":"        } catch (IOException e) {","lastModifiedDate":"2023-04-04"},{"lineNumber":49,"author":{"gitId":"quaz96"},"content":"            System.out.println(\"Save to file Error\");","lastModifiedDate":"2023-04-04"},{"lineNumber":50,"author":{"gitId":"quaz96"},"content":"        }","lastModifiedDate":"2023-04-04"},{"lineNumber":51,"author":{"gitId":"quaz96"},"content":"    }","lastModifiedDate":"2023-04-04"},{"lineNumber":52,"author":{"gitId":"quaz96"},"content":"    //Save tasks to file END","lastModifiedDate":"2023-04-04"},{"lineNumber":53,"author":{"gitId":"quaz96"},"content":"","lastModifiedDate":"2023-04-04"},{"lineNumber":54,"author":{"gitId":"quaz96"},"content":"    //Load tasks START","lastModifiedDate":"2023-04-04"},{"lineNumber":55,"author":{"gitId":"quaz96"},"content":"    public static ArrayList\u003cTask\u003e load() {","lastModifiedDate":"2023-04-04"},{"lineNumber":56,"author":{"gitId":"quaz96"},"content":"        ArrayList\u003cTask\u003e loadList \u003d new ArrayList\u003cTask\u003e();","lastModifiedDate":"2023-04-04"},{"lineNumber":57,"author":{"gitId":"quaz96"},"content":"        ","lastModifiedDate":"2023-04-04"},{"lineNumber":58,"author":{"gitId":"quaz96"},"content":"        try {","lastModifiedDate":"2023-04-04"},{"lineNumber":59,"author":{"gitId":"quaz96"},"content":"            FileReader fR \u003d new FileReader(filePath);","lastModifiedDate":"2023-04-04"},{"lineNumber":60,"author":{"gitId":"quaz96"},"content":"            BufferedReader bR \u003d new BufferedReader(fR);","lastModifiedDate":"2023-04-04"},{"lineNumber":61,"author":{"gitId":"quaz96"},"content":"","lastModifiedDate":"2023-04-04"},{"lineNumber":62,"author":{"gitId":"quaz96"},"content":"            int count \u003d0;","lastModifiedDate":"2023-04-04"},{"lineNumber":63,"author":{"gitId":"quaz96"},"content":"            Scanner sc \u003d new Scanner(f);","lastModifiedDate":"2023-04-04"},{"lineNumber":64,"author":{"gitId":"quaz96"},"content":"            while (sc.hasNextLine()) {","lastModifiedDate":"2023-04-04"},{"lineNumber":65,"author":{"gitId":"quaz96"},"content":"                String input \u003d sc.nextLine();","lastModifiedDate":"2023-04-04"},{"lineNumber":66,"author":{"gitId":"quaz96"},"content":"                String[] aLine \u003d input.split(\"\\\\Q|\\\\E\");","lastModifiedDate":"2023-04-04"},{"lineNumber":67,"author":{"gitId":"quaz96"},"content":"","lastModifiedDate":"2023-04-04"},{"lineNumber":68,"author":{"gitId":"quaz96"},"content":"                if (aLine[0].equals(\"D\")) {","lastModifiedDate":"2023-04-04"},{"lineNumber":69,"author":{"gitId":"quaz96"},"content":"                    loadList.add(count, new Deadline(aLine[2], aLine[3]));","lastModifiedDate":"2023-04-04"},{"lineNumber":70,"author":{"gitId":"quaz96"},"content":"                    //check status","lastModifiedDate":"2023-04-04"},{"lineNumber":71,"author":{"gitId":"quaz96"},"content":"                    if (aLine[1].equals(\"1\")) {","lastModifiedDate":"2023-04-04"},{"lineNumber":72,"author":{"gitId":"quaz96"},"content":"                        loadList.get(count).mark();","lastModifiedDate":"2023-04-04"},{"lineNumber":73,"author":{"gitId":"quaz96"},"content":"                    }","lastModifiedDate":"2023-04-04"},{"lineNumber":74,"author":{"gitId":"quaz96"},"content":"                    ++count;","lastModifiedDate":"2023-04-04"},{"lineNumber":75,"author":{"gitId":"quaz96"},"content":"                } else if (aLine[0].equals(\"T\")) {","lastModifiedDate":"2023-04-04"},{"lineNumber":76,"author":{"gitId":"quaz96"},"content":"                    loadList.add(count, new ToDo(aLine[2]));","lastModifiedDate":"2023-04-04"},{"lineNumber":77,"author":{"gitId":"quaz96"},"content":"                    //check status","lastModifiedDate":"2023-04-04"},{"lineNumber":78,"author":{"gitId":"quaz96"},"content":"                    if (aLine[1].equals(\"1\")) {","lastModifiedDate":"2023-04-04"},{"lineNumber":79,"author":{"gitId":"quaz96"},"content":"                        loadList.get(count).mark();","lastModifiedDate":"2023-04-04"},{"lineNumber":80,"author":{"gitId":"quaz96"},"content":"                    }","lastModifiedDate":"2023-04-04"},{"lineNumber":81,"author":{"gitId":"quaz96"},"content":"                    ++count;","lastModifiedDate":"2023-04-04"},{"lineNumber":82,"author":{"gitId":"quaz96"},"content":"                } else if (aLine[0].equals(\"E\")) {","lastModifiedDate":"2023-04-04"},{"lineNumber":83,"author":{"gitId":"quaz96"},"content":"                    String[] time \u003d aLine[3].split(\"-\");","lastModifiedDate":"2023-04-04"},{"lineNumber":84,"author":{"gitId":"quaz96"},"content":"                    loadList.add(count, new Event(aLine[2], time[0], time[1]));","lastModifiedDate":"2023-04-04"},{"lineNumber":85,"author":{"gitId":"quaz96"},"content":"                    //check status","lastModifiedDate":"2023-04-04"},{"lineNumber":86,"author":{"gitId":"quaz96"},"content":"                    if (aLine[1].equals(\"1\")) {","lastModifiedDate":"2023-04-04"},{"lineNumber":87,"author":{"gitId":"quaz96"},"content":"                        loadList.get(count).mark();","lastModifiedDate":"2023-04-04"},{"lineNumber":88,"author":{"gitId":"quaz96"},"content":"                    }","lastModifiedDate":"2023-04-04"},{"lineNumber":89,"author":{"gitId":"quaz96"},"content":"                    ++count;","lastModifiedDate":"2023-04-04"},{"lineNumber":90,"author":{"gitId":"quaz96"},"content":"                }","lastModifiedDate":"2023-04-04"},{"lineNumber":91,"author":{"gitId":"quaz96"},"content":"            }","lastModifiedDate":"2023-04-04"},{"lineNumber":92,"author":{"gitId":"quaz96"},"content":"","lastModifiedDate":"2023-04-04"},{"lineNumber":93,"author":{"gitId":"quaz96"},"content":"            bR.close();","lastModifiedDate":"2023-04-04"},{"lineNumber":94,"author":{"gitId":"quaz96"},"content":"        } catch (IOException e) {","lastModifiedDate":"2023-04-04"},{"lineNumber":95,"author":{"gitId":"quaz96"},"content":"            System.out.println(\"Load saved tasks ERROR\");","lastModifiedDate":"2023-04-04"},{"lineNumber":96,"author":{"gitId":"quaz96"},"content":"        }","lastModifiedDate":"2023-04-04"},{"lineNumber":97,"author":{"gitId":"quaz96"},"content":"        return loadList;","lastModifiedDate":"2023-04-04"},{"lineNumber":98,"author":{"gitId":"quaz96"},"content":"    }","lastModifiedDate":"2023-04-04"},{"lineNumber":99,"author":{"gitId":"quaz96"},"content":"    //load tasks END","lastModifiedDate":"2023-04-04"},{"lineNumber":100,"author":{"gitId":"quaz96"},"content":"}","lastModifiedDate":"2023-04-04"}],"authorContributionMap":{"quaz96":100}},{"path":"src/main/java/task/Deadline.java","fileType":"java","lines":[{"lineNumber":1,"author":{"gitId":"quaz96"},"content":"package task;","lastModifiedDate":"2023-04-04"},{"lineNumber":2,"author":{"gitId":"quaz96"},"content":"","lastModifiedDate":"2023-04-04"},{"lineNumber":3,"author":{"gitId":"quaz96"},"content":"import task.Task;","lastModifiedDate":"2023-04-04"},{"lineNumber":4,"author":{"gitId":"quaz96"},"content":"","lastModifiedDate":"2023-04-04"},{"lineNumber":5,"author":{"gitId":"quaz96"},"content":"public class Deadline extends Task{","lastModifiedDate":"2023-04-04"},{"lineNumber":6,"author":{"gitId":"quaz96"},"content":"    protected String by;","lastModifiedDate":"2023-04-04"},{"lineNumber":7,"author":{"gitId":"quaz96"},"content":"","lastModifiedDate":"2023-04-04"},{"lineNumber":8,"author":{"gitId":"quaz96"},"content":"    public Deadline(String description, String by) {","lastModifiedDate":"2023-04-04"},{"lineNumber":9,"author":{"gitId":"quaz96"},"content":"        super(description);","lastModifiedDate":"2023-04-04"},{"lineNumber":10,"author":{"gitId":"quaz96"},"content":"        this.by \u003d by;","lastModifiedDate":"2023-04-04"},{"lineNumber":11,"author":{"gitId":"quaz96"},"content":"    }","lastModifiedDate":"2023-04-04"},{"lineNumber":12,"author":{"gitId":"quaz96"},"content":"","lastModifiedDate":"2023-04-04"},{"lineNumber":13,"author":{"gitId":"quaz96"},"content":"    @Override","lastModifiedDate":"2023-04-04"},{"lineNumber":14,"author":{"gitId":"quaz96"},"content":"    public String toString() {","lastModifiedDate":"2023-04-04"},{"lineNumber":15,"author":{"gitId":"quaz96"},"content":"        return \"[D]\" + super.toString() + \" (by: \" + by + \")\";","lastModifiedDate":"2023-04-04"},{"lineNumber":16,"author":{"gitId":"quaz96"},"content":"    }","lastModifiedDate":"2023-04-04"},{"lineNumber":17,"author":{"gitId":"quaz96"},"content":"","lastModifiedDate":"2023-04-04"},{"lineNumber":18,"author":{"gitId":"quaz96"},"content":"    @Override","lastModifiedDate":"2023-04-04"},{"lineNumber":19,"author":{"gitId":"quaz96"},"content":"    public String toSave() {","lastModifiedDate":"2023-04-04"},{"lineNumber":20,"author":{"gitId":"quaz96"},"content":"        return \"D \" + super.toSave() + \" | \" + by;","lastModifiedDate":"2023-04-04"},{"lineNumber":21,"author":{"gitId":"quaz96"},"content":"    }","lastModifiedDate":"2023-04-04"},{"lineNumber":22,"author":{"gitId":"quaz96"},"content":"","lastModifiedDate":"2023-04-04"},{"lineNumber":23,"author":{"gitId":"quaz96"},"content":"}","lastModifiedDate":"2023-04-04"}],"authorContributionMap":{"quaz96":23}},{"path":"src/main/java/task/Event.java","fileType":"java","lines":[{"lineNumber":1,"author":{"gitId":"quaz96"},"content":"package task;","lastModifiedDate":"2023-04-04"},{"lineNumber":2,"author":{"gitId":"quaz96"},"content":"","lastModifiedDate":"2023-04-04"},{"lineNumber":3,"author":{"gitId":"quaz96"},"content":"import task.Task;","lastModifiedDate":"2023-04-04"},{"lineNumber":4,"author":{"gitId":"quaz96"},"content":"","lastModifiedDate":"2023-04-04"},{"lineNumber":5,"author":{"gitId":"quaz96"},"content":"public class Event extends Task{","lastModifiedDate":"2023-04-04"},{"lineNumber":6,"author":{"gitId":"quaz96"},"content":"    protected String from;","lastModifiedDate":"2023-04-04"},{"lineNumber":7,"author":{"gitId":"quaz96"},"content":"    protected String to;","lastModifiedDate":"2023-04-04"},{"lineNumber":8,"author":{"gitId":"quaz96"},"content":"","lastModifiedDate":"2023-04-04"},{"lineNumber":9,"author":{"gitId":"quaz96"},"content":"    public Event(String description, String from, String to) {","lastModifiedDate":"2023-04-04"},{"lineNumber":10,"author":{"gitId":"quaz96"},"content":"        super(description);","lastModifiedDate":"2023-04-04"},{"lineNumber":11,"author":{"gitId":"quaz96"},"content":"        this.from \u003d from;","lastModifiedDate":"2023-04-04"},{"lineNumber":12,"author":{"gitId":"quaz96"},"content":"        this.to \u003d to;","lastModifiedDate":"2023-04-04"},{"lineNumber":13,"author":{"gitId":"quaz96"},"content":"    }","lastModifiedDate":"2023-04-04"},{"lineNumber":14,"author":{"gitId":"quaz96"},"content":"","lastModifiedDate":"2023-04-04"},{"lineNumber":15,"author":{"gitId":"quaz96"},"content":"    @Override","lastModifiedDate":"2023-04-04"},{"lineNumber":16,"author":{"gitId":"quaz96"},"content":"    public String toString() {","lastModifiedDate":"2023-04-04"},{"lineNumber":17,"author":{"gitId":"quaz96"},"content":"        return \"[E]\" + super.toString() + \" (from: \" + from + \" to: \" + to + \")\";","lastModifiedDate":"2023-04-04"},{"lineNumber":18,"author":{"gitId":"quaz96"},"content":"    }","lastModifiedDate":"2023-04-04"},{"lineNumber":19,"author":{"gitId":"quaz96"},"content":"","lastModifiedDate":"2023-04-04"},{"lineNumber":20,"author":{"gitId":"quaz96"},"content":"    @Override","lastModifiedDate":"2023-04-04"},{"lineNumber":21,"author":{"gitId":"quaz96"},"content":"    public String toSave() {","lastModifiedDate":"2023-04-04"},{"lineNumber":22,"author":{"gitId":"quaz96"},"content":"        return \"E \" + super.toSave() + \" | \" + from + \"-\" + to;","lastModifiedDate":"2023-04-04"},{"lineNumber":23,"author":{"gitId":"quaz96"},"content":"    }","lastModifiedDate":"2023-04-04"},{"lineNumber":24,"author":{"gitId":"quaz96"},"content":"}","lastModifiedDate":"2023-04-04"}],"authorContributionMap":{"quaz96":24}},{"path":"src/main/java/task/Task.java","fileType":"java","lines":[{"lineNumber":1,"author":{"gitId":"quaz96"},"content":"package task;","lastModifiedDate":"2023-04-04"},{"lineNumber":2,"author":{"gitId":"quaz96"},"content":"","lastModifiedDate":"2023-04-04"},{"lineNumber":3,"author":{"gitId":"quaz96"},"content":"public class Task {","lastModifiedDate":"2023-04-04"},{"lineNumber":4,"author":{"gitId":"quaz96"},"content":"    protected String description;","lastModifiedDate":"2023-04-04"},{"lineNumber":5,"author":{"gitId":"quaz96"},"content":"    protected boolean isDone;","lastModifiedDate":"2023-04-04"},{"lineNumber":6,"author":{"gitId":"quaz96"},"content":"","lastModifiedDate":"2023-04-04"},{"lineNumber":7,"author":{"gitId":"quaz96"},"content":"    public Task(String description) {","lastModifiedDate":"2023-04-04"},{"lineNumber":8,"author":{"gitId":"quaz96"},"content":"        this.description \u003d description;","lastModifiedDate":"2023-04-04"},{"lineNumber":9,"author":{"gitId":"quaz96"},"content":"        this.isDone \u003d false;","lastModifiedDate":"2023-04-04"},{"lineNumber":10,"author":{"gitId":"quaz96"},"content":"    }","lastModifiedDate":"2023-04-04"},{"lineNumber":11,"author":{"gitId":"quaz96"},"content":"","lastModifiedDate":"2023-04-04"},{"lineNumber":12,"author":{"gitId":"quaz96"},"content":"    public void mark() {","lastModifiedDate":"2023-04-04"},{"lineNumber":13,"author":{"gitId":"quaz96"},"content":"        isDone \u003d true;","lastModifiedDate":"2023-04-04"},{"lineNumber":14,"author":{"gitId":"quaz96"},"content":"    }","lastModifiedDate":"2023-04-04"},{"lineNumber":15,"author":{"gitId":"quaz96"},"content":"","lastModifiedDate":"2023-04-04"},{"lineNumber":16,"author":{"gitId":"quaz96"},"content":"    public void notMark() {","lastModifiedDate":"2023-04-04"},{"lineNumber":17,"author":{"gitId":"quaz96"},"content":"        isDone \u003d false;","lastModifiedDate":"2023-04-04"},{"lineNumber":18,"author":{"gitId":"quaz96"},"content":"    }","lastModifiedDate":"2023-04-04"},{"lineNumber":19,"author":{"gitId":"quaz96"},"content":"","lastModifiedDate":"2023-04-04"},{"lineNumber":20,"author":{"gitId":"quaz96"},"content":"    public String getStatusIcon() {","lastModifiedDate":"2023-04-04"},{"lineNumber":21,"author":{"gitId":"quaz96"},"content":"        if (isDone) {","lastModifiedDate":"2023-04-04"},{"lineNumber":22,"author":{"gitId":"quaz96"},"content":"            return \"[X]\";","lastModifiedDate":"2023-04-04"},{"lineNumber":23,"author":{"gitId":"quaz96"},"content":"        } else {","lastModifiedDate":"2023-04-04"},{"lineNumber":24,"author":{"gitId":"quaz96"},"content":"            return \"[ ]\";","lastModifiedDate":"2023-04-04"},{"lineNumber":25,"author":{"gitId":"quaz96"},"content":"        }","lastModifiedDate":"2023-04-04"},{"lineNumber":26,"author":{"gitId":"quaz96"},"content":"    }","lastModifiedDate":"2023-04-04"},{"lineNumber":27,"author":{"gitId":"quaz96"},"content":"","lastModifiedDate":"2023-04-04"},{"lineNumber":28,"author":{"gitId":"quaz96"},"content":"    public String saveStatusIcon() {","lastModifiedDate":"2023-04-04"},{"lineNumber":29,"author":{"gitId":"quaz96"},"content":"        if (isDone) {","lastModifiedDate":"2023-04-04"},{"lineNumber":30,"author":{"gitId":"quaz96"},"content":"            return \"| 1 |\";","lastModifiedDate":"2023-04-04"},{"lineNumber":31,"author":{"gitId":"quaz96"},"content":"        } else {","lastModifiedDate":"2023-04-04"},{"lineNumber":32,"author":{"gitId":"quaz96"},"content":"            return \"| 0 |\";","lastModifiedDate":"2023-04-04"},{"lineNumber":33,"author":{"gitId":"quaz96"},"content":"        }","lastModifiedDate":"2023-04-04"},{"lineNumber":34,"author":{"gitId":"quaz96"},"content":"    }","lastModifiedDate":"2023-04-04"},{"lineNumber":35,"author":{"gitId":"quaz96"},"content":"","lastModifiedDate":"2023-04-04"},{"lineNumber":36,"author":{"gitId":"quaz96"},"content":"    //https://www.freecodecamp.org/news/java-array-methods-how-to-print-an-array-in-java/","lastModifiedDate":"2023-04-04"},{"lineNumber":37,"author":{"gitId":"quaz96"},"content":"    @Override","lastModifiedDate":"2023-04-04"},{"lineNumber":38,"author":{"gitId":"quaz96"},"content":"    public String toString(){","lastModifiedDate":"2023-04-04"},{"lineNumber":39,"author":{"gitId":"quaz96"},"content":"        return getStatusIcon() + \" \" + description;","lastModifiedDate":"2023-04-04"},{"lineNumber":40,"author":{"gitId":"quaz96"},"content":"    }","lastModifiedDate":"2023-04-04"},{"lineNumber":41,"author":{"gitId":"quaz96"},"content":"","lastModifiedDate":"2023-04-04"},{"lineNumber":42,"author":{"gitId":"quaz96"},"content":"","lastModifiedDate":"2023-04-04"},{"lineNumber":43,"author":{"gitId":"quaz96"},"content":"    public String toSave(){","lastModifiedDate":"2023-04-04"},{"lineNumber":44,"author":{"gitId":"quaz96"},"content":"        return saveStatusIcon() + \" \" + description;","lastModifiedDate":"2023-04-04"},{"lineNumber":45,"author":{"gitId":"quaz96"},"content":"    }","lastModifiedDate":"2023-04-04"},{"lineNumber":46,"author":{"gitId":"quaz96"},"content":"","lastModifiedDate":"2023-04-04"},{"lineNumber":47,"author":{"gitId":"quaz96"},"content":"}","lastModifiedDate":"2023-04-04"}],"authorContributionMap":{"quaz96":47}},{"path":"src/main/java/task/TaskList.java","fileType":"java","lines":[{"lineNumber":1,"author":{"gitId":"quaz96"},"content":"package task;","lastModifiedDate":"2023-04-04"},{"lineNumber":2,"author":{"gitId":"quaz96"},"content":"","lastModifiedDate":"2023-04-04"},{"lineNumber":3,"author":{"gitId":"quaz96"},"content":"import java.io.*;","lastModifiedDate":"2023-04-04"},{"lineNumber":4,"author":{"gitId":"quaz96"},"content":"import java.util.Scanner;","lastModifiedDate":"2023-04-04"},{"lineNumber":5,"author":{"gitId":"quaz96"},"content":"import java.util.ArrayList;","lastModifiedDate":"2023-04-04"},{"lineNumber":6,"author":{"gitId":"quaz96"},"content":"import java.util.Arrays;","lastModifiedDate":"2023-04-04"},{"lineNumber":7,"author":{"gitId":"quaz96"},"content":"import task.Deadline;","lastModifiedDate":"2023-04-04"},{"lineNumber":8,"author":{"gitId":"quaz96"},"content":"import task.ToDo;","lastModifiedDate":"2023-04-04"},{"lineNumber":9,"author":{"gitId":"quaz96"},"content":"import task.Event;","lastModifiedDate":"2023-04-04"},{"lineNumber":10,"author":{"gitId":"quaz96"},"content":"import task.TaskList;","lastModifiedDate":"2023-04-04"},{"lineNumber":11,"author":{"gitId":"quaz96"},"content":"","lastModifiedDate":"2023-04-04"},{"lineNumber":12,"author":{"gitId":"quaz96"},"content":"public class TaskList {","lastModifiedDate":"2023-04-04"},{"lineNumber":13,"author":{"gitId":"quaz96"},"content":"    public static ArrayList\u003cTask\u003e taskslist;","lastModifiedDate":"2023-04-04"},{"lineNumber":14,"author":{"gitId":"quaz96"},"content":"","lastModifiedDate":"2023-04-04"},{"lineNumber":15,"author":{"gitId":"quaz96"},"content":"    public TaskList(ArrayList\u003cTask\u003e tasks) {","lastModifiedDate":"2023-04-04"},{"lineNumber":16,"author":{"gitId":"quaz96"},"content":"        this.taskslist \u003d tasks;","lastModifiedDate":"2023-04-04"},{"lineNumber":17,"author":{"gitId":"quaz96"},"content":"    }","lastModifiedDate":"2023-04-04"},{"lineNumber":18,"author":{"gitId":"quaz96"},"content":"","lastModifiedDate":"2023-04-04"},{"lineNumber":19,"author":{"gitId":"quaz96"},"content":"    public TaskList() {","lastModifiedDate":"2023-04-04"},{"lineNumber":20,"author":{"gitId":"quaz96"},"content":"        taskslist \u003d new ArrayList\u003cTask\u003e();","lastModifiedDate":"2023-04-04"},{"lineNumber":21,"author":{"gitId":"quaz96"},"content":"    }","lastModifiedDate":"2023-04-04"},{"lineNumber":22,"author":{"gitId":"quaz96"},"content":"","lastModifiedDate":"2023-04-04"},{"lineNumber":23,"author":{"gitId":"quaz96"},"content":"    public ArrayList\u003cTask\u003e getTasks(){","lastModifiedDate":"2023-04-04"},{"lineNumber":24,"author":{"gitId":"quaz96"},"content":"        return taskslist;","lastModifiedDate":"2023-04-04"},{"lineNumber":25,"author":{"gitId":"quaz96"},"content":"    }","lastModifiedDate":"2023-04-04"},{"lineNumber":26,"author":{"gitId":"quaz96"},"content":"","lastModifiedDate":"2023-04-04"},{"lineNumber":27,"author":{"gitId":"quaz96"},"content":"    public void getSize() {","lastModifiedDate":"2023-04-04"},{"lineNumber":28,"author":{"gitId":"quaz96"},"content":"        System.out.println(taskslist.size());","lastModifiedDate":"2023-04-04"},{"lineNumber":29,"author":{"gitId":"quaz96"},"content":"    }","lastModifiedDate":"2023-04-04"},{"lineNumber":30,"author":{"gitId":"quaz96"},"content":"","lastModifiedDate":"2023-04-04"},{"lineNumber":31,"author":{"gitId":"quaz96"},"content":"","lastModifiedDate":"2023-04-04"},{"lineNumber":32,"author":{"gitId":"quaz96"},"content":"    public void addDeadline(String deadLineTask, String lastDay) {","lastModifiedDate":"2023-04-04"},{"lineNumber":33,"author":{"gitId":"quaz96"},"content":"        taskslist.add(new Deadline(deadLineTask, lastDay));","lastModifiedDate":"2023-04-04"},{"lineNumber":34,"author":{"gitId":"quaz96"},"content":"        System.out.println(deadLineTask);","lastModifiedDate":"2023-04-04"},{"lineNumber":35,"author":{"gitId":"quaz96"},"content":"    }","lastModifiedDate":"2023-04-04"},{"lineNumber":36,"author":{"gitId":"quaz96"},"content":"","lastModifiedDate":"2023-04-04"},{"lineNumber":37,"author":{"gitId":"quaz96"},"content":"    public void addTodo(String todoTask) {","lastModifiedDate":"2023-04-04"},{"lineNumber":38,"author":{"gitId":"quaz96"},"content":"        taskslist.add(new ToDo(todoTask));","lastModifiedDate":"2023-04-04"},{"lineNumber":39,"author":{"gitId":"quaz96"},"content":"        System.out.println(todoTask);","lastModifiedDate":"2023-04-04"},{"lineNumber":40,"author":{"gitId":"quaz96"},"content":"    }","lastModifiedDate":"2023-04-04"},{"lineNumber":41,"author":{"gitId":"quaz96"},"content":"","lastModifiedDate":"2023-04-04"},{"lineNumber":42,"author":{"gitId":"quaz96"},"content":"    public void addEvent(String eventTask, String fromEvent, String toEvent) {","lastModifiedDate":"2023-04-04"},{"lineNumber":43,"author":{"gitId":"quaz96"},"content":"        taskslist.add(new Event(eventTask, fromEvent, toEvent));","lastModifiedDate":"2023-04-04"},{"lineNumber":44,"author":{"gitId":"quaz96"},"content":"        System.out.println(eventTask);","lastModifiedDate":"2023-04-04"},{"lineNumber":45,"author":{"gitId":"quaz96"},"content":"    }","lastModifiedDate":"2023-04-04"},{"lineNumber":46,"author":{"gitId":"quaz96"},"content":"","lastModifiedDate":"2023-04-04"},{"lineNumber":47,"author":{"gitId":"quaz96"},"content":"    public void delete(int i) {","lastModifiedDate":"2023-04-04"},{"lineNumber":48,"author":{"gitId":"quaz96"},"content":"        System.out.println(taskslist.get(i));","lastModifiedDate":"2023-04-04"},{"lineNumber":49,"author":{"gitId":"quaz96"},"content":"        taskslist.remove(i);","lastModifiedDate":"2023-04-04"},{"lineNumber":50,"author":{"gitId":"quaz96"},"content":"    }","lastModifiedDate":"2023-04-04"},{"lineNumber":51,"author":{"gitId":"quaz96"},"content":"","lastModifiedDate":"2023-04-04"},{"lineNumber":52,"author":{"gitId":"quaz96"},"content":"","lastModifiedDate":"2023-04-04"},{"lineNumber":53,"author":{"gitId":"quaz96"},"content":"","lastModifiedDate":"2023-04-04"},{"lineNumber":54,"author":{"gitId":"quaz96"},"content":"}","lastModifiedDate":"2023-04-04"}],"authorContributionMap":{"quaz96":54}},{"path":"src/main/java/task/ToDo.java","fileType":"java","lines":[{"lineNumber":1,"author":{"gitId":"quaz96"},"content":"package task;","lastModifiedDate":"2023-04-04"},{"lineNumber":2,"author":{"gitId":"quaz96"},"content":"","lastModifiedDate":"2023-04-04"},{"lineNumber":3,"author":{"gitId":"quaz96"},"content":"import task.Task;","lastModifiedDate":"2023-04-04"},{"lineNumber":4,"author":{"gitId":"quaz96"},"content":"","lastModifiedDate":"2023-04-04"},{"lineNumber":5,"author":{"gitId":"quaz96"},"content":"public class ToDo extends Task {","lastModifiedDate":"2023-04-04"},{"lineNumber":6,"author":{"gitId":"quaz96"},"content":"","lastModifiedDate":"2023-04-04"},{"lineNumber":7,"author":{"gitId":"quaz96"},"content":"      public ToDo(String description) {","lastModifiedDate":"2023-04-04"},{"lineNumber":8,"author":{"gitId":"quaz96"},"content":"        super(description);","lastModifiedDate":"2023-04-04"},{"lineNumber":9,"author":{"gitId":"quaz96"},"content":"    }","lastModifiedDate":"2023-04-04"},{"lineNumber":10,"author":{"gitId":"quaz96"},"content":"","lastModifiedDate":"2023-04-04"},{"lineNumber":11,"author":{"gitId":"quaz96"},"content":"    @Override","lastModifiedDate":"2023-04-04"},{"lineNumber":12,"author":{"gitId":"quaz96"},"content":"    public String toString() {","lastModifiedDate":"2023-04-04"},{"lineNumber":13,"author":{"gitId":"quaz96"},"content":"        return \"[T]\" + super.toString() ;","lastModifiedDate":"2023-04-04"},{"lineNumber":14,"author":{"gitId":"quaz96"},"content":"    }","lastModifiedDate":"2023-04-04"},{"lineNumber":15,"author":{"gitId":"quaz96"},"content":"","lastModifiedDate":"2023-04-04"},{"lineNumber":16,"author":{"gitId":"quaz96"},"content":"    @Override","lastModifiedDate":"2023-04-04"},{"lineNumber":17,"author":{"gitId":"quaz96"},"content":"    public String toSave() {","lastModifiedDate":"2023-04-04"},{"lineNumber":18,"author":{"gitId":"quaz96"},"content":"        return \"T \" + super.toSave() ;","lastModifiedDate":"2023-04-04"},{"lineNumber":19,"author":{"gitId":"quaz96"},"content":"    }","lastModifiedDate":"2023-04-04"},{"lineNumber":20,"author":{"gitId":"quaz96"},"content":"}","lastModifiedDate":"2023-04-04"}],"authorContributionMap":{"quaz96":20}},{"path":"src/main/java/ui/Ui.java","fileType":"java","lines":[{"lineNumber":1,"author":{"gitId":"quaz96"},"content":"package ui;","lastModifiedDate":"2023-04-04"},{"lineNumber":2,"author":{"gitId":"quaz96"},"content":"","lastModifiedDate":"2023-04-04"},{"lineNumber":3,"author":{"gitId":"quaz96"},"content":"import java.util.Scanner;","lastModifiedDate":"2023-04-04"},{"lineNumber":4,"author":{"gitId":"quaz96"},"content":"import java.util.ArrayList;","lastModifiedDate":"2023-04-04"},{"lineNumber":5,"author":{"gitId":"quaz96"},"content":"import java.util.Arrays;","lastModifiedDate":"2023-04-04"},{"lineNumber":6,"author":{"gitId":"quaz96"},"content":"","lastModifiedDate":"2023-04-04"},{"lineNumber":7,"author":{"gitId":"quaz96"},"content":"import task.Task;","lastModifiedDate":"2023-04-04"},{"lineNumber":8,"author":{"gitId":"quaz96"},"content":"","lastModifiedDate":"2023-04-04"},{"lineNumber":9,"author":{"gitId":"quaz96"},"content":"","lastModifiedDate":"2023-04-04"},{"lineNumber":10,"author":{"gitId":"quaz96"},"content":"","lastModifiedDate":"2023-04-04"},{"lineNumber":11,"author":{"gitId":"quaz96"},"content":"public class Ui {","lastModifiedDate":"2023-04-04"},{"lineNumber":12,"author":{"gitId":"quaz96"},"content":"    private static String logo \u003d \" ____        _        \\n\"","lastModifiedDate":"2023-04-04"},{"lineNumber":13,"author":{"gitId":"quaz96"},"content":"            + \"|  _ \\\\ _   _| | _____ \\n\"","lastModifiedDate":"2023-04-04"},{"lineNumber":14,"author":{"gitId":"quaz96"},"content":"            + \"| | | | | | | |/ / _ \\\\\\n\"","lastModifiedDate":"2023-04-04"},{"lineNumber":15,"author":{"gitId":"quaz96"},"content":"            + \"| |_| | |_| |   \u003c  __/\\n\"","lastModifiedDate":"2023-04-04"},{"lineNumber":16,"author":{"gitId":"quaz96"},"content":"            + \"|____/ \\\\__,_|_|\\\\_\\\\___|\\n\";","lastModifiedDate":"2023-04-04"},{"lineNumber":17,"author":{"gitId":"quaz96"},"content":"    //Start of chatbot","lastModifiedDate":"2023-04-04"},{"lineNumber":18,"author":{"gitId":"quaz96"},"content":"    private static String welcome \u003d \"Hello! I\u0027m Duke, the chatbot! What can I do for you?\";","lastModifiedDate":"2023-04-04"},{"lineNumber":19,"author":{"gitId":"quaz96"},"content":"    private static Scanner in;","lastModifiedDate":"2023-04-04"},{"lineNumber":20,"author":{"gitId":"quaz96"},"content":"","lastModifiedDate":"2023-04-04"},{"lineNumber":21,"author":{"gitId":"quaz96"},"content":"    //Greeting","lastModifiedDate":"2023-04-04"},{"lineNumber":22,"author":{"gitId":"quaz96"},"content":"    public static void greeting() {","lastModifiedDate":"2023-04-04"},{"lineNumber":23,"author":{"gitId":"quaz96"},"content":"        System.out.println(logo);","lastModifiedDate":"2023-04-04"},{"lineNumber":24,"author":{"gitId":"quaz96"},"content":"        System.out.println(welcome);","lastModifiedDate":"2023-04-04"},{"lineNumber":25,"author":{"gitId":"quaz96"},"content":"    }","lastModifiedDate":"2023-04-04"},{"lineNumber":26,"author":{"gitId":"quaz96"},"content":"","lastModifiedDate":"2023-04-04"},{"lineNumber":27,"author":{"gitId":"quaz96"},"content":"    //take in inputs/commands","lastModifiedDate":"2023-04-04"},{"lineNumber":28,"author":{"gitId":"quaz96"},"content":"    public static String input() {","lastModifiedDate":"2023-04-04"},{"lineNumber":29,"author":{"gitId":"quaz96"},"content":"        Scanner in \u003d new Scanner(System.in);","lastModifiedDate":"2023-04-04"},{"lineNumber":30,"author":{"gitId":"quaz96"},"content":"        String command \u003d in.nextLine().trim().toLowerCase();","lastModifiedDate":"2023-04-04"},{"lineNumber":31,"author":{"gitId":"quaz96"},"content":"","lastModifiedDate":"2023-04-04"},{"lineNumber":32,"author":{"gitId":"quaz96"},"content":"        return command;","lastModifiedDate":"2023-04-04"},{"lineNumber":33,"author":{"gitId":"quaz96"},"content":"    }","lastModifiedDate":"2023-04-04"},{"lineNumber":34,"author":{"gitId":"quaz96"},"content":"","lastModifiedDate":"2023-04-04"},{"lineNumber":35,"author":{"gitId":"quaz96"},"content":"    //store tasks into an array START","lastModifiedDate":"2023-04-04"},{"lineNumber":36,"author":{"gitId":"quaz96"},"content":"","lastModifiedDate":"2023-04-04"},{"lineNumber":37,"author":{"gitId":"quaz96"},"content":"    //store tasks into an array END","lastModifiedDate":"2023-04-04"},{"lineNumber":38,"author":{"gitId":"quaz96"},"content":"    //messages START","lastModifiedDate":"2023-04-04"},{"lineNumber":39,"author":{"gitId":"quaz96"},"content":"    public static void help(){","lastModifiedDate":"2023-04-04"},{"lineNumber":40,"author":{"gitId":"quaz96"},"content":"        System.out.println(\"Hi, it looks like you did not type anything.\");","lastModifiedDate":"2023-04-04"},{"lineNumber":41,"author":{"gitId":"quaz96"},"content":"        System.out.println(\"You may try the following commands:\");","lastModifiedDate":"2023-04-04"},{"lineNumber":42,"author":{"gitId":"quaz96"},"content":"        System.out.println(\"Enter List -\u003e to list all the tasks\");","lastModifiedDate":"2023-04-04"},{"lineNumber":43,"author":{"gitId":"quaz96"},"content":"        System.out.println(\"Enter Bye -\u003e to end the conversation\");","lastModifiedDate":"2023-04-04"},{"lineNumber":44,"author":{"gitId":"quaz96"},"content":"    }","lastModifiedDate":"2023-04-04"},{"lineNumber":45,"author":{"gitId":"quaz96"},"content":"    public static void addedTaskMsg(){","lastModifiedDate":"2023-04-04"},{"lineNumber":46,"author":{"gitId":"quaz96"},"content":"        System.out.println(\"Got it. I\u0027ve add this task:\");","lastModifiedDate":"2023-04-04"},{"lineNumber":47,"author":{"gitId":"quaz96"},"content":"    }","lastModifiedDate":"2023-04-04"},{"lineNumber":48,"author":{"gitId":"quaz96"},"content":"","lastModifiedDate":"2023-04-04"},{"lineNumber":49,"author":{"gitId":"quaz96"},"content":"    public static void showLoadingError() {","lastModifiedDate":"2023-04-04"},{"lineNumber":50,"author":{"gitId":"quaz96"},"content":"        System.out.println(\"ERROR loading -_-\");","lastModifiedDate":"2023-04-04"},{"lineNumber":51,"author":{"gitId":"quaz96"},"content":"    }","lastModifiedDate":"2023-04-04"},{"lineNumber":52,"author":{"gitId":"quaz96"},"content":"","lastModifiedDate":"2023-04-04"},{"lineNumber":53,"author":{"gitId":"quaz96"},"content":"    public static void lists(ArrayList\u003cTask\u003e listOfTasks){","lastModifiedDate":"2023-04-04"},{"lineNumber":54,"author":{"gitId":"quaz96"},"content":"        int listNo\u003d0;","lastModifiedDate":"2023-04-04"},{"lineNumber":55,"author":{"gitId":"quaz96"},"content":"        System.out.println(\"Here are the tasks in your list:\");","lastModifiedDate":"2023-04-04"},{"lineNumber":56,"author":{"gitId":"quaz96"},"content":"        for (int i \u003d 0; i \u003c listOfTasks.size(); i++) {","lastModifiedDate":"2023-04-04"},{"lineNumber":57,"author":{"gitId":"quaz96"},"content":"            ++listNo;","lastModifiedDate":"2023-04-04"},{"lineNumber":58,"author":{"gitId":"quaz96"},"content":"            System.out.println(listNo + \". \" + listOfTasks.get(i).toString());","lastModifiedDate":"2023-04-04"},{"lineNumber":59,"author":{"gitId":"quaz96"},"content":"        }","lastModifiedDate":"2023-04-04"},{"lineNumber":60,"author":{"gitId":"quaz96"},"content":"    }","lastModifiedDate":"2023-04-04"},{"lineNumber":61,"author":{"gitId":"quaz96"},"content":"","lastModifiedDate":"2023-04-04"},{"lineNumber":62,"author":{"gitId":"quaz96"},"content":"    public static void printMsg(String message) {","lastModifiedDate":"2023-04-04"},{"lineNumber":63,"author":{"gitId":"quaz96"},"content":"        System.out.println(message);","lastModifiedDate":"2023-04-04"},{"lineNumber":64,"author":{"gitId":"quaz96"},"content":"    }","lastModifiedDate":"2023-04-04"},{"lineNumber":65,"author":{"gitId":"quaz96"},"content":"","lastModifiedDate":"2023-04-04"},{"lineNumber":66,"author":{"gitId":"quaz96"},"content":"    public static void showLine(){","lastModifiedDate":"2023-04-04"},{"lineNumber":67,"author":{"gitId":"quaz96"},"content":"        System.out.println(\"------------------------\");","lastModifiedDate":"2023-04-04"},{"lineNumber":68,"author":{"gitId":"quaz96"},"content":"    }","lastModifiedDate":"2023-04-04"},{"lineNumber":69,"author":{"gitId":"quaz96"},"content":"","lastModifiedDate":"2023-04-04"},{"lineNumber":70,"author":{"gitId":"quaz96"},"content":"    //messages END","lastModifiedDate":"2023-04-04"},{"lineNumber":71,"author":{"gitId":"quaz96"},"content":"","lastModifiedDate":"2023-04-04"},{"lineNumber":72,"author":{"gitId":"quaz96"},"content":"}","lastModifiedDate":"2023-04-04"}],"authorContributionMap":{"quaz96":72}}]
