{"authorDailyContributionsMap":{"quaz96":[{"date":"2023-02-07","commitResults":[{"hash":"db140e3f9b666d35f6c18b547fdedaa24fda144e","isMergeCommit":false,"messageTitle":"level -1","messageBody":"Greet, Echo, Exit","fileTypesAndContributionMap":{"java":{"insertions":12,"deletions":0}}}]},{"date":"2023-02-10","commitResults":[{"hash":"6e01a86a60142d777004042c4c0c631111fb20e1","isMergeCommit":false,"messageTitle":"Level 2","messageBody":"","fileTypesAndContributionMap":{"java":{"insertions":37,"deletions":7}}}]},{"date":"2023-02-13","commitResults":[{"hash":"3c12fde0fb3e6552f860a303c345f7667596c29d","isMergeCommit":false,"messageTitle":"level 3","messageBody":"","fileTypesAndContributionMap":{"java":{"insertions":33,"deletions":0}}},{"hash":"94c5bfd7c02b43e49247599e22855b5072abd144","isMergeCommit":false,"messageTitle":"level 3","messageBody":"","fileTypesAndContributionMap":{"java":{"insertions":60,"deletions":19}}}]},{"date":"2023-03-04","commitResults":[{"hash":"91053155ff4291ddb64986f9806e1eadf85f1a1c","isMergeCommit":false,"messageTitle":"Level-4","messageBody":"","fileTypesAndContributionMap":{"java":{"insertions":41,"deletions":0}}},{"hash":"e26e632c7e5b3a6b3bb922fedae10235399706c7","isMergeCommit":false,"messageTitle":"Level-4","messageBody":"","fileTypesAndContributionMap":{"java":{"insertions":81,"deletions":37}}}]},{"date":"2023-03-23","commitResults":[{"hash":"173ad4b0794d030baadaf18ede869ebc34016e61","isMergeCommit":false,"messageTitle":"Level-5","messageBody":"","fileTypesAndContributionMap":{"java":{"insertions":5,"deletions":0}}},{"hash":"ce3cbd3cfda15e7a9e2e197237cdd814d6be6877","isMergeCommit":false,"messageTitle":"Level-5 and Level-6","messageBody":"","fileTypesAndContributionMap":{"java":{"insertions":121,"deletions":70}}}]},{"date":"2023-04-02","commitResults":[{"hash":"13c403bc7f1f994e55061f48cf0350ffef190393","isMergeCommit":false,"messageTitle":"Level-7 Save","messageBody":"","fileTypesAndContributionMap":{"txt":{"insertions":3,"deletions":0}}},{"hash":"fbaea933a6fa11116451d5a1d6e5a01fde51ad45","isMergeCommit":false,"messageTitle":"Level-7 Save","messageBody":"","fileTypesAndContributionMap":{"java":{"insertions":5,"deletions":0}}},{"hash":"55fad8d561e1cf8a6dc63bb9f566de1e3da9b7f5","isMergeCommit":false,"messageTitle":"Level-7 Save","messageBody":"","fileTypesAndContributionMap":{"java":{"insertions":76,"deletions":12}}},{"hash":"b06b0648541fefb582e1b16ec965331748024e34","isMergeCommit":false,"messageTitle":"Level-7 Save","messageBody":"","fileTypesAndContributionMap":{"java":{"insertions":5,"deletions":1}}},{"hash":"7fce3035cb29877020ea664e562a35ef06e079e8","isMergeCommit":false,"messageTitle":"Level-7 Save","messageBody":"","fileTypesAndContributionMap":{"java":{"insertions":12,"deletions":0}}},{"hash":"c1ddd255bcac23a71289fbe13b3b0003b04638e5","isMergeCommit":false,"messageTitle":"Level-7 Save","messageBody":"","fileTypesAndContributionMap":{"java":{"insertions":5,"deletions":0}}}]},{"date":"2023-04-04","commitResults":[{"hash":"3b79be1eaf62c535a5486866da9067df0635c70d","isMergeCommit":false,"messageTitle":"Level-7.2","messageBody":"","fileTypesAndContributionMap":{"java":{"insertions":611,"deletions":0}}},{"hash":"afb8d1fa5e5448881235b8bf88a19cffb9c5e123","isMergeCommit":false,"messageTitle":"Delete Deadline.java","messageBody":"","fileTypesAndContributionMap":{"java":{"insertions":0,"deletions":19}}},{"hash":"0d007fea13fd43e0f1a6609f16b314a7a5bec019","isMergeCommit":false,"messageTitle":"Delete DukeException.java","messageBody":"","fileTypesAndContributionMap":{"java":{"insertions":0,"deletions":5}}},{"hash":"fd13ae65619c30bc818bc8219f8558fd2c8570ac","isMergeCommit":false,"messageTitle":"Delete Event.java","messageBody":"","fileTypesAndContributionMap":{"java":{"insertions":0,"deletions":20}}},{"hash":"bfaa54a416394451250ec9153062d6a4d6f5405a","isMergeCommit":false,"messageTitle":"Delete Task.java","messageBody":"","fileTypesAndContributionMap":{"java":{"insertions":0,"deletions":45}}},{"hash":"77971817bfe130c3257572d2f53cfd52d8fdb247","isMergeCommit":false,"messageTitle":"Delete ToDo.java","messageBody":"","fileTypesAndContributionMap":{"java":{"insertions":0,"deletions":16}}},{"hash":"ecf47af7c96fa540ec63e5572662684a094958c1","isMergeCommit":false,"messageTitle":"Level-7.2","messageBody":"","fileTypesAndContributionMap":{"java":{"insertions":42,"deletions":238}}},{"hash":"e177beeba5fcd775d4b89ce169149b5fdba431ad","isMergeCommit":false,"messageTitle":"Level-7.2","messageBody":"working on load data","fileTypesAndContributionMap":{"java":{"insertions":2,"deletions":2}}}]}]},"authorFileTypeContributionMap":{"quaz96":{"java":663,"md":0,"fxml":0,"sh":0,"bat":0,"gradle":0,"txt":3}},"authorContributionVariance":{"quaz96":12338.735},"authorDisplayNameMap":{"quaz96":"ONG ..ALES"}}
