{"authorDailyContributionsMap":{"quaz96":[{"date":"2023-02-07","commitResults":[{"hash":"db140e3f9b666d35f6c18b547fdedaa24fda144e","isMergeCommit":false,"messageTitle":"level -1","messageBody":"Greet, Echo, Exit","fileTypesAndContributionMap":{"java":{"insertions":12,"deletions":0}}}]},{"date":"2023-02-10","commitResults":[{"hash":"6e01a86a60142d777004042c4c0c631111fb20e1","isMergeCommit":false,"messageTitle":"Level 2","messageBody":"","fileTypesAndContributionMap":{"java":{"insertions":37,"deletions":7}}}]},{"date":"2023-02-13","commitResults":[{"hash":"3c12fde0fb3e6552f860a303c345f7667596c29d","isMergeCommit":false,"messageTitle":"level 3","messageBody":"","fileTypesAndContributionMap":{"java":{"insertions":33,"deletions":0}}},{"hash":"94c5bfd7c02b43e49247599e22855b5072abd144","isMergeCommit":false,"messageTitle":"level 3","messageBody":"","fileTypesAndContributionMap":{"java":{"insertions":60,"deletions":19}}}]},{"date":"2023-03-04","commitResults":[{"hash":"91053155ff4291ddb64986f9806e1eadf85f1a1c","isMergeCommit":false,"messageTitle":"Level-4","messageBody":"","fileTypesAndContributionMap":{"java":{"insertions":41,"deletions":0}}},{"hash":"e26e632c7e5b3a6b3bb922fedae10235399706c7","isMergeCommit":false,"messageTitle":"Level-4","messageBody":"","fileTypesAndContributionMap":{"java":{"insertions":81,"deletions":37}}}]}]},"authorFileTypeContributionMap":{"quaz96":{"java":201,"md":0,"fxml":0,"sh":0,"bat":0,"gradle":0,"txt":0}},"authorContributionVariance":{"quaz96":690.1971},"authorDisplayNameMap":{"quaz96":"ONG ..ALES"}}
