{"authorDailyContributionsMap":{"quaz96":[{"date":"2023-02-07","commitResults":[{"hash":"db140e3f9b666d35f6c18b547fdedaa24fda144e","isMergeCommit":false,"messageTitle":"level -1","messageBody":"Greet, Echo, Exit","fileTypesAndContributionMap":{"java":{"insertions":12,"deletions":0}}}]},{"date":"2023-02-10","commitResults":[{"hash":"6e01a86a60142d777004042c4c0c631111fb20e1","isMergeCommit":false,"messageTitle":"Level 2","messageBody":"","fileTypesAndContributionMap":{"java":{"insertions":37,"deletions":7}}}]},{"date":"2023-02-13","commitResults":[{"hash":"3c12fde0fb3e6552f860a303c345f7667596c29d","isMergeCommit":false,"messageTitle":"level 3","messageBody":"","fileTypesAndContributionMap":{"java":{"insertions":33,"deletions":0}}},{"hash":"94c5bfd7c02b43e49247599e22855b5072abd144","isMergeCommit":false,"messageTitle":"level 3","messageBody":"","fileTypesAndContributionMap":{"java":{"insertions":60,"deletions":19}}}]},{"date":"2023-03-04","commitResults":[{"hash":"91053155ff4291ddb64986f9806e1eadf85f1a1c","isMergeCommit":false,"messageTitle":"Level-4","messageBody":"","fileTypesAndContributionMap":{"java":{"insertions":41,"deletions":0}}},{"hash":"e26e632c7e5b3a6b3bb922fedae10235399706c7","isMergeCommit":false,"messageTitle":"Level-4","messageBody":"","fileTypesAndContributionMap":{"java":{"insertions":81,"deletions":37}}}]},{"date":"2023-03-23","commitResults":[{"hash":"173ad4b0794d030baadaf18ede869ebc34016e61","isMergeCommit":false,"messageTitle":"Level-5","messageBody":"","fileTypesAndContributionMap":{"java":{"insertions":5,"deletions":0}}},{"hash":"ce3cbd3cfda15e7a9e2e197237cdd814d6be6877","isMergeCommit":false,"messageTitle":"Level-5 and Level-6","messageBody":"","fileTypesAndContributionMap":{"java":{"insertions":121,"deletions":70}}}]},{"date":"2023-04-02","commitResults":[{"hash":"13c403bc7f1f994e55061f48cf0350ffef190393","isMergeCommit":false,"messageTitle":"Level-7 Save","messageBody":"","fileTypesAndContributionMap":{"txt":{"insertions":3,"deletions":0}}},{"hash":"fbaea933a6fa11116451d5a1d6e5a01fde51ad45","isMergeCommit":false,"messageTitle":"Level-7 Save","messageBody":"","fileTypesAndContributionMap":{"java":{"insertions":5,"deletions":0}}},{"hash":"55fad8d561e1cf8a6dc63bb9f566de1e3da9b7f5","isMergeCommit":false,"messageTitle":"Level-7 Save","messageBody":"","fileTypesAndContributionMap":{"java":{"insertions":76,"deletions":12}}},{"hash":"b06b0648541fefb582e1b16ec965331748024e34","isMergeCommit":false,"messageTitle":"Level-7 Save","messageBody":"","fileTypesAndContributionMap":{"java":{"insertions":5,"deletions":1}}},{"hash":"7fce3035cb29877020ea664e562a35ef06e079e8","isMergeCommit":false,"messageTitle":"Level-7 Save","messageBody":"","fileTypesAndContributionMap":{"java":{"insertions":12,"deletions":0}}},{"hash":"c1ddd255bcac23a71289fbe13b3b0003b04638e5","isMergeCommit":false,"messageTitle":"Level-7 Save","messageBody":"","fileTypesAndContributionMap":{"java":{"insertions":5,"deletions":0}}}]}]},"authorFileTypeContributionMap":{"quaz96":{"java":348,"md":0,"fxml":0,"sh":0,"bat":0,"gradle":0,"txt":3}},"authorContributionVariance":{"quaz96":1042.5631},"authorDisplayNameMap":{"quaz96":"ONG ..ALES"}}
