{"authorDailyContributionsMap":{"quaz96":[{"date":"2023-02-07","commitResults":[{"hash":"db140e3f9b666d35f6c18b547fdedaa24fda144e","messageTitle":"level -1","messageBody":"Greet, Echo, Exit","fileTypesAndContributionMap":{"java":{"insertions":12,"deletions":0}}}]},{"date":"2023-02-10","commitResults":[{"hash":"6e01a86a60142d777004042c4c0c631111fb20e1","messageTitle":"Level 2","messageBody":"","fileTypesAndContributionMap":{"java":{"insertions":37,"deletions":7}}}]},{"date":"2023-02-13","commitResults":[{"hash":"3c12fde0fb3e6552f860a303c345f7667596c29d","messageTitle":"level 3","messageBody":"","fileTypesAndContributionMap":{"java":{"insertions":33,"deletions":0}}},{"hash":"94c5bfd7c02b43e49247599e22855b5072abd144","messageTitle":"level 3","messageBody":"","fileTypesAndContributionMap":{"java":{"insertions":60,"deletions":19}}}]}]},"authorFileTypeContributionMap":{"quaz96":{"java":116,"md":0,"fxml":0,"sh":0,"bat":0,"gradle":0,"txt":0}},"authorContributionVariance":{"quaz96":384.44446},"authorDisplayNameMap":{"quaz96":"ONG ..ALES"}}
