{"authorDailyContributionsMap":{"quaz96":[{"date":"2023-02-07","commitResults":[{"hash":"db140e3f9b666d35f6c18b547fdedaa24fda144e","isMergeCommit":false,"messageTitle":"level -1","messageBody":"Greet, Echo, Exit","fileTypesAndContributionMap":{"java":{"insertions":12,"deletions":0}}}]},{"date":"2023-02-10","commitResults":[{"hash":"6e01a86a60142d777004042c4c0c631111fb20e1","isMergeCommit":false,"messageTitle":"Level 2","messageBody":"","fileTypesAndContributionMap":{"java":{"insertions":37,"deletions":7}}}]},{"date":"2023-02-13","commitResults":[{"hash":"3c12fde0fb3e6552f860a303c345f7667596c29d","isMergeCommit":false,"messageTitle":"level 3","messageBody":"","fileTypesAndContributionMap":{"java":{"insertions":33,"deletions":0}}},{"hash":"94c5bfd7c02b43e49247599e22855b5072abd144","isMergeCommit":false,"messageTitle":"level 3","messageBody":"","fileTypesAndContributionMap":{"java":{"insertions":60,"deletions":19}}}]},{"date":"2023-03-04","commitResults":[{"hash":"91053155ff4291ddb64986f9806e1eadf85f1a1c","isMergeCommit":false,"messageTitle":"Level-4","messageBody":"","fileTypesAndContributionMap":{"java":{"insertions":41,"deletions":0}}},{"hash":"e26e632c7e5b3a6b3bb922fedae10235399706c7","isMergeCommit":false,"messageTitle":"Level-4","messageBody":"","fileTypesAndContributionMap":{"java":{"insertions":81,"deletions":37}}}]},{"date":"2023-03-23","commitResults":[{"hash":"173ad4b0794d030baadaf18ede869ebc34016e61","isMergeCommit":false,"messageTitle":"Level-5","messageBody":"","fileTypesAndContributionMap":{"java":{"insertions":5,"deletions":0}}},{"hash":"ce3cbd3cfda15e7a9e2e197237cdd814d6be6877","isMergeCommit":false,"messageTitle":"Level-5 and Level-6","messageBody":"","fileTypesAndContributionMap":{"java":{"insertions":121,"deletions":70}}}]},{"date":"2023-04-02","commitResults":[{"hash":"13c403bc7f1f994e55061f48cf0350ffef190393","isMergeCommit":false,"messageTitle":"Level-7 Save","messageBody":"","fileTypesAndContributionMap":{"txt":{"insertions":3,"deletions":0}}},{"hash":"fbaea933a6fa11116451d5a1d6e5a01fde51ad45","isMergeCommit":false,"messageTitle":"Level-7 Save","messageBody":"","fileTypesAndContributionMap":{"java":{"insertions":5,"deletions":0}}},{"hash":"55fad8d561e1cf8a6dc63bb9f566de1e3da9b7f5","isMergeCommit":false,"messageTitle":"Level-7 Save","messageBody":"","fileTypesAndContributionMap":{"java":{"insertions":76,"deletions":12}}},{"hash":"b06b0648541fefb582e1b16ec965331748024e34","isMergeCommit":false,"messageTitle":"Level-7 Save","messageBody":"","fileTypesAndContributionMap":{"java":{"insertions":5,"deletions":1}}},{"hash":"7fce3035cb29877020ea664e562a35ef06e079e8","isMergeCommit":false,"messageTitle":"Level-7 Save","messageBody":"","fileTypesAndContributionMap":{"java":{"insertions":12,"deletions":0}}},{"hash":"c1ddd255bcac23a71289fbe13b3b0003b04638e5","isMergeCommit":false,"messageTitle":"Level-7 Save","messageBody":"","fileTypesAndContributionMap":{"java":{"insertions":5,"deletions":0}}}]},{"date":"2023-04-04","commitResults":[{"hash":"3b79be1eaf62c535a5486866da9067df0635c70d","isMergeCommit":false,"messageTitle":"Level-7.2","messageBody":"","fileTypesAndContributionMap":{"java":{"insertions":611,"deletions":0}}},{"hash":"afb8d1fa5e5448881235b8bf88a19cffb9c5e123","isMergeCommit":false,"messageTitle":"Delete Deadline.java","messageBody":"","fileTypesAndContributionMap":{"java":{"insertions":0,"deletions":19}}},{"hash":"0d007fea13fd43e0f1a6609f16b314a7a5bec019","isMergeCommit":false,"messageTitle":"Delete DukeException.java","messageBody":"","fileTypesAndContributionMap":{"java":{"insertions":0,"deletions":5}}},{"hash":"fd13ae65619c30bc818bc8219f8558fd2c8570ac","isMergeCommit":false,"messageTitle":"Delete Event.java","messageBody":"","fileTypesAndContributionMap":{"java":{"insertions":0,"deletions":20}}},{"hash":"bfaa54a416394451250ec9153062d6a4d6f5405a","isMergeCommit":false,"messageTitle":"Delete Task.java","messageBody":"","fileTypesAndContributionMap":{"java":{"insertions":0,"deletions":45}}},{"hash":"77971817bfe130c3257572d2f53cfd52d8fdb247","isMergeCommit":false,"messageTitle":"Delete ToDo.java","messageBody":"","fileTypesAndContributionMap":{"java":{"insertions":0,"deletions":16}}},{"hash":"ecf47af7c96fa540ec63e5572662684a094958c1","isMergeCommit":false,"messageTitle":"Level-7.2","messageBody":"","fileTypesAndContributionMap":{"java":{"insertions":42,"deletions":238}}},{"hash":"e177beeba5fcd775d4b89ce169149b5fdba431ad","isMergeCommit":false,"messageTitle":"Level-7.2","messageBody":"working on load data","fileTypesAndContributionMap":{"java":{"insertions":2,"deletions":2}}}]},{"date":"2023-04-05","commitResults":[{"hash":"1a3e2377fbf71b1c0505064339e7e31124dcb54e","isMergeCommit":false,"messageTitle":"Level-8.2","messageBody":"","fileTypesAndContributionMap":{"java":{"insertions":4,"deletions":0}}},{"hash":"06ffdffb3d9b89be83a7c6df53b561988e49b922","isMergeCommit":false,"messageTitle":"Level-8.2","messageBody":"","fileTypesAndContributionMap":{"java":{"insertions":3,"deletions":0}}},{"hash":"d7264926a138a26af6292e58434dae4870cfdda8","isMergeCommit":false,"messageTitle":"Delete src/main/java/command directory","messageBody":"","fileTypesAndContributionMap":{"java":{"insertions":0,"deletions":210}}},{"hash":"15fd74480a5d74e3bab9b74d1529d9a2b92c545b","isMergeCommit":false,"messageTitle":"Level-8.2","messageBody":"unitl JavaDoc","fileTypesAndContributionMap":{"java":{"insertions":264,"deletions":0}}},{"hash":"d34dd564d2662fd293accb31df2fd1f9ba52ac84","isMergeCommit":false,"messageTitle":"Level-8.2","messageBody":"Until JavaDoc","fileTypesAndContributionMap":{"java":{"insertions":60,"deletions":0}}},{"hash":"c26001a1765a6afcc49e2dc3ccd7db2b4bb3a655","isMergeCommit":false,"messageTitle":"Level-8.2","messageBody":"Until JavaDoc","fileTypesAndContributionMap":{"java":{"insertions":22,"deletions":4}}},{"hash":"6445a93a4b189fcef283f5ced1cade4eddc03076","isMergeCommit":false,"messageTitle":"Level-8.2","messageBody":"Until JavaDoc, loadfile not fix","fileTypesAndContributionMap":{"java":{"insertions":11,"deletions":3}}},{"hash":"06c1584553ca4f232b48fc65b1a41e8e16017031","isMergeCommit":false,"messageTitle":"Delete src/main/java/task directory","messageBody":"","fileTypesAndContributionMap":{"java":{"insertions":0,"deletions":168}}},{"hash":"457972349c8d442be8bdfb8dc1cdda003a4e2d73","isMergeCommit":false,"messageTitle":"Level-8.2","messageBody":"Until JavaDoc","fileTypesAndContributionMap":{"java":{"insertions":206,"deletions":0}}},{"hash":"12363aa892103858a71c32f5ba9cc79394a1f318","isMergeCommit":false,"messageTitle":"Level-8.2","messageBody":"Until JavaDoc","fileTypesAndContributionMap":{"java":{"insertions":4,"deletions":4}}}]},{"date":"2023-04-08","commitResults":[{"hash":"b6c18edecd18085f02d11ce8b8bb6134c78c08f8","isMergeCommit":false,"messageTitle":"Level-8 Junit","messageBody":"","fileTypesAndContributionMap":{"java":{"insertions":609,"deletions":0}}},{"hash":"0212b08a1528dc5468e912262177a0ad8e9f64f1","isMergeCommit":false,"messageTitle":"Upload file updated","messageBody":"","fileTypesAndContributionMap":{"java":{"insertions":9,"deletions":9}}}]},{"date":"2023-04-10","commitResults":[{"hash":"4bee95ca1c0472bf223eb8e3bbc9a791627edac7","isMergeCommit":false,"messageTitle":"Level-9 Find","messageBody":"","fileTypesAndContributionMap":{"java":{"insertions":53,"deletions":0}}},{"hash":"16c60f903aa22ea8e4928e24f33c06a95a344f9b","isMergeCommit":false,"messageTitle":"Level-9 Find","messageBody":"Editing Update","fileTypesAndContributionMap":{"java":{"insertions":9,"deletions":0}}},{"hash":"fac4b154aec7600033bd9a3d9e41a2f07080e219","isMergeCommit":false,"messageTitle":"Level-9 Find","messageBody":"","fileTypesAndContributionMap":{"java":{"insertions":23,"deletions":0}}},{"hash":"246972edaa959031699a34288f609ef6cbb267cd","isMergeCommit":false,"messageTitle":"Update","messageBody":"remove dead codes","fileTypesAndContributionMap":{"java":{"insertions":0,"deletions":3}}}]},{"date":"2023-04-11","commitResults":[{"hash":"14a1414f208e297a5aa17f9d5a5f06a878daf32a","isMergeCommit":false,"messageTitle":"Level-9 update","messageBody":"","fileTypesAndContributionMap":{"java":{"insertions":73,"deletions":0}}},{"hash":"df6ab141770cffac91d41c0c41bd1741b683a9e3","isMergeCommit":false,"messageTitle":"Edit printMsg","messageBody":"","fileTypesAndContributionMap":{"java":{"insertions":1,"deletions":1}}},{"hash":"f4416ea49df3685cfc9cb8e00a7d2ffeb3320af8","isMergeCommit":false,"messageTitle":"Level-9 Update","messageBody":"","fileTypesAndContributionMap":{"java":{"insertions":45,"deletions":0}}},{"hash":"8bb5f8255c27fe5434657fdc5534acc71011b3e5","isMergeCommit":false,"messageTitle":"Level-10 RecurringTasks","messageBody":"","fileTypesAndContributionMap":{"java":{"insertions":23,"deletions":0}}},{"hash":"65bacb61ba74069474dd92f4f16ad3851e01bfda","isMergeCommit":false,"messageTitle":"Level-10 RecurringTasks","messageBody":"","fileTypesAndContributionMap":{"java":{"insertions":42,"deletions":0}}},{"hash":"bf3af3a83b96c714ec1b4dd97e26fa6fdfd3abf9","isMergeCommit":false,"messageTitle":"Level-9 Update","messageBody":"","fileTypesAndContributionMap":{"java":{"insertions":8,"deletions":0}}},{"hash":"482c3dae412c073999fa70ab77800129153bad07","isMergeCommit":false,"messageTitle":"Level-9 Update","messageBody":"","fileTypesAndContributionMap":{"java":{"insertions":16,"deletions":0}}},{"hash":"556a9c18e47bc63acf096a702358855efd53a93f","isMergeCommit":false,"messageTitle":"Level-9 Update","messageBody":"","fileTypesAndContributionMap":{"java":{"insertions":8,"deletions":0}}},{"hash":"4dc41b210cf76a143eb28cc9506f2f01896bde31","isMergeCommit":false,"messageTitle":"Level-10 ReccuringTask","messageBody":"","fileTypesAndContributionMap":{"java":{"insertions":9,"deletions":5}}}]},{"date":"2023-04-12","commitResults":[{"hash":"879d618d0843c1258d2afc50d436e1a449d8dbe3","isMergeCommit":false,"messageTitle":"Edit code","messageBody":"","fileTypesAndContributionMap":{"java":{"insertions":8,"deletions":3}}}]},{"date":"2023-04-13","commitResults":[{"hash":"55b9e2cb29660062ea237c8fc64699d1d0565d5c","isMergeCommit":false,"messageTitle":"edit code","messageBody":"","fileTypesAndContributionMap":{"java":{"insertions":1,"deletions":0}}},{"hash":"3a05293aeb228b884e55e7fc0cc2ee82cd2eae18","isMergeCommit":false,"messageTitle":"edit code","messageBody":"","fileTypesAndContributionMap":{"java":{"insertions":2,"deletions":1}}},{"hash":"d7a9471f5baab3c8eddbf2f49dc9213110599a87","isMergeCommit":false,"messageTitle":"edit code","messageBody":"","fileTypesAndContributionMap":{"java":{"insertions":2,"deletions":1}}},{"hash":"cd2eec7cb12dd0a1050ff6c197cb8d93787b5f2e","isMergeCommit":false,"messageTitle":"edit code","messageBody":"","fileTypesAndContributionMap":{"java":{"insertions":1,"deletions":1}}},{"hash":"3df43d4d79ecb4168b73b27c0a7f68b5c9a1eb98","isMergeCommit":false,"messageTitle":"edit code","messageBody":"","fileTypesAndContributionMap":{"java":{"insertions":1,"deletions":0}}},{"hash":"7dae04ed6620e98c4449c368fcf71dd8f64e6611","isMergeCommit":false,"messageTitle":"Level 10 - update recurring task","messageBody":"","fileTypesAndContributionMap":{"java":{"insertions":24,"deletions":4}}},{"hash":"d72af4eb2f151b24761bb514a53abd6860c072b5","isMergeCommit":false,"messageTitle":"edit code","messageBody":"","fileTypesAndContributionMap":{"java":{"insertions":1,"deletions":0}}},{"hash":"449abfde5b9973c73b8f0b40194e5412dc01af17","isMergeCommit":false,"messageTitle":"edit code","messageBody":"","fileTypesAndContributionMap":{"java":{"insertions":1,"deletions":0}}},{"hash":"7a021dcbad176cbf13fc950fb0e252454eb626ea","isMergeCommit":false,"messageTitle":"edit code","messageBody":"","fileTypesAndContributionMap":{"java":{"insertions":2,"deletions":3}}},{"hash":"52ac05963f36b17f4d44336c208a63de709795f6","isMergeCommit":false,"messageTitle":"edit code","messageBody":"","fileTypesAndContributionMap":{"java":{"insertions":0,"deletions":1}}},{"hash":"59cf630dadaf9e097e6967082f2cd73a82a8575b","isMergeCommit":false,"messageTitle":"edit code","messageBody":"","fileTypesAndContributionMap":{"java":{"insertions":24,"deletions":34}}},{"hash":"149b5ac3c9773180d325068c4c75e77f101c62cd","isMergeCommit":false,"messageTitle":"edit code","messageBody":"","fileTypesAndContributionMap":{"java":{"insertions":18,"deletions":15}}},{"hash":"7324e81a32b4edb81468cbc81f2a28b7964de632","isMergeCommit":false,"messageTitle":"edit code","messageBody":"","fileTypesAndContributionMap":{"java":{"insertions":7,"deletions":3}}},{"hash":"c04cf17761bdf44c95d09c551517ea8113fba54c","isMergeCommit":false,"messageTitle":"edit code","messageBody":"","fileTypesAndContributionMap":{"java":{"insertions":10,"deletions":16}}},{"hash":"969afff999ecbb6afac4af38b91c5bcfc8c3f7e1","isMergeCommit":false,"messageTitle":"edit code","messageBody":"","fileTypesAndContributionMap":{"java":{"insertions":11,"deletions":1}}}]},{"date":"2023-04-16","commitResults":[{"hash":"16dec78a5be8469fc6c0fd7f142ad9ed0e30dc5c","isMergeCommit":false,"messageTitle":"update","messageBody":"","fileTypesAndContributionMap":{"java":{"insertions":6,"deletions":1}}},{"hash":"ea1c52ed72f789a63d96aefbd82016f72a8e7702","isMergeCommit":false,"messageTitle":"update","messageBody":"","fileTypesAndContributionMap":{"java":{"insertions":9,"deletions":5}}},{"hash":"bcd4921b64ff5e9db2bd985378152d0edea0aa10","isMergeCommit":false,"messageTitle":"update","messageBody":"","fileTypesAndContributionMap":{"java":{"insertions":9,"deletions":5}}},{"hash":"36c7fc316ea7e4967467ad709d5115f0b0fec39a","isMergeCommit":false,"messageTitle":"update","messageBody":"","fileTypesAndContributionMap":{"java":{"insertions":7,"deletions":3}}},{"hash":"a484b67026c0507930ba02a7954a2c822fb0d87f","isMergeCommit":false,"messageTitle":"update","messageBody":"","fileTypesAndContributionMap":{"java":{"insertions":7,"deletions":3}}},{"hash":"60f44c1ba701272aac28d52e658027a91f94a3a7","isMergeCommit":false,"messageTitle":"update","messageBody":"","fileTypesAndContributionMap":{"java":{"insertions":33,"deletions":24}}},{"hash":"16c21e7e17938c6b9c7c0e8de68b861a5fb12253","isMergeCommit":false,"messageTitle":"update","messageBody":"","fileTypesAndContributionMap":{"java":{"insertions":0,"deletions":2}}},{"hash":"af763289d399c327d865bb56c2e6112749e52a0e","isMergeCommit":false,"messageTitle":"update","messageBody":"","fileTypesAndContributionMap":{"java":{"insertions":2,"deletions":0}}}]}]},"authorFileTypeContributionMap":{"quaz96":{"java":1818,"md":0,"fxml":0,"sh":0,"bat":0,"gradle":0,"txt":3}},"authorContributionVariance":{"quaz96":24179.73},"authorDisplayNameMap":{"quaz96":"ONG ..ALES"}}
