[{"path":"data/storage.txt","fileType":"txt","lines":[{"lineNumber":1,"author":{"gitId":"zhehualols"},"content":"T | 1 | read a book","lastModifiedDate":"2023-04-16"},{"lineNumber":2,"author":{"gitId":"zhehualols"},"content":"D | 0 | create project | 2023-04-30 00:00","lastModifiedDate":"2023-04-16"},{"lineNumber":3,"author":{"gitId":"zhehualols"},"content":"T | 1 | return book","lastModifiedDate":"2023-04-16"},{"lineNumber":4,"author":{"gitId":"zhehualols"},"content":"E | 0 | submit project | 2023-04-15 00:00 | 2023-04-30 00:00","lastModifiedDate":"2023-04-16"}],"authorContributionMap":{"zhehualols":4}},{"path":"src/main/java/DateTimeUtl/DataTimeUtl.java","fileType":"java","lines":[{"lineNumber":1,"author":{"gitId":"zhehualols"},"content":"package DateTimeUtl;","lastModifiedDate":"2023-04-16"},{"lineNumber":2,"author":{"gitId":"zhehualols"},"content":"","lastModifiedDate":"2023-04-16"},{"lineNumber":3,"author":{"gitId":"zhehualols"},"content":"import java.time.LocalDateTime;","lastModifiedDate":"2023-04-16"},{"lineNumber":4,"author":{"gitId":"zhehualols"},"content":"import java.time.format.DateTimeFormatter;","lastModifiedDate":"2023-04-16"},{"lineNumber":5,"author":{"gitId":"zhehualols"},"content":"//Solution below adapted from https://github.com/ixxeden/duke/blob/master/src/main/java/duke/Utility/Util.java","lastModifiedDate":"2023-04-16"},{"lineNumber":6,"author":{"gitId":"zhehualols"},"content":"public class DataTimeUtl {","lastModifiedDate":"2023-04-16"},{"lineNumber":7,"author":{"gitId":"zhehualols"},"content":"    private static final String DATE_TIME_FORMAT \u003d \"yyyy-MM-dd HH:mm\";","lastModifiedDate":"2023-04-16"},{"lineNumber":8,"author":{"gitId":"zhehualols"},"content":"","lastModifiedDate":"2023-04-16"},{"lineNumber":9,"author":{"gitId":"zhehualols"},"content":"","lastModifiedDate":"2023-04-16"},{"lineNumber":10,"author":{"gitId":"zhehualols"},"content":"    /**","lastModifiedDate":"2023-04-16"},{"lineNumber":11,"author":{"gitId":"zhehualols"},"content":"     * This method converts valid date/datetime string into LocalDateTime format.","lastModifiedDate":"2023-04-16"},{"lineNumber":12,"author":{"gitId":"zhehualols"},"content":"     *","lastModifiedDate":"2023-04-16"},{"lineNumber":13,"author":{"gitId":"zhehualols"},"content":"     * @param dt A string representing the date.","lastModifiedDate":"2023-04-16"},{"lineNumber":14,"author":{"gitId":"zhehualols"},"content":"     * @return A datetime String in the format \"yyyy-MM-dd HH:mm\" if it\u0027s valid date input.","lastModifiedDate":"2023-04-16"},{"lineNumber":15,"author":{"gitId":"zhehualols"},"content":"     */","lastModifiedDate":"2023-04-16"},{"lineNumber":16,"author":{"gitId":"zhehualols"},"content":"    public static LocalDateTime convertDT(String dt) {","lastModifiedDate":"2023-04-16"},{"lineNumber":17,"author":{"gitId":"zhehualols"},"content":"        DateTimeFormatter formatter \u003d DateTimeFormatter.ofPattern(DATE_TIME_FORMAT);","lastModifiedDate":"2023-04-16"},{"lineNumber":18,"author":{"gitId":"zhehualols"},"content":"        LocalDateTime formattedDT \u003d LocalDateTime.parse(dt, formatter);","lastModifiedDate":"2023-04-16"},{"lineNumber":19,"author":{"gitId":"zhehualols"},"content":"        return formattedDT;","lastModifiedDate":"2023-04-16"},{"lineNumber":20,"author":{"gitId":"zhehualols"},"content":"    }","lastModifiedDate":"2023-04-16"},{"lineNumber":21,"author":{"gitId":"zhehualols"},"content":"","lastModifiedDate":"2023-04-16"},{"lineNumber":22,"author":{"gitId":"zhehualols"},"content":"}","lastModifiedDate":"2023-04-16"}],"authorContributionMap":{"zhehualols":22}},{"path":"src/main/java/Duke.java","fileType":"java","lines":[{"lineNumber":1,"author":{"gitId":"zhehualols"},"content":"import TaskList.TaskList;","lastModifiedDate":"2023-04-16"},{"lineNumber":2,"author":{"gitId":"zhehualols"},"content":"import Tasks.Deadline;","lastModifiedDate":"2023-04-16"},{"lineNumber":3,"author":{"gitId":"zhehualols"},"content":"import Tasks.Event;","lastModifiedDate":"2023-04-16"},{"lineNumber":4,"author":{"gitId":"zhehualols"},"content":"import Tasks.Task;","lastModifiedDate":"2023-04-16"},{"lineNumber":5,"author":{"gitId":"zhehualols"},"content":"import Tasks.Todo;","lastModifiedDate":"2023-04-16"},{"lineNumber":6,"author":{"gitId":"zhehualols"},"content":"import Ui.Interface;","lastModifiedDate":"2023-04-16"},{"lineNumber":7,"author":{"gitId":"zhehualols"},"content":"import Exception.DukeException;","lastModifiedDate":"2023-04-16"},{"lineNumber":8,"author":{"gitId":"zhehualols"},"content":"import Storage.Storage;","lastModifiedDate":"2023-04-16"},{"lineNumber":9,"author":{"gitId":"zhehualols"},"content":"import java.util.Scanner;","lastModifiedDate":"2023-03-05"},{"lineNumber":10,"author":{"gitId":"zhehualols"},"content":"import DateTimeUtl.DataTimeUtl;","lastModifiedDate":"2023-04-16"},{"lineNumber":11,"author":{"gitId":"zhehualols"},"content":"","lastModifiedDate":"2023-03-05"},{"lineNumber":12,"author":{"gitId":"-"},"content":"public class Duke {","lastModifiedDate":"2023-04-16"},{"lineNumber":13,"author":{"gitId":"zhehualols"},"content":"    private Interface ui;","lastModifiedDate":"2023-04-16"},{"lineNumber":14,"author":{"gitId":"zhehualols"},"content":"    private Storage storage;","lastModifiedDate":"2023-04-16"},{"lineNumber":15,"author":{"gitId":"zhehualols"},"content":"    private TaskList tasks;","lastModifiedDate":"2023-04-16"},{"lineNumber":16,"author":{"gitId":"zhehualols"},"content":"    public Duke(){","lastModifiedDate":"2023-04-16"},{"lineNumber":17,"author":{"gitId":"zhehualols"},"content":"        ui \u003d new Interface();","lastModifiedDate":"2023-04-16"},{"lineNumber":18,"author":{"gitId":"zhehualols"},"content":"        storage \u003d new Storage();","lastModifiedDate":"2023-04-16"},{"lineNumber":19,"author":{"gitId":"zhehualols"},"content":"        storage.readFile();","lastModifiedDate":"2023-04-16"},{"lineNumber":20,"author":{"gitId":"zhehualols"},"content":"        tasks \u003d storage;","lastModifiedDate":"2023-04-16"},{"lineNumber":21,"author":{"gitId":"zhehualols"},"content":"    }","lastModifiedDate":"2023-04-16"},{"lineNumber":22,"author":{"gitId":"zhehualols"},"content":"    public void run() {","lastModifiedDate":"2023-04-16"},{"lineNumber":23,"author":{"gitId":"zhehualols"},"content":"        ui.welcome();","lastModifiedDate":"2023-04-16"},{"lineNumber":24,"author":{"gitId":"zhehualols"},"content":"        String line ;","lastModifiedDate":"2023-04-16"},{"lineNumber":25,"author":{"gitId":"zhehualols"},"content":"        Scanner in \u003d new Scanner(System.in);","lastModifiedDate":"2023-03-05"},{"lineNumber":26,"author":{"gitId":"zhehualols"},"content":"","lastModifiedDate":"2023-03-05"},{"lineNumber":27,"author":{"gitId":"zhehualols"},"content":"        while(true) {","lastModifiedDate":"2023-04-16"},{"lineNumber":28,"author":{"gitId":"zhehualols"},"content":"","lastModifiedDate":"2023-04-16"},{"lineNumber":29,"author":{"gitId":"zhehualols"},"content":"            line \u003d in.nextLine();","lastModifiedDate":"2023-04-16"},{"lineNumber":30,"author":{"gitId":"zhehualols"},"content":"            if(line.toUpperCase().contains(\"BYE\")){","lastModifiedDate":"2023-04-16"},{"lineNumber":31,"author":{"gitId":"zhehualols"},"content":"                System.out.println(\"Bye. Hope to see you again soon!\");","lastModifiedDate":"2023-03-05"},{"lineNumber":32,"author":{"gitId":"zhehualols"},"content":"                break;","lastModifiedDate":"2023-03-05"},{"lineNumber":33,"author":{"gitId":"-"},"content":"            }","lastModifiedDate":"2019-07-29"},{"lineNumber":34,"author":{"gitId":"zhehualols"},"content":"            if(line.toUpperCase().contains(\"LIST\")){","lastModifiedDate":"2023-04-16"},{"lineNumber":35,"author":{"gitId":"zhehualols"},"content":"                tasks.printTaskList();","lastModifiedDate":"2023-04-16"},{"lineNumber":36,"author":{"gitId":"zhehualols"},"content":"                continue;","lastModifiedDate":"2023-03-05"},{"lineNumber":37,"author":{"gitId":"zhehualols"},"content":"            }","lastModifiedDate":"2023-03-05"},{"lineNumber":38,"author":{"gitId":"zhehualols"},"content":"            if(line.toUpperCase().contains(\"MARK\") \u0026\u0026 line.toUpperCase().contains(\"unmark\") \u003d\u003d false ){","lastModifiedDate":"2023-04-16"},{"lineNumber":39,"author":{"gitId":"zhehualols"},"content":"                String k \u003d line.replaceAll(\"[^0-9]\", \"\");","lastModifiedDate":"2023-04-16"},{"lineNumber":40,"author":{"gitId":"zhehualols"},"content":"                int taskNum \u003d Integer.parseInt(k)-1;","lastModifiedDate":"2023-03-05"},{"lineNumber":41,"author":{"gitId":"zhehualols"},"content":"                tasks.getListTask(taskNum).setDone();","lastModifiedDate":"2023-04-16"},{"lineNumber":42,"author":{"gitId":"zhehualols"},"content":"                System.out.println(\"Nice! I\u0027ve marked this task as done:\");","lastModifiedDate":"2023-03-05"},{"lineNumber":43,"author":{"gitId":"zhehualols"},"content":"                System.out.println(tasks.getListTask(taskNum).toString());","lastModifiedDate":"2023-04-16"},{"lineNumber":44,"author":{"gitId":"zhehualols"},"content":"                continue;","lastModifiedDate":"2023-03-05"},{"lineNumber":45,"author":{"gitId":"zhehualols"},"content":"            }","lastModifiedDate":"2023-03-05"},{"lineNumber":46,"author":{"gitId":"zhehualols"},"content":"            if(line.toUpperCase().contains(\"UNMARK\")){","lastModifiedDate":"2023-04-16"},{"lineNumber":47,"author":{"gitId":"zhehualols"},"content":"                String k \u003d line.replaceAll(\"[^0-9]\", \"\");","lastModifiedDate":"2023-04-16"},{"lineNumber":48,"author":{"gitId":"zhehualols"},"content":"                int taskNum \u003d Integer.parseInt(k)-1;","lastModifiedDate":"2023-03-05"},{"lineNumber":49,"author":{"gitId":"zhehualols"},"content":"                tasks.getListTask(taskNum).setUnDone();","lastModifiedDate":"2023-04-16"},{"lineNumber":50,"author":{"gitId":"zhehualols"},"content":"                System.out.println(\"OK, I\u0027ve marked this task as not done yet:\");","lastModifiedDate":"2023-03-05"},{"lineNumber":51,"author":{"gitId":"zhehualols"},"content":"                System.out.println(tasks.getListTask(taskNum).toString());","lastModifiedDate":"2023-04-16"},{"lineNumber":52,"author":{"gitId":"zhehualols"},"content":"                continue;","lastModifiedDate":"2023-04-16"},{"lineNumber":53,"author":{"gitId":"zhehualols"},"content":"            }","lastModifiedDate":"2023-04-16"},{"lineNumber":54,"author":{"gitId":"zhehualols"},"content":"            if(line.toUpperCase().contains(\"PRIORITY\")){","lastModifiedDate":"2023-04-16"},{"lineNumber":55,"author":{"gitId":"zhehualols"},"content":"                String k \u003d line.replaceAll(\"[^0-9]\", \"\");","lastModifiedDate":"2023-04-16"},{"lineNumber":56,"author":{"gitId":"zhehualols"},"content":"                int taskNum \u003d Integer.parseInt(k)-1;","lastModifiedDate":"2023-04-16"},{"lineNumber":57,"author":{"gitId":"zhehualols"},"content":"                String[] priority \u003d line.split(\" \" , 3);","lastModifiedDate":"2023-04-16"},{"lineNumber":58,"author":{"gitId":"zhehualols"},"content":"                switch(priority[2].toUpperCase()){","lastModifiedDate":"2023-04-16"},{"lineNumber":59,"author":{"gitId":"zhehualols"},"content":"                    case \"HIGH\":","lastModifiedDate":"2023-04-16"},{"lineNumber":60,"author":{"gitId":"zhehualols"},"content":"                        tasks.getListTask(taskNum).changePriority(Task.priorityLevel.High);","lastModifiedDate":"2023-04-16"},{"lineNumber":61,"author":{"gitId":"zhehualols"},"content":"                        break;","lastModifiedDate":"2023-04-16"},{"lineNumber":62,"author":{"gitId":"zhehualols"},"content":"                    case \"MEDIUM\":","lastModifiedDate":"2023-04-16"},{"lineNumber":63,"author":{"gitId":"zhehualols"},"content":"                        tasks.getListTask(taskNum).changePriority(Task.priorityLevel.High);","lastModifiedDate":"2023-04-16"},{"lineNumber":64,"author":{"gitId":"zhehualols"},"content":"                        break;","lastModifiedDate":"2023-04-16"},{"lineNumber":65,"author":{"gitId":"zhehualols"},"content":"                    case \"LOW\":","lastModifiedDate":"2023-04-16"},{"lineNumber":66,"author":{"gitId":"zhehualols"},"content":"                        tasks.getListTask(taskNum).changePriority(Task.priorityLevel.High);","lastModifiedDate":"2023-04-16"},{"lineNumber":67,"author":{"gitId":"zhehualols"},"content":"                        break;","lastModifiedDate":"2023-04-16"},{"lineNumber":68,"author":{"gitId":"zhehualols"},"content":"                    default:","lastModifiedDate":"2023-04-16"},{"lineNumber":69,"author":{"gitId":"zhehualols"},"content":"                        System.out.println(\"priority given is wrong. Only (high , medium , low)\");","lastModifiedDate":"2023-04-16"},{"lineNumber":70,"author":{"gitId":"zhehualols"},"content":"                        continue;","lastModifiedDate":"2023-04-16"},{"lineNumber":71,"author":{"gitId":"zhehualols"},"content":"                }","lastModifiedDate":"2023-04-16"},{"lineNumber":72,"author":{"gitId":"zhehualols"},"content":"                System.out.println(\"OK, I\u0027ve changed this task\u0027s prioirty to: \" + priority[2]);","lastModifiedDate":"2023-04-16"},{"lineNumber":73,"author":{"gitId":"zhehualols"},"content":"                System.out.println(tasks.getListTask(taskNum).toString());","lastModifiedDate":"2023-04-16"},{"lineNumber":74,"author":{"gitId":"zhehualols"},"content":"                continue;","lastModifiedDate":"2023-04-16"},{"lineNumber":75,"author":{"gitId":"zhehualols"},"content":"            }","lastModifiedDate":"2023-04-16"},{"lineNumber":76,"author":{"gitId":"zhehualols"},"content":"            if(line.toUpperCase().contains(\"DELETE\")){","lastModifiedDate":"2023-04-16"},{"lineNumber":77,"author":{"gitId":"zhehualols"},"content":"                String k \u003d line.replaceAll(\"[^0-9]\", \"\");","lastModifiedDate":"2023-04-16"},{"lineNumber":78,"author":{"gitId":"zhehualols"},"content":"                int taskNum \u003d Integer.parseInt(k)-1;","lastModifiedDate":"2023-04-16"},{"lineNumber":79,"author":{"gitId":"zhehualols"},"content":"                ui.printRemovedTask(tasks.getListTask(taskNum).toString(), tasks.getListSize()-1);","lastModifiedDate":"2023-04-16"},{"lineNumber":80,"author":{"gitId":"zhehualols"},"content":"                tasks.removeListTask(taskNum);","lastModifiedDate":"2023-04-16"},{"lineNumber":81,"author":{"gitId":"zhehualols"},"content":"                continue;","lastModifiedDate":"2023-03-05"},{"lineNumber":82,"author":{"gitId":"zhehualols"},"content":"            }","lastModifiedDate":"2023-03-05"},{"lineNumber":83,"author":{"gitId":"zhehualols"},"content":"            if(line.toUpperCase().contains(\"FIND\")){","lastModifiedDate":"2023-04-16"},{"lineNumber":84,"author":{"gitId":"zhehualols"},"content":"                String[] spiltInput \u003d line.split(\" \", 2);","lastModifiedDate":"2023-04-16"},{"lineNumber":85,"author":{"gitId":"zhehualols"},"content":"                System.out.println(\"Here are the matching tasks in your list:\");","lastModifiedDate":"2023-04-16"},{"lineNumber":86,"author":{"gitId":"zhehualols"},"content":"                for (int i \u003d 0 ; i \u003c tasks.getListSize() ; i++) {","lastModifiedDate":"2023-04-16"},{"lineNumber":87,"author":{"gitId":"zhehualols"},"content":"                    if (tasks.getListTask(i).getDescription().contains(spiltInput[1])) {","lastModifiedDate":"2023-04-16"},{"lineNumber":88,"author":{"gitId":"zhehualols"},"content":"                        System.out.println(tasks.getListTask(i));","lastModifiedDate":"2023-04-16"},{"lineNumber":89,"author":{"gitId":"zhehualols"},"content":"                    }","lastModifiedDate":"2023-04-16"},{"lineNumber":90,"author":{"gitId":"zhehualols"},"content":"                }","lastModifiedDate":"2023-04-16"},{"lineNumber":91,"author":{"gitId":"zhehualols"},"content":"                continue;","lastModifiedDate":"2023-04-16"},{"lineNumber":92,"author":{"gitId":"zhehualols"},"content":"            }","lastModifiedDate":"2023-04-16"},{"lineNumber":93,"author":{"gitId":"zhehualols"},"content":"            if(line.toUpperCase().contains(\"TODO\")){","lastModifiedDate":"2023-04-16"},{"lineNumber":94,"author":{"gitId":"zhehualols"},"content":"                String[] spiltInput \u003d line.split(\" \", 2);","lastModifiedDate":"2023-04-16"},{"lineNumber":95,"author":{"gitId":"zhehualols"},"content":"                if(spiltInput.length \u003c 2){ // No description of task","lastModifiedDate":"2023-04-16"},{"lineNumber":96,"author":{"gitId":"zhehualols"},"content":"                    DukeException exception \u003d new DukeException(\"☹ OOPS!!! The description of a \" + spiltInput[0].trim() + \" cannot be empty.\");","lastModifiedDate":"2023-04-16"},{"lineNumber":97,"author":{"gitId":"zhehualols"},"content":"                    exception.printException();","lastModifiedDate":"2023-04-16"},{"lineNumber":98,"author":{"gitId":"zhehualols"},"content":"                    continue;","lastModifiedDate":"2023-04-16"},{"lineNumber":99,"author":{"gitId":"zhehualols"},"content":"                }","lastModifiedDate":"2023-04-16"},{"lineNumber":100,"author":{"gitId":"zhehualols"},"content":"                tasks.addListTask(new Todo(spiltInput[1]));","lastModifiedDate":"2023-04-16"},{"lineNumber":101,"author":{"gitId":"zhehualols"},"content":"                ui.printAddedTask(tasks.getListTask(tasks.getListSize()-1).getDescription(),tasks.getListSize());","lastModifiedDate":"2023-04-16"},{"lineNumber":102,"author":{"gitId":"zhehualols"},"content":"                continue;","lastModifiedDate":"2023-04-16"},{"lineNumber":103,"author":{"gitId":"zhehualols"},"content":"            }","lastModifiedDate":"2023-04-16"},{"lineNumber":104,"author":{"gitId":"zhehualols"},"content":"            if(line.toUpperCase().contains(\"EVENT\")){","lastModifiedDate":"2023-04-16"},{"lineNumber":105,"author":{"gitId":"zhehualols"},"content":"                String[] spiltInput \u003d line.split(\" \", 2);","lastModifiedDate":"2023-04-16"},{"lineNumber":106,"author":{"gitId":"zhehualols"},"content":"                if(line.toUpperCase().contains(\"/FROM\") \u0026\u0026 line.toUpperCase().contains(\"/TO\")) {","lastModifiedDate":"2023-04-16"},{"lineNumber":107,"author":{"gitId":"zhehualols"},"content":"                    if(spiltInput.length \u003c 2){","lastModifiedDate":"2023-04-16"},{"lineNumber":108,"author":{"gitId":"zhehualols"},"content":"                        DukeException exception \u003d new DukeException(\"☹ OOPS!!! The description of a \" + spiltInput[0].trim() + \" cannot be empty.\");","lastModifiedDate":"2023-04-16"},{"lineNumber":109,"author":{"gitId":"zhehualols"},"content":"                        exception.printException();","lastModifiedDate":"2023-04-16"},{"lineNumber":110,"author":{"gitId":"zhehualols"},"content":"                        continue;","lastModifiedDate":"2023-04-16"},{"lineNumber":111,"author":{"gitId":"zhehualols"},"content":"                    }","lastModifiedDate":"2023-04-16"},{"lineNumber":112,"author":{"gitId":"zhehualols"},"content":"                    String[] espiltInput \u003d spiltInput[1].split(\"/from\",2);","lastModifiedDate":"2023-04-16"},{"lineNumber":113,"author":{"gitId":"zhehualols"},"content":"                    String[] espiltInput2 \u003d espiltInput[1].split(\"/to\",2);","lastModifiedDate":"2023-04-16"},{"lineNumber":114,"author":{"gitId":"zhehualols"},"content":"                    tasks.addListTask(new Event(espiltInput[0],","lastModifiedDate":"2023-04-16"},{"lineNumber":115,"author":{"gitId":"zhehualols"},"content":"                            DataTimeUtl.convertDT(espiltInput2[0].trim()),","lastModifiedDate":"2023-04-16"},{"lineNumber":116,"author":{"gitId":"zhehualols"},"content":"                            DataTimeUtl.convertDT(espiltInput2[1].trim())));","lastModifiedDate":"2023-04-16"},{"lineNumber":117,"author":{"gitId":"zhehualols"},"content":"                    ui.printAddedTask(tasks.getListTask(tasks.getListSize()-1).getDescription(),tasks.getListSize());","lastModifiedDate":"2023-04-16"},{"lineNumber":118,"author":{"gitId":"zhehualols"},"content":"                    continue;","lastModifiedDate":"2023-04-16"},{"lineNumber":119,"author":{"gitId":"zhehualols"},"content":"                }","lastModifiedDate":"2023-04-16"},{"lineNumber":120,"author":{"gitId":"zhehualols"},"content":"                else {","lastModifiedDate":"2023-04-16"},{"lineNumber":121,"author":{"gitId":"zhehualols"},"content":"                    DukeException exception \u003d new DukeException(\"☹ OOPS!!! command is missing /from or /to for event task\");","lastModifiedDate":"2023-04-16"},{"lineNumber":122,"author":{"gitId":"zhehualols"},"content":"                    exception.printException();","lastModifiedDate":"2023-04-16"},{"lineNumber":123,"author":{"gitId":"zhehualols"},"content":"                    continue;","lastModifiedDate":"2023-04-16"},{"lineNumber":124,"author":{"gitId":"zhehualols"},"content":"                }","lastModifiedDate":"2023-04-16"},{"lineNumber":125,"author":{"gitId":"zhehualols"},"content":"            }","lastModifiedDate":"2023-04-16"},{"lineNumber":126,"author":{"gitId":"zhehualols"},"content":"            if(line.toUpperCase().contains(\"DEADLINE\")){","lastModifiedDate":"2023-04-16"},{"lineNumber":127,"author":{"gitId":"zhehualols"},"content":"                String[] spiltInput \u003d line.split(\" \", 2);","lastModifiedDate":"2023-04-16"},{"lineNumber":128,"author":{"gitId":"zhehualols"},"content":"                if(line.toUpperCase().contains(\"/BY\")) {","lastModifiedDate":"2023-04-16"},{"lineNumber":129,"author":{"gitId":"zhehualols"},"content":"                    if(spiltInput.length \u003c 2){","lastModifiedDate":"2023-04-16"},{"lineNumber":130,"author":{"gitId":"zhehualols"},"content":"                        DukeException exception\u003d new DukeException(\"☹ OOPS!!! The description of a \" + spiltInput[0].trim() + \" cannot be empty.\");","lastModifiedDate":"2023-04-16"},{"lineNumber":131,"author":{"gitId":"zhehualols"},"content":"                        exception.printException();","lastModifiedDate":"2023-04-16"},{"lineNumber":132,"author":{"gitId":"zhehualols"},"content":"                        continue;","lastModifiedDate":"2023-04-16"},{"lineNumber":133,"author":{"gitId":"zhehualols"},"content":"                    }","lastModifiedDate":"2023-04-16"},{"lineNumber":134,"author":{"gitId":"zhehualols"},"content":"                    String[] dspiltInput \u003d spiltInput[1].split(\"/by\",2);","lastModifiedDate":"2023-04-16"},{"lineNumber":135,"author":{"gitId":"zhehualols"},"content":"                    tasks.addListTask(new Deadline(dspiltInput[0], DataTimeUtl.convertDT(dspiltInput[1].trim())));","lastModifiedDate":"2023-04-16"},{"lineNumber":136,"author":{"gitId":"zhehualols"},"content":"                    ui.printAddedTask(tasks.getListTask(tasks.getListSize()-1).getDescription(),tasks.getListSize());","lastModifiedDate":"2023-04-16"},{"lineNumber":137,"author":{"gitId":"zhehualols"},"content":"                    continue;","lastModifiedDate":"2023-04-16"},{"lineNumber":138,"author":{"gitId":"zhehualols"},"content":"                }","lastModifiedDate":"2023-04-16"},{"lineNumber":139,"author":{"gitId":"zhehualols"},"content":"                else {","lastModifiedDate":"2023-04-16"},{"lineNumber":140,"author":{"gitId":"zhehualols"},"content":"                    DukeException exception \u003d new DukeException(\"☹ OOPS!!! command is missing a /by for deadline task\");","lastModifiedDate":"2023-04-16"},{"lineNumber":141,"author":{"gitId":"zhehualols"},"content":"                    exception.printException();","lastModifiedDate":"2023-04-16"},{"lineNumber":142,"author":{"gitId":"zhehualols"},"content":"                    continue;","lastModifiedDate":"2023-04-16"},{"lineNumber":143,"author":{"gitId":"zhehualols"},"content":"                }","lastModifiedDate":"2023-04-16"},{"lineNumber":144,"author":{"gitId":"zhehualols"},"content":"            }","lastModifiedDate":"2023-04-16"},{"lineNumber":145,"author":{"gitId":"zhehualols"},"content":"            System.out.println(\"☹ OOPS!!! I\u0027m sorry, but I don\u0027t know what that means :-(\");","lastModifiedDate":"2023-04-16"},{"lineNumber":146,"author":{"gitId":"zhehualols"},"content":"        }","lastModifiedDate":"2023-03-05"},{"lineNumber":147,"author":{"gitId":"zhehualols"},"content":"","lastModifiedDate":"2023-03-05"},{"lineNumber":148,"author":{"gitId":"zhehualols"},"content":"    }","lastModifiedDate":"2023-03-05"},{"lineNumber":149,"author":{"gitId":"-"},"content":"    public static void main(String[] args) {","lastModifiedDate":"2023-04-16"},{"lineNumber":150,"author":{"gitId":"zhehualols"},"content":"        new Duke().run();","lastModifiedDate":"2023-04-16"},{"lineNumber":151,"author":{"gitId":"-"},"content":"    }","lastModifiedDate":"2023-04-16"},{"lineNumber":152,"author":{"gitId":"zhehualols"},"content":"","lastModifiedDate":"2023-03-05"},{"lineNumber":153,"author":{"gitId":"-"},"content":"}","lastModifiedDate":"2019-07-29"}],"authorContributionMap":{"zhehualols":148,"-":5}},{"path":"src/main/java/Exception/DukeException.java","fileType":"java","lines":[{"lineNumber":1,"author":{"gitId":"zhehualols"},"content":"package Exception;","lastModifiedDate":"2023-04-16"},{"lineNumber":2,"author":{"gitId":"zhehualols"},"content":"","lastModifiedDate":"2023-04-16"},{"lineNumber":3,"author":{"gitId":"zhehualols"},"content":"public class DukeException extends Exception{","lastModifiedDate":"2023-04-16"},{"lineNumber":4,"author":{"gitId":"zhehualols"},"content":"    private String errMsg;","lastModifiedDate":"2023-04-16"},{"lineNumber":5,"author":{"gitId":"zhehualols"},"content":"","lastModifiedDate":"2023-04-16"},{"lineNumber":6,"author":{"gitId":"zhehualols"},"content":"    public DukeException(String s) {","lastModifiedDate":"2023-04-16"},{"lineNumber":7,"author":{"gitId":"zhehualols"},"content":"        this.errMsg \u003d s;","lastModifiedDate":"2023-04-16"},{"lineNumber":8,"author":{"gitId":"zhehualols"},"content":"    }","lastModifiedDate":"2023-04-16"},{"lineNumber":9,"author":{"gitId":"zhehualols"},"content":"","lastModifiedDate":"2023-04-16"},{"lineNumber":10,"author":{"gitId":"zhehualols"},"content":"    public void printException(){","lastModifiedDate":"2023-04-16"},{"lineNumber":11,"author":{"gitId":"zhehualols"},"content":"        System.out.println(errMsg);","lastModifiedDate":"2023-04-16"},{"lineNumber":12,"author":{"gitId":"zhehualols"},"content":"    }","lastModifiedDate":"2023-04-16"},{"lineNumber":13,"author":{"gitId":"zhehualols"},"content":"}","lastModifiedDate":"2023-04-16"}],"authorContributionMap":{"zhehualols":13}},{"path":"src/main/java/Storage/Storage.java","fileType":"java","lines":[{"lineNumber":1,"author":{"gitId":"zhehualols"},"content":"package Storage;","lastModifiedDate":"2023-04-16"},{"lineNumber":2,"author":{"gitId":"zhehualols"},"content":"","lastModifiedDate":"2023-04-16"},{"lineNumber":3,"author":{"gitId":"zhehualols"},"content":"import Exception.DukeException;","lastModifiedDate":"2023-04-16"},{"lineNumber":4,"author":{"gitId":"zhehualols"},"content":"import Ui.*;","lastModifiedDate":"2023-04-16"},{"lineNumber":5,"author":{"gitId":"zhehualols"},"content":"import TaskList.*;","lastModifiedDate":"2023-04-16"},{"lineNumber":6,"author":{"gitId":"zhehualols"},"content":"import java.io.File;","lastModifiedDate":"2023-04-16"},{"lineNumber":7,"author":{"gitId":"zhehualols"},"content":"import java.io.FileNotFoundException;","lastModifiedDate":"2023-04-16"},{"lineNumber":8,"author":{"gitId":"zhehualols"},"content":"import java.io.FileWriter;","lastModifiedDate":"2023-04-16"},{"lineNumber":9,"author":{"gitId":"zhehualols"},"content":"import java.io.IOException;","lastModifiedDate":"2023-04-16"},{"lineNumber":10,"author":{"gitId":"zhehualols"},"content":"import java.util.Scanner;","lastModifiedDate":"2023-04-16"},{"lineNumber":11,"author":{"gitId":"zhehualols"},"content":"","lastModifiedDate":"2023-04-16"},{"lineNumber":12,"author":{"gitId":"zhehualols"},"content":"public class Storage extends TaskList {","lastModifiedDate":"2023-04-16"},{"lineNumber":13,"author":{"gitId":"zhehualols"},"content":"    private final String filePath;","lastModifiedDate":"2023-04-16"},{"lineNumber":14,"author":{"gitId":"zhehualols"},"content":"    private static final Storage storage \u003d new Storage();","lastModifiedDate":"2023-04-16"},{"lineNumber":15,"author":{"gitId":"zhehualols"},"content":"","lastModifiedDate":"2023-04-16"},{"lineNumber":16,"author":{"gitId":"zhehualols"},"content":"    public Storage() {","lastModifiedDate":"2023-04-16"},{"lineNumber":17,"author":{"gitId":"zhehualols"},"content":"        String dir \u003d System.getProperty(\"user.dir\");","lastModifiedDate":"2023-04-16"},{"lineNumber":18,"author":{"gitId":"zhehualols"},"content":"        java.nio.file.Path path \u003d java.nio.file.Paths.get(dir, \"data\", \"storage.txt\");","lastModifiedDate":"2023-04-16"},{"lineNumber":19,"author":{"gitId":"zhehualols"},"content":"        this.filePath \u003d path.toString();","lastModifiedDate":"2023-04-16"},{"lineNumber":20,"author":{"gitId":"zhehualols"},"content":"        fileCreate();","lastModifiedDate":"2023-04-16"},{"lineNumber":21,"author":{"gitId":"zhehualols"},"content":"    }","lastModifiedDate":"2023-04-16"},{"lineNumber":22,"author":{"gitId":"zhehualols"},"content":"","lastModifiedDate":"2023-04-16"},{"lineNumber":23,"author":{"gitId":"zhehualols"},"content":"","lastModifiedDate":"2023-04-16"},{"lineNumber":24,"author":{"gitId":"zhehualols"},"content":"","lastModifiedDate":"2023-04-16"},{"lineNumber":25,"author":{"gitId":"zhehualols"},"content":"    public void fileCreate() {","lastModifiedDate":"2023-04-16"},{"lineNumber":26,"author":{"gitId":"zhehualols"},"content":"        try {","lastModifiedDate":"2023-04-16"},{"lineNumber":27,"author":{"gitId":"zhehualols"},"content":"            File file \u003d new File(this.filePath);","lastModifiedDate":"2023-04-16"},{"lineNumber":28,"author":{"gitId":"zhehualols"},"content":"            boolean isCreateNewFile \u003d file.createNewFile();","lastModifiedDate":"2023-04-16"},{"lineNumber":29,"author":{"gitId":"zhehualols"},"content":"            if (isCreateNewFile) {","lastModifiedDate":"2023-04-16"},{"lineNumber":30,"author":{"gitId":"zhehualols"},"content":"                System.out.println(\"File created,file path: \" + file.getAbsolutePath());","lastModifiedDate":"2023-04-16"},{"lineNumber":31,"author":{"gitId":"zhehualols"},"content":"            } else {","lastModifiedDate":"2023-04-16"},{"lineNumber":32,"author":{"gitId":"zhehualols"},"content":"                System.out.println(\"File already exist,file path: \" + file.getAbsolutePath());","lastModifiedDate":"2023-04-16"},{"lineNumber":33,"author":{"gitId":"zhehualols"},"content":"            }","lastModifiedDate":"2023-04-16"},{"lineNumber":34,"author":{"gitId":"zhehualols"},"content":"            Interface.printDivider();","lastModifiedDate":"2023-04-16"},{"lineNumber":35,"author":{"gitId":"zhehualols"},"content":"        } catch (IOException e) {","lastModifiedDate":"2023-04-16"},{"lineNumber":36,"author":{"gitId":"zhehualols"},"content":"            DukeException exception \u003d  new DukeException(\"☹ OOPS!!! An error for file create occurred.\");","lastModifiedDate":"2023-04-16"},{"lineNumber":37,"author":{"gitId":"zhehualols"},"content":"            exception.printException();","lastModifiedDate":"2023-04-16"},{"lineNumber":38,"author":{"gitId":"zhehualols"},"content":"        }","lastModifiedDate":"2023-04-16"},{"lineNumber":39,"author":{"gitId":"zhehualols"},"content":"    }","lastModifiedDate":"2023-04-16"},{"lineNumber":40,"author":{"gitId":"zhehualols"},"content":"","lastModifiedDate":"2023-04-16"},{"lineNumber":41,"author":{"gitId":"zhehualols"},"content":"    public void writeToFile(String textToAdd) {","lastModifiedDate":"2023-04-16"},{"lineNumber":42,"author":{"gitId":"zhehualols"},"content":"        try {","lastModifiedDate":"2023-04-16"},{"lineNumber":43,"author":{"gitId":"zhehualols"},"content":"            FileWriter fw \u003d new FileWriter(this.filePath);","lastModifiedDate":"2023-04-16"},{"lineNumber":44,"author":{"gitId":"zhehualols"},"content":"            fw.write(textToAdd);","lastModifiedDate":"2023-04-16"},{"lineNumber":45,"author":{"gitId":"zhehualols"},"content":"            fw.close();","lastModifiedDate":"2023-04-16"},{"lineNumber":46,"author":{"gitId":"zhehualols"},"content":"        } catch (IOException e) {","lastModifiedDate":"2023-04-16"},{"lineNumber":47,"author":{"gitId":"zhehualols"},"content":"            DukeException exception \u003d new DukeException(\"File write get problem!\");","lastModifiedDate":"2023-04-16"},{"lineNumber":48,"author":{"gitId":"zhehualols"},"content":"            exception.printException();","lastModifiedDate":"2023-04-16"},{"lineNumber":49,"author":{"gitId":"zhehualols"},"content":"        }","lastModifiedDate":"2023-04-16"},{"lineNumber":50,"author":{"gitId":"zhehualols"},"content":"    }","lastModifiedDate":"2023-04-16"},{"lineNumber":51,"author":{"gitId":"zhehualols"},"content":"","lastModifiedDate":"2023-04-16"},{"lineNumber":52,"author":{"gitId":"zhehualols"},"content":"    public void readFile() {","lastModifiedDate":"2023-04-16"},{"lineNumber":53,"author":{"gitId":"zhehualols"},"content":"        try {","lastModifiedDate":"2023-04-16"},{"lineNumber":54,"author":{"gitId":"zhehualols"},"content":"            File file \u003d new File(this.filePath);","lastModifiedDate":"2023-04-16"},{"lineNumber":55,"author":{"gitId":"zhehualols"},"content":"            Scanner s \u003d new Scanner(file);","lastModifiedDate":"2023-04-16"},{"lineNumber":56,"author":{"gitId":"zhehualols"},"content":"            while (s.hasNextLine()) {","lastModifiedDate":"2023-04-16"},{"lineNumber":57,"author":{"gitId":"zhehualols"},"content":"                storage.loadTask(taskPerLine(s.nextLine()));","lastModifiedDate":"2023-04-16"},{"lineNumber":58,"author":{"gitId":"zhehualols"},"content":"            }","lastModifiedDate":"2023-04-16"},{"lineNumber":59,"author":{"gitId":"zhehualols"},"content":"        } catch (FileNotFoundException e) {","lastModifiedDate":"2023-04-16"},{"lineNumber":60,"author":{"gitId":"zhehualols"},"content":"            DukeException exception \u003d new DukeException(\"File read get problem!\");","lastModifiedDate":"2023-04-16"},{"lineNumber":61,"author":{"gitId":"zhehualols"},"content":"            exception.printException();","lastModifiedDate":"2023-04-16"},{"lineNumber":62,"author":{"gitId":"zhehualols"},"content":"        }","lastModifiedDate":"2023-04-16"},{"lineNumber":63,"author":{"gitId":"zhehualols"},"content":"    }","lastModifiedDate":"2023-04-16"},{"lineNumber":64,"author":{"gitId":"zhehualols"},"content":"}","lastModifiedDate":"2023-04-16"}],"authorContributionMap":{"zhehualols":64}},{"path":"src/main/java/TaskList/TaskList.java","fileType":"java","lines":[{"lineNumber":1,"author":{"gitId":"zhehualols"},"content":"package TaskList;","lastModifiedDate":"2023-04-16"},{"lineNumber":2,"author":{"gitId":"zhehualols"},"content":"","lastModifiedDate":"2023-04-16"},{"lineNumber":3,"author":{"gitId":"zhehualols"},"content":"import Tasks.*;","lastModifiedDate":"2023-04-16"},{"lineNumber":4,"author":{"gitId":"zhehualols"},"content":"import java.time.LocalDateTime;","lastModifiedDate":"2023-04-16"},{"lineNumber":5,"author":{"gitId":"zhehualols"},"content":"import java.time.format.DateTimeFormatter;","lastModifiedDate":"2023-04-16"},{"lineNumber":6,"author":{"gitId":"zhehualols"},"content":"import java.util.ArrayList;","lastModifiedDate":"2023-04-16"},{"lineNumber":7,"author":{"gitId":"zhehualols"},"content":"public class TaskList {","lastModifiedDate":"2023-04-16"},{"lineNumber":8,"author":{"gitId":"zhehualols"},"content":"    private ArrayList\u003cTask\u003e list; //initialize Tasks.Task arraylist","lastModifiedDate":"2023-04-16"},{"lineNumber":9,"author":{"gitId":"zhehualols"},"content":"","lastModifiedDate":"2023-04-16"},{"lineNumber":10,"author":{"gitId":"zhehualols"},"content":"    public TaskList() {","lastModifiedDate":"2023-04-16"},{"lineNumber":11,"author":{"gitId":"zhehualols"},"content":"        this.list \u003d new ArrayList\u003cTask\u003e();","lastModifiedDate":"2023-04-16"},{"lineNumber":12,"author":{"gitId":"zhehualols"},"content":"    }","lastModifiedDate":"2023-04-16"},{"lineNumber":13,"author":{"gitId":"zhehualols"},"content":"    public void printTaskList() { // Prints TaskList.TaskList","lastModifiedDate":"2023-04-16"},{"lineNumber":14,"author":{"gitId":"zhehualols"},"content":"        System.out.println(\"Here are the tasks in your list:\");","lastModifiedDate":"2023-04-16"},{"lineNumber":15,"author":{"gitId":"zhehualols"},"content":"        for(int i \u003d 0; i \u003c this.list.size(); i++) {","lastModifiedDate":"2023-04-16"},{"lineNumber":16,"author":{"gitId":"zhehualols"},"content":"            System.out.println(i+1 + \".\" + this.list.get(i).toString());","lastModifiedDate":"2023-04-16"},{"lineNumber":17,"author":{"gitId":"zhehualols"},"content":"        }","lastModifiedDate":"2023-04-16"},{"lineNumber":18,"author":{"gitId":"zhehualols"},"content":"    }","lastModifiedDate":"2023-04-16"},{"lineNumber":19,"author":{"gitId":"zhehualols"},"content":"","lastModifiedDate":"2023-04-16"},{"lineNumber":20,"author":{"gitId":"zhehualols"},"content":"","lastModifiedDate":"2023-04-16"},{"lineNumber":21,"author":{"gitId":"zhehualols"},"content":"    public void loadTask(Task task){","lastModifiedDate":"2023-04-16"},{"lineNumber":22,"author":{"gitId":"zhehualols"},"content":"        this.list.add(task);","lastModifiedDate":"2023-04-16"},{"lineNumber":23,"author":{"gitId":"zhehualols"},"content":"    }","lastModifiedDate":"2023-04-16"},{"lineNumber":24,"author":{"gitId":"zhehualols"},"content":"","lastModifiedDate":"2023-04-16"},{"lineNumber":25,"author":{"gitId":"zhehualols"},"content":"    public static Task taskPerLine(String nextLine) {","lastModifiedDate":"2023-04-16"},{"lineNumber":26,"author":{"gitId":"zhehualols"},"content":"        String[] body \u003d nextLine.split(\" \\\\| \");","lastModifiedDate":"2023-04-16"},{"lineNumber":27,"author":{"gitId":"zhehualols"},"content":"        Task task \u003d null;","lastModifiedDate":"2023-04-16"},{"lineNumber":28,"author":{"gitId":"zhehualols"},"content":"        switch (body[0]) {","lastModifiedDate":"2023-04-16"},{"lineNumber":29,"author":{"gitId":"zhehualols"},"content":"            case \"T\": // Todo task type","lastModifiedDate":"2023-04-16"},{"lineNumber":30,"author":{"gitId":"zhehualols"},"content":"                task \u003d new Todo(body[2]);","lastModifiedDate":"2023-04-16"},{"lineNumber":31,"author":{"gitId":"zhehualols"},"content":"                if (body[1].equals(\"1\")) {","lastModifiedDate":"2023-04-16"},{"lineNumber":32,"author":{"gitId":"zhehualols"},"content":"                    task.setDone();","lastModifiedDate":"2023-04-16"},{"lineNumber":33,"author":{"gitId":"zhehualols"},"content":"                }","lastModifiedDate":"2023-04-16"},{"lineNumber":34,"author":{"gitId":"zhehualols"},"content":"                break;","lastModifiedDate":"2023-04-16"},{"lineNumber":35,"author":{"gitId":"zhehualols"},"content":"            case \"D\":","lastModifiedDate":"2023-04-16"},{"lineNumber":36,"author":{"gitId":"zhehualols"},"content":"                task \u003d new Deadline(body[2], // body[2] \u003d task description , body[3] \u003d datatime in string","lastModifiedDate":"2023-04-16"},{"lineNumber":37,"author":{"gitId":"zhehualols"},"content":"                        LocalDateTime.parse(body[3].replace(\"T\",\" \"), DateTimeFormatter.ofPattern(\"yyyy-MM-dd HH:mm\")));","lastModifiedDate":"2023-04-16"},{"lineNumber":38,"author":{"gitId":"zhehualols"},"content":"                if (body[1].equals(\"1\")) {","lastModifiedDate":"2023-04-16"},{"lineNumber":39,"author":{"gitId":"zhehualols"},"content":"                    task.setDone();","lastModifiedDate":"2023-04-16"},{"lineNumber":40,"author":{"gitId":"zhehualols"},"content":"                }","lastModifiedDate":"2023-04-16"},{"lineNumber":41,"author":{"gitId":"zhehualols"},"content":"                break;","lastModifiedDate":"2023-04-16"},{"lineNumber":42,"author":{"gitId":"zhehualols"},"content":"            case \"E\":","lastModifiedDate":"2023-04-16"},{"lineNumber":43,"author":{"gitId":"zhehualols"},"content":"                task \u003d new Event(body[2],","lastModifiedDate":"2023-04-16"},{"lineNumber":44,"author":{"gitId":"zhehualols"},"content":"                        LocalDateTime.parse(body[3].replace(\"T\",\" \"), DateTimeFormatter.ofPattern(\"yyyy-MM-dd HH:mm\")),","lastModifiedDate":"2023-04-16"},{"lineNumber":45,"author":{"gitId":"zhehualols"},"content":"                        LocalDateTime.parse(body[4].replace(\"T\",\" \"), DateTimeFormatter.ofPattern(\"yyyy-MM-dd HH:mm\")));","lastModifiedDate":"2023-04-16"},{"lineNumber":46,"author":{"gitId":"zhehualols"},"content":"                if (body[1].equals(\"1\")) {","lastModifiedDate":"2023-04-16"},{"lineNumber":47,"author":{"gitId":"zhehualols"},"content":"                    task.setUnDone();","lastModifiedDate":"2023-04-16"},{"lineNumber":48,"author":{"gitId":"zhehualols"},"content":"                }","lastModifiedDate":"2023-04-16"},{"lineNumber":49,"author":{"gitId":"zhehualols"},"content":"                break;","lastModifiedDate":"2023-04-16"},{"lineNumber":50,"author":{"gitId":"zhehualols"},"content":"        }","lastModifiedDate":"2023-04-16"},{"lineNumber":51,"author":{"gitId":"zhehualols"},"content":"        return task;","lastModifiedDate":"2023-04-16"},{"lineNumber":52,"author":{"gitId":"zhehualols"},"content":"    }","lastModifiedDate":"2023-04-16"},{"lineNumber":53,"author":{"gitId":"zhehualols"},"content":"","lastModifiedDate":"2023-04-16"},{"lineNumber":54,"author":{"gitId":"zhehualols"},"content":"    public int getListSize () {","lastModifiedDate":"2023-04-16"},{"lineNumber":55,"author":{"gitId":"zhehualols"},"content":"        return this.list.size();","lastModifiedDate":"2023-04-16"},{"lineNumber":56,"author":{"gitId":"zhehualols"},"content":"    }","lastModifiedDate":"2023-04-16"},{"lineNumber":57,"author":{"gitId":"zhehualols"},"content":"","lastModifiedDate":"2023-04-16"},{"lineNumber":58,"author":{"gitId":"zhehualols"},"content":"    public Task getListTask(int index) {","lastModifiedDate":"2023-04-16"},{"lineNumber":59,"author":{"gitId":"zhehualols"},"content":"        Task item \u003d this.list.get(index);","lastModifiedDate":"2023-04-16"},{"lineNumber":60,"author":{"gitId":"zhehualols"},"content":"        return item;","lastModifiedDate":"2023-04-16"},{"lineNumber":61,"author":{"gitId":"zhehualols"},"content":"    }","lastModifiedDate":"2023-04-16"},{"lineNumber":62,"author":{"gitId":"zhehualols"},"content":"","lastModifiedDate":"2023-04-16"},{"lineNumber":63,"author":{"gitId":"zhehualols"},"content":"    public Task removeListTask(int index) {","lastModifiedDate":"2023-04-16"},{"lineNumber":64,"author":{"gitId":"zhehualols"},"content":"        return this.list.remove(index);","lastModifiedDate":"2023-04-16"},{"lineNumber":65,"author":{"gitId":"zhehualols"},"content":"    }","lastModifiedDate":"2023-04-16"},{"lineNumber":66,"author":{"gitId":"zhehualols"},"content":"","lastModifiedDate":"2023-04-16"},{"lineNumber":67,"author":{"gitId":"zhehualols"},"content":"    public void addListTask(Task task) {","lastModifiedDate":"2023-04-16"},{"lineNumber":68,"author":{"gitId":"zhehualols"},"content":"        this.list.add(task);","lastModifiedDate":"2023-04-16"},{"lineNumber":69,"author":{"gitId":"zhehualols"},"content":"    }","lastModifiedDate":"2023-04-16"},{"lineNumber":70,"author":{"gitId":"zhehualols"},"content":"}","lastModifiedDate":"2023-04-16"}],"authorContributionMap":{"zhehualols":70}},{"path":"src/main/java/Tasks/Deadline.java","fileType":"java","lines":[{"lineNumber":1,"author":{"gitId":"zhehualols"},"content":"package Tasks;","lastModifiedDate":"2023-04-16"},{"lineNumber":2,"author":{"gitId":"zhehualols"},"content":"","lastModifiedDate":"2023-04-16"},{"lineNumber":3,"author":{"gitId":"zhehualols"},"content":"import java.time.LocalDateTime;","lastModifiedDate":"2023-04-16"},{"lineNumber":4,"author":{"gitId":"zhehualols"},"content":"","lastModifiedDate":"2023-04-16"},{"lineNumber":5,"author":{"gitId":"zhehualols"},"content":"public class Deadline extends Task {","lastModifiedDate":"2023-04-16"},{"lineNumber":6,"author":{"gitId":"zhehualols"},"content":"    protected LocalDateTime by;","lastModifiedDate":"2023-04-16"},{"lineNumber":7,"author":{"gitId":"zhehualols"},"content":"","lastModifiedDate":"2023-04-16"},{"lineNumber":8,"author":{"gitId":"zhehualols"},"content":"","lastModifiedDate":"2023-04-16"},{"lineNumber":9,"author":{"gitId":"zhehualols"},"content":"    public Deadline(String description, LocalDateTime by){","lastModifiedDate":"2023-04-16"},{"lineNumber":10,"author":{"gitId":"zhehualols"},"content":"        super(description);","lastModifiedDate":"2023-04-16"},{"lineNumber":11,"author":{"gitId":"zhehualols"},"content":"        this.by \u003d by;","lastModifiedDate":"2023-04-16"},{"lineNumber":12,"author":{"gitId":"zhehualols"},"content":"    }","lastModifiedDate":"2023-04-16"},{"lineNumber":13,"author":{"gitId":"zhehualols"},"content":"","lastModifiedDate":"2023-04-16"},{"lineNumber":14,"author":{"gitId":"zhehualols"},"content":"","lastModifiedDate":"2023-04-16"},{"lineNumber":15,"author":{"gitId":"zhehualols"},"content":"    @Override","lastModifiedDate":"2023-04-16"},{"lineNumber":16,"author":{"gitId":"zhehualols"},"content":"    public String toString() {","lastModifiedDate":"2023-04-16"},{"lineNumber":17,"author":{"gitId":"zhehualols"},"content":"        return \"[D]\" + super.toString() + \" (by: \" + by + \")\";","lastModifiedDate":"2023-04-16"},{"lineNumber":18,"author":{"gitId":"zhehualols"},"content":"    }","lastModifiedDate":"2023-04-16"},{"lineNumber":19,"author":{"gitId":"zhehualols"},"content":"}","lastModifiedDate":"2023-04-16"}],"authorContributionMap":{"zhehualols":19}},{"path":"src/main/java/Tasks/Event.java","fileType":"java","lines":[{"lineNumber":1,"author":{"gitId":"zhehualols"},"content":"package Tasks;","lastModifiedDate":"2023-04-16"},{"lineNumber":2,"author":{"gitId":"zhehualols"},"content":"","lastModifiedDate":"2023-04-16"},{"lineNumber":3,"author":{"gitId":"zhehualols"},"content":"import java.time.LocalDateTime;","lastModifiedDate":"2023-04-16"},{"lineNumber":4,"author":{"gitId":"zhehualols"},"content":"public class Event extends Task {","lastModifiedDate":"2023-04-16"},{"lineNumber":5,"author":{"gitId":"zhehualols"},"content":"    protected LocalDateTime startDateTime;","lastModifiedDate":"2023-04-16"},{"lineNumber":6,"author":{"gitId":"zhehualols"},"content":"    protected LocalDateTime endDateTime;","lastModifiedDate":"2023-04-16"},{"lineNumber":7,"author":{"gitId":"zhehualols"},"content":"","lastModifiedDate":"2023-04-16"},{"lineNumber":8,"author":{"gitId":"zhehualols"},"content":"    public Event(String description, LocalDateTime startDateTime, LocalDateTime endDateTime) {","lastModifiedDate":"2023-04-16"},{"lineNumber":9,"author":{"gitId":"zhehualols"},"content":"        super(description);","lastModifiedDate":"2023-04-16"},{"lineNumber":10,"author":{"gitId":"zhehualols"},"content":"        this.startDateTime \u003d startDateTime;","lastModifiedDate":"2023-04-16"},{"lineNumber":11,"author":{"gitId":"zhehualols"},"content":"        this.endDateTime \u003d endDateTime;","lastModifiedDate":"2023-04-16"},{"lineNumber":12,"author":{"gitId":"zhehualols"},"content":"    }","lastModifiedDate":"2023-04-16"},{"lineNumber":13,"author":{"gitId":"zhehualols"},"content":"","lastModifiedDate":"2023-04-16"},{"lineNumber":14,"author":{"gitId":"zhehualols"},"content":"    @Override","lastModifiedDate":"2023-04-16"},{"lineNumber":15,"author":{"gitId":"zhehualols"},"content":"    public String toString() {","lastModifiedDate":"2023-04-16"},{"lineNumber":16,"author":{"gitId":"zhehualols"},"content":"        return \"[E]\" + super.toString() + \" (from: \" + startDateTime + \" to: \" + endDateTime + \")\";","lastModifiedDate":"2023-04-16"},{"lineNumber":17,"author":{"gitId":"zhehualols"},"content":"    }","lastModifiedDate":"2023-04-16"},{"lineNumber":18,"author":{"gitId":"zhehualols"},"content":"}","lastModifiedDate":"2023-04-16"}],"authorContributionMap":{"zhehualols":18}},{"path":"src/main/java/Tasks/Task.java","fileType":"java","lines":[{"lineNumber":1,"author":{"gitId":"zhehualols"},"content":"package Tasks;","lastModifiedDate":"2023-04-16"},{"lineNumber":2,"author":{"gitId":"zhehualols"},"content":"","lastModifiedDate":"2023-04-16"},{"lineNumber":3,"author":{"gitId":"zhehualols"},"content":"public class Task {","lastModifiedDate":"2023-04-16"},{"lineNumber":4,"author":{"gitId":"zhehualols"},"content":"    protected boolean isDone;","lastModifiedDate":"2023-04-16"},{"lineNumber":5,"author":{"gitId":"zhehualols"},"content":"    protected String description;","lastModifiedDate":"2023-04-16"},{"lineNumber":6,"author":{"gitId":"zhehualols"},"content":"    protected priorityLevel priority;","lastModifiedDate":"2023-04-16"},{"lineNumber":7,"author":{"gitId":"zhehualols"},"content":"","lastModifiedDate":"2023-04-16"},{"lineNumber":8,"author":{"gitId":"zhehualols"},"content":"    public Task(String description) {","lastModifiedDate":"2023-04-16"},{"lineNumber":9,"author":{"gitId":"zhehualols"},"content":"        this.description \u003d description;","lastModifiedDate":"2023-04-16"},{"lineNumber":10,"author":{"gitId":"zhehualols"},"content":"        this.isDone \u003d false;","lastModifiedDate":"2023-04-16"},{"lineNumber":11,"author":{"gitId":"zhehualols"},"content":"        this.priority \u003d priorityLevel.Low;","lastModifiedDate":"2023-04-16"},{"lineNumber":12,"author":{"gitId":"zhehualols"},"content":"    }","lastModifiedDate":"2023-04-16"},{"lineNumber":13,"author":{"gitId":"zhehualols"},"content":"","lastModifiedDate":"2023-04-16"},{"lineNumber":14,"author":{"gitId":"zhehualols"},"content":"    public String getDescription() {","lastModifiedDate":"2023-04-16"},{"lineNumber":15,"author":{"gitId":"zhehualols"},"content":"        return description;","lastModifiedDate":"2023-04-16"},{"lineNumber":16,"author":{"gitId":"zhehualols"},"content":"    }","lastModifiedDate":"2023-04-16"},{"lineNumber":17,"author":{"gitId":"zhehualols"},"content":"","lastModifiedDate":"2023-04-16"},{"lineNumber":18,"author":{"gitId":"zhehualols"},"content":"    public void setDescription(String description) {","lastModifiedDate":"2023-04-16"},{"lineNumber":19,"author":{"gitId":"zhehualols"},"content":"        this.description \u003d description;","lastModifiedDate":"2023-04-16"},{"lineNumber":20,"author":{"gitId":"zhehualols"},"content":"    }","lastModifiedDate":"2023-04-16"},{"lineNumber":21,"author":{"gitId":"zhehualols"},"content":"    public void setDone() {","lastModifiedDate":"2023-04-16"},{"lineNumber":22,"author":{"gitId":"zhehualols"},"content":"        isDone \u003d true;","lastModifiedDate":"2023-04-16"},{"lineNumber":23,"author":{"gitId":"zhehualols"},"content":"    }","lastModifiedDate":"2023-04-16"},{"lineNumber":24,"author":{"gitId":"zhehualols"},"content":"","lastModifiedDate":"2023-04-16"},{"lineNumber":25,"author":{"gitId":"zhehualols"},"content":"    public void setUnDone() {","lastModifiedDate":"2023-04-16"},{"lineNumber":26,"author":{"gitId":"zhehualols"},"content":"        isDone \u003d false;","lastModifiedDate":"2023-04-16"},{"lineNumber":27,"author":{"gitId":"zhehualols"},"content":"    }","lastModifiedDate":"2023-04-16"},{"lineNumber":28,"author":{"gitId":"zhehualols"},"content":"","lastModifiedDate":"2023-04-16"},{"lineNumber":29,"author":{"gitId":"zhehualols"},"content":"    public String statusCheck(){","lastModifiedDate":"2023-04-16"},{"lineNumber":30,"author":{"gitId":"zhehualols"},"content":"        return (isDone ? \"[X]\" : \"[ ]\");","lastModifiedDate":"2023-04-16"},{"lineNumber":31,"author":{"gitId":"zhehualols"},"content":"    }","lastModifiedDate":"2023-04-16"},{"lineNumber":32,"author":{"gitId":"zhehualols"},"content":"","lastModifiedDate":"2023-04-16"},{"lineNumber":33,"author":{"gitId":"zhehualols"},"content":"    public String priorityCheck(){","lastModifiedDate":"2023-04-16"},{"lineNumber":34,"author":{"gitId":"zhehualols"},"content":"        return priority.toString();","lastModifiedDate":"2023-04-16"},{"lineNumber":35,"author":{"gitId":"zhehualols"},"content":"    }","lastModifiedDate":"2023-04-16"},{"lineNumber":36,"author":{"gitId":"zhehualols"},"content":"    @Override","lastModifiedDate":"2023-04-16"},{"lineNumber":37,"author":{"gitId":"zhehualols"},"content":"    public String toString(){","lastModifiedDate":"2023-04-16"},{"lineNumber":38,"author":{"gitId":"zhehualols"},"content":"        return statusCheck() + \" \" + description + \" Priority: \" + priorityCheck();","lastModifiedDate":"2023-04-16"},{"lineNumber":39,"author":{"gitId":"zhehualols"},"content":"    }","lastModifiedDate":"2023-04-16"},{"lineNumber":40,"author":{"gitId":"zhehualols"},"content":"","lastModifiedDate":"2023-04-16"},{"lineNumber":41,"author":{"gitId":"zhehualols"},"content":"","lastModifiedDate":"2023-04-16"},{"lineNumber":42,"author":{"gitId":"zhehualols"},"content":"    public enum priorityLevel {","lastModifiedDate":"2023-04-16"},{"lineNumber":43,"author":{"gitId":"zhehualols"},"content":"        High,","lastModifiedDate":"2023-04-16"},{"lineNumber":44,"author":{"gitId":"zhehualols"},"content":"        Medium,","lastModifiedDate":"2023-04-16"},{"lineNumber":45,"author":{"gitId":"zhehualols"},"content":"        Low","lastModifiedDate":"2023-04-16"},{"lineNumber":46,"author":{"gitId":"zhehualols"},"content":"    }","lastModifiedDate":"2023-04-16"},{"lineNumber":47,"author":{"gitId":"zhehualols"},"content":"","lastModifiedDate":"2023-04-16"},{"lineNumber":48,"author":{"gitId":"zhehualols"},"content":"","lastModifiedDate":"2023-04-16"},{"lineNumber":49,"author":{"gitId":"zhehualols"},"content":"    public void changePriority(priorityLevel priority){","lastModifiedDate":"2023-04-16"},{"lineNumber":50,"author":{"gitId":"zhehualols"},"content":"        this.priority \u003d priority;","lastModifiedDate":"2023-04-16"},{"lineNumber":51,"author":{"gitId":"zhehualols"},"content":"    }","lastModifiedDate":"2023-04-16"},{"lineNumber":52,"author":{"gitId":"zhehualols"},"content":"}","lastModifiedDate":"2023-04-16"}],"authorContributionMap":{"zhehualols":52}},{"path":"src/main/java/Tasks/Todo.java","fileType":"java","lines":[{"lineNumber":1,"author":{"gitId":"zhehualols"},"content":"package Tasks;","lastModifiedDate":"2023-04-16"},{"lineNumber":2,"author":{"gitId":"zhehualols"},"content":"","lastModifiedDate":"2023-04-16"},{"lineNumber":3,"author":{"gitId":"zhehualols"},"content":"import Tasks.Task;","lastModifiedDate":"2023-04-16"},{"lineNumber":4,"author":{"gitId":"zhehualols"},"content":"","lastModifiedDate":"2023-04-16"},{"lineNumber":5,"author":{"gitId":"zhehualols"},"content":"public class Todo extends Task {","lastModifiedDate":"2023-04-16"},{"lineNumber":6,"author":{"gitId":"zhehualols"},"content":"    public Todo(String description) {","lastModifiedDate":"2023-04-16"},{"lineNumber":7,"author":{"gitId":"zhehualols"},"content":"        super(description);","lastModifiedDate":"2023-04-16"},{"lineNumber":8,"author":{"gitId":"zhehualols"},"content":"    }","lastModifiedDate":"2023-04-16"},{"lineNumber":9,"author":{"gitId":"zhehualols"},"content":"","lastModifiedDate":"2023-04-16"},{"lineNumber":10,"author":{"gitId":"zhehualols"},"content":"    @Override","lastModifiedDate":"2023-04-16"},{"lineNumber":11,"author":{"gitId":"zhehualols"},"content":"    public String toString() {","lastModifiedDate":"2023-04-16"},{"lineNumber":12,"author":{"gitId":"zhehualols"},"content":"        return \"[T]\" + super.toString();","lastModifiedDate":"2023-04-16"},{"lineNumber":13,"author":{"gitId":"zhehualols"},"content":"    }","lastModifiedDate":"2023-04-16"},{"lineNumber":14,"author":{"gitId":"zhehualols"},"content":"}","lastModifiedDate":"2023-04-16"}],"authorContributionMap":{"zhehualols":14}},{"path":"src/main/java/Ui/Interface.java","fileType":"java","lines":[{"lineNumber":1,"author":{"gitId":"zhehualols"},"content":"package Ui;","lastModifiedDate":"2023-04-16"},{"lineNumber":2,"author":{"gitId":"zhehualols"},"content":"","lastModifiedDate":"2023-04-16"},{"lineNumber":3,"author":{"gitId":"zhehualols"},"content":"public class Interface {","lastModifiedDate":"2023-04-16"},{"lineNumber":4,"author":{"gitId":"zhehualols"},"content":"    private static String divider \u003d \"------------------------------------------------------------\";","lastModifiedDate":"2023-04-16"},{"lineNumber":5,"author":{"gitId":"zhehualols"},"content":"    public void welcome() {","lastModifiedDate":"2023-04-16"},{"lineNumber":6,"author":{"gitId":"zhehualols"},"content":"        System.out.println(divider);","lastModifiedDate":"2023-04-16"},{"lineNumber":7,"author":{"gitId":"zhehualols"},"content":"        String logo \u003d \" ____        _        \\n\"","lastModifiedDate":"2023-04-16"},{"lineNumber":8,"author":{"gitId":"zhehualols"},"content":"                + \"|  _ \\\\ _   _| | _____ \\n\"","lastModifiedDate":"2023-04-16"},{"lineNumber":9,"author":{"gitId":"zhehualols"},"content":"                + \"| | | | | | | |/ / _ \\\\\\n\"","lastModifiedDate":"2023-04-16"},{"lineNumber":10,"author":{"gitId":"zhehualols"},"content":"                + \"| |_| | |_| |   \u003c  __/\\n\"","lastModifiedDate":"2023-04-16"},{"lineNumber":11,"author":{"gitId":"zhehualols"},"content":"                + \"|____/ \\\\__,_|_|\\\\_\\\\___|\\n\";","lastModifiedDate":"2023-04-16"},{"lineNumber":12,"author":{"gitId":"zhehualols"},"content":"        System.out.println(logo);","lastModifiedDate":"2023-04-16"},{"lineNumber":13,"author":{"gitId":"zhehualols"},"content":"        printCommands();","lastModifiedDate":"2023-04-16"},{"lineNumber":14,"author":{"gitId":"zhehualols"},"content":"        System.out.println(divider);","lastModifiedDate":"2023-04-16"},{"lineNumber":15,"author":{"gitId":"zhehualols"},"content":"        System.out.println(\"\\tHello! I\u0027m duke.Duke\");","lastModifiedDate":"2023-04-16"},{"lineNumber":16,"author":{"gitId":"zhehualols"},"content":"        System.out.println(\"\\tWhat can I do for you?\");","lastModifiedDate":"2023-04-16"},{"lineNumber":17,"author":{"gitId":"zhehualols"},"content":"        System.out.println(divider);","lastModifiedDate":"2023-04-16"},{"lineNumber":18,"author":{"gitId":"zhehualols"},"content":"    }","lastModifiedDate":"2023-04-16"},{"lineNumber":19,"author":{"gitId":"zhehualols"},"content":"","lastModifiedDate":"2023-04-16"},{"lineNumber":20,"author":{"gitId":"zhehualols"},"content":"    /**","lastModifiedDate":"2023-04-16"},{"lineNumber":21,"author":{"gitId":"zhehualols"},"content":"     * This method prints added task and number of tasks left in the task list.","lastModifiedDate":"2023-04-16"},{"lineNumber":22,"author":{"gitId":"zhehualols"},"content":"     *","lastModifiedDate":"2023-04-16"},{"lineNumber":23,"author":{"gitId":"zhehualols"},"content":"     * @param Description   Description of task added.","lastModifiedDate":"2023-04-16"},{"lineNumber":24,"author":{"gitId":"zhehualols"},"content":"     * @param NumofTask     Number of task remaining in list.","lastModifiedDate":"2023-04-16"},{"lineNumber":25,"author":{"gitId":"zhehualols"},"content":"     */","lastModifiedDate":"2023-04-16"},{"lineNumber":26,"author":{"gitId":"zhehualols"},"content":"    public void printAddedTask(String Description , int NumofTask){","lastModifiedDate":"2023-04-16"},{"lineNumber":27,"author":{"gitId":"zhehualols"},"content":"        System.out.println(divider);","lastModifiedDate":"2023-04-16"},{"lineNumber":28,"author":{"gitId":"zhehualols"},"content":"        System.out.println(\"\\tGot it. I\u0027ve added this task:\");","lastModifiedDate":"2023-04-16"},{"lineNumber":29,"author":{"gitId":"zhehualols"},"content":"        System.out.println(\"\\t\"+ Description);","lastModifiedDate":"2023-04-16"},{"lineNumber":30,"author":{"gitId":"zhehualols"},"content":"        System.out.println(\"\\tNow you have \" + NumofTask +\" tasks in the list.\");","lastModifiedDate":"2023-04-16"},{"lineNumber":31,"author":{"gitId":"zhehualols"},"content":"        System.out.println(divider);","lastModifiedDate":"2023-04-16"},{"lineNumber":32,"author":{"gitId":"zhehualols"},"content":"    }","lastModifiedDate":"2023-04-16"},{"lineNumber":33,"author":{"gitId":"zhehualols"},"content":"","lastModifiedDate":"2023-04-16"},{"lineNumber":34,"author":{"gitId":"zhehualols"},"content":"    public void printRemovedTask(String Description , int NumofTask){","lastModifiedDate":"2023-04-16"},{"lineNumber":35,"author":{"gitId":"zhehualols"},"content":"        System.out.println(divider);","lastModifiedDate":"2023-04-16"},{"lineNumber":36,"author":{"gitId":"zhehualols"},"content":"        System.out.println(\"\\tNoted. I\u0027ve removed this task:\");","lastModifiedDate":"2023-04-16"},{"lineNumber":37,"author":{"gitId":"zhehualols"},"content":"        System.out.println(\"\\t\"+ Description);","lastModifiedDate":"2023-04-16"},{"lineNumber":38,"author":{"gitId":"zhehualols"},"content":"        System.out.println(\"\\tNow you have \" + NumofTask +\" tasks in the list.\");","lastModifiedDate":"2023-04-16"},{"lineNumber":39,"author":{"gitId":"zhehualols"},"content":"        System.out.println(divider);","lastModifiedDate":"2023-04-16"},{"lineNumber":40,"author":{"gitId":"zhehualols"},"content":"    }","lastModifiedDate":"2023-04-16"},{"lineNumber":41,"author":{"gitId":"zhehualols"},"content":"","lastModifiedDate":"2023-04-16"},{"lineNumber":42,"author":{"gitId":"zhehualols"},"content":"","lastModifiedDate":"2023-04-16"},{"lineNumber":43,"author":{"gitId":"zhehualols"},"content":"    public static void printDivider(){","lastModifiedDate":"2023-04-16"},{"lineNumber":44,"author":{"gitId":"zhehualols"},"content":"        System.out.println(divider);","lastModifiedDate":"2023-04-16"},{"lineNumber":45,"author":{"gitId":"zhehualols"},"content":"    }","lastModifiedDate":"2023-04-16"},{"lineNumber":46,"author":{"gitId":"zhehualols"},"content":"","lastModifiedDate":"2023-04-16"},{"lineNumber":47,"author":{"gitId":"zhehualols"},"content":"    public static void printCommands() {","lastModifiedDate":"2023-04-16"},{"lineNumber":48,"author":{"gitId":"zhehualols"},"content":"        printDivider();","lastModifiedDate":"2023-04-16"},{"lineNumber":49,"author":{"gitId":"zhehualols"},"content":"        System.out.println(\"Commands you can use:\");","lastModifiedDate":"2023-04-16"},{"lineNumber":50,"author":{"gitId":"zhehualols"},"content":"        printDivider();","lastModifiedDate":"2023-04-16"},{"lineNumber":51,"author":{"gitId":"zhehualols"},"content":"        System.out.println(\"1. list : list out all current task(s).\");","lastModifiedDate":"2023-04-16"},{"lineNumber":52,"author":{"gitId":"zhehualols"},"content":"        System.out.println(\"2. mark (task number) : marks task as done\");","lastModifiedDate":"2023-04-16"},{"lineNumber":53,"author":{"gitId":"zhehualols"},"content":"        System.out.println(\"3. unmark (task number) : marks task as not done\");","lastModifiedDate":"2023-04-16"},{"lineNumber":54,"author":{"gitId":"zhehualols"},"content":"        System.out.println(\"4. todo (task description) : adds a Todo task\");","lastModifiedDate":"2023-04-16"},{"lineNumber":55,"author":{"gitId":"zhehualols"},"content":"        System.out.println(\"5. deadline (task description) /by (yyyy-MM-dd) : adds a Deadline task\");","lastModifiedDate":"2023-04-16"},{"lineNumber":56,"author":{"gitId":"zhehualols"},"content":"        System.out.println(\"6. event (task description) /from (yyyy-MM-dd) /to (yyyy-MM-dd) : adds an Event task\");","lastModifiedDate":"2023-04-16"},{"lineNumber":57,"author":{"gitId":"zhehualols"},"content":"        System.out.println(\"7. delete (task number) : deletes a specific task\");","lastModifiedDate":"2023-04-16"},{"lineNumber":58,"author":{"gitId":"zhehualols"},"content":"        System.out.println(\"8. priority (task number) (high/low/medium) : changes the priority level of a specific task\");","lastModifiedDate":"2023-04-16"},{"lineNumber":59,"author":{"gitId":"zhehualols"},"content":"        System.out.println(\"9. bye - EXIT\");","lastModifiedDate":"2023-04-16"},{"lineNumber":60,"author":{"gitId":"zhehualols"},"content":"        printDivider();","lastModifiedDate":"2023-04-16"},{"lineNumber":61,"author":{"gitId":"zhehualols"},"content":"    }","lastModifiedDate":"2023-04-16"},{"lineNumber":62,"author":{"gitId":"zhehualols"},"content":"}","lastModifiedDate":"2023-04-16"}],"authorContributionMap":{"zhehualols":62}},{"path":"src/test/java/DukeTest.java","fileType":"java","lines":[{"lineNumber":1,"author":{"gitId":"zhehualols"},"content":"import org.junit.jupiter.api.Test;","lastModifiedDate":"2023-04-16"},{"lineNumber":2,"author":{"gitId":"zhehualols"},"content":"","lastModifiedDate":"2023-04-16"},{"lineNumber":3,"author":{"gitId":"zhehualols"},"content":"import static org.junit.jupiter.api.Assertions.assertEquals;","lastModifiedDate":"2023-04-16"},{"lineNumber":4,"author":{"gitId":"zhehualols"},"content":"","lastModifiedDate":"2023-04-16"},{"lineNumber":5,"author":{"gitId":"zhehualols"},"content":"public class DukeTest {","lastModifiedDate":"2023-04-16"},{"lineNumber":6,"author":{"gitId":"zhehualols"},"content":"    @Test","lastModifiedDate":"2023-04-16"},{"lineNumber":7,"author":{"gitId":"zhehualols"},"content":"    public void dummyTest(){","lastModifiedDate":"2023-04-16"},{"lineNumber":8,"author":{"gitId":"zhehualols"},"content":"        assertEquals(2, 2);","lastModifiedDate":"2023-04-16"},{"lineNumber":9,"author":{"gitId":"zhehualols"},"content":"    }","lastModifiedDate":"2023-04-16"},{"lineNumber":10,"author":{"gitId":"zhehualols"},"content":"}","lastModifiedDate":"2023-04-16"}],"authorContributionMap":{"zhehualols":10}}]
