{"authorDailyContributionsMap":{"zhehualols":[{"date":"2023-03-05","commitResults":[{"hash":"87b53c48bc5ece30684e263802bf5c6518b0e06e","isMergeCommit":false,"messageTitle":"no message","messageBody":"","fileTypesAndContributionMap":{"java":{"insertions":1,"deletions":0}}},{"hash":"b079bcc8949acc1c75cc6009b6a70074de4030a3","isMergeCommit":false,"messageTitle":"Added changes for Week 3 \u0026 4","messageBody":"","fileTypesAndContributionMap":{"java":{"insertions":70,"deletions":1}}}]},{"date":"2023-04-11","commitResults":[{"hash":"cee0129b6d8892708101d9bd5283c73d08b8976d","isMergeCommit":false,"messageTitle":"Task 5/6","messageBody":"","fileTypesAndContributionMap":{"java":{"insertions":60,"deletions":2}}}]},{"date":"2023-04-16","commitResults":[{"hash":"9758c24785a839ab39ba14f860941a9b4c58d04c","isMergeCommit":false,"messageTitle":"no message","messageBody":"","fileTypesAndContributionMap":{"java":{"insertions":113,"deletions":21}}},{"hash":"bccb0c754eda391ae240fc661c024fe1e7f9cc3a","isMergeCommit":false,"messageTitle":"Level 7-8","messageBody":"","fileTypesAndContributionMap":{"txt":{"insertions":4,"deletions":0},"java":{"insertions":406,"deletions":52}}},{"hash":"36cc6259c7095bb41654fe881f7ce2320a610539","isMergeCommit":false,"messageTitle":"no message","messageBody":"","fileTypesAndContributionMap":{"java":{"insertions":0,"deletions":119}}},{"hash":"78647f7c19c87528bfa243417fd4e102afe1ba9d","isMergeCommit":false,"messageTitle":"no message","messageBody":"","fileTypesAndContributionMap":{"java":{"insertions":35,"deletions":3}}}]}]},"authorFileTypeContributionMap":{"zhehualols":{"java":492,"md":0,"fxml":0,"sh":0,"bat":0,"gradle":0,"txt":4}},"authorContributionVariance":{"zhehualols":5796.008},"authorDisplayNameMap":{"zhehualols":"JIN ..EHUA"}}
