{"repoSenseVersion":"e7b139c5de","reportGeneratedTime":"Fri Apr 28 09:15:18 2023 UTC+08:00","reportGenerationTime":" 5.61 second(s)","zoneId":"UTC+08:00","reportTitle":"TIC2002 iP Code Dashboard","repos":[{"location":{"location":"https://github.com/mamthat/duke.git","repoName":"duke","organization":"mamthat","domainName":"github"},"branch":"master","displayName":"mamthat/duke[master]","outputFolderName":"mamthat_duke_master"},{"location":{"location":"https://github.com/hongchiong/duke.git","repoName":"duke","organization":"hongchiong","domainName":"github"},"branch":"master","displayName":"hongchiong/duke[master]","outputFolderName":"hongchiong_duke_master"},{"location":{"location":"https://github.com/chuabrenda27/duke.git","repoName":"duke","organization":"chuabrenda27","domainName":"github"},"branch":"master","displayName":"chuabrenda27/duke[master]","outputFolderName":"chuabrenda27_duke_master"},{"location":{"location":"https://github.com/ixxeden/duke.git","repoName":"duke","organization":"ixxeden","domainName":"github"},"branch":"master","displayName":"ixxeden/duke[master]","outputFolderName":"ixxeden_duke_master"},{"location":{"location":"https://github.com/LimWeiPing/duke.git","repoName":"duke","organization":"LimWeiPing","domainName":"github"},"branch":"master","displayName":"LimWeiPing/duke[master]","outputFolderName":"LimWeiPing_duke_master"},{"location":{"location":"https://github.com/nikhilo0/duke.git","repoName":"duke","organization":"nikhilo0","domainName":"github"},"branch":"master","displayName":"nikhilo0/duke[master]","outputFolderName":"nikhilo0_duke_master"},{"location":{"location":"https://github.com/AnjanaGeorgez/duke.git","repoName":"duke","organization":"AnjanaGeorgez","domainName":"github"},"branch":"master","displayName":"AnjanaGeorgez/duke[master]","outputFolderName":"AnjanaGeorgez_duke_master"},{"location":{"location":"https://github.com/Haoxuan0405/duke.git","repoName":"duke","organization":"Haoxuan0405","domainName":"github"},"branch":"master","displayName":"Haoxuan0405/duke[master]","outputFolderName":"Haoxuan0405_duke_master"},{"location":{"location":"https://github.com/zzlilyzz/duke.git","repoName":"duke","organization":"zzlilyzz","domainName":"github"},"branch":"master","displayName":"zzlilyzz/duke[master]","outputFolderName":"zzlilyzz_duke_master"},{"location":{"location":"https://github.com/jeffrey4512/duke.git","repoName":"duke","organization":"jeffrey4512","domainName":"github"},"branch":"master","displayName":"jeffrey4512/duke[master]","outputFolderName":"jeffrey4512_duke_master"},{"location":{"location":"https://github.com/teojunhao/duke.git","repoName":"duke","organization":"teojunhao","domainName":"github"},"branch":"master","displayName":"teojunhao/duke[master]","outputFolderName":"teojunhao_duke_master"},{"location":{"location":"https://github.com/yuhanyuhan/duke.git","repoName":"duke","organization":"yuhanyuhan","domainName":"github"},"branch":"master","displayName":"yuhanyuhan/duke[master]","outputFolderName":"yuhanyuhan_duke_master"},{"location":{"location":"https://github.com/quaz96/duke.git","repoName":"duke","organization":"quaz96","domainName":"github"},"branch":"master","displayName":"quaz96/duke[master]","outputFolderName":"quaz96_duke_master"},{"location":{"location":"https://github.com/HappyM0ment/duke.git","repoName":"duke","organization":"HappyM0ment","domainName":"github"},"branch":"master","displayName":"HappyM0ment/duke[master]","outputFolderName":"HappyM0ment_duke_master"},{"location":{"location":"https://github.com/zhehualols/duke.git","repoName":"duke","organization":"zhehualols","domainName":"github"},"branch":"master","displayName":"zhehualols/duke[master]","outputFolderName":"zhehualols_duke_master"}],"errorSet":[{"repoName":"StrawberryGeneration/duke[master]","errorMessage":"Failed to clone from https://github.com/StrawberryGeneration/duke.git"}],"sinceDate":"2023-01-09","untilDate":"2023-04-28","isSinceDateProvided":true,"isUntilDateProvided":false,"supportedDomainUrlMap":{"NOT_RECOGNIZED":{"BRANCH":"","REPO_URL":"UNSUPPORTED","BASE_URL":"UNSUPPORTED","HISTORY_PATH":"","COMMIT_PATH":"","BLAME_PATH":""},"github":{"BRANCH":"tree/$BRANCH","REPO_URL":"https://github.com/$ORGANIZATION/$REPO_NAME/","BASE_URL":"https://github.com/","HISTORY_PATH":"commits/$BRANCH/$FILE_PATH","COMMIT_PATH":"commit/$COMMIT_HASH","BLAME_PATH":"blame/$BRANCH/$FILE_PATH"}}}
