{"authorDailyContributionsMap":{"zzlilyzz":[{"date":"2023-03-26","commitResults":[{"hash":"9c75e3c35141e459320649cb80bd2e0267205dd1","isMergeCommit":false,"messageTitle":"Level-1 Greet,Echo,Exit","messageBody":"","fileTypesAndContributionMap":{"java":{"insertions":17,"deletions":6}}}]},{"date":"2023-04-16","commitResults":[{"hash":"88265c5d093097f3dfde0cabad7ec48bf73be528","isMergeCommit":false,"messageTitle":"Level-2 Add,List","messageBody":"","fileTypesAndContributionMap":{"java":{"insertions":66,"deletions":8}}}]},{"date":"2023-04-17","commitResults":[{"hash":"aeef77ddd0a1543d0f5d55b7fd367188e8151bdb","isMergeCommit":false,"messageTitle":"Level-3 Mark As Done","messageBody":"","fileTypesAndContributionMap":{"java":{"insertions":111,"deletions":24}}}]},{"date":"2023-04-21","commitResults":[{"hash":"5ec4cacd9a61a31fd5c8d181a834b898cf56d317","isMergeCommit":false,"messageTitle":"Level-4","messageBody":"","fileTypesAndContributionMap":{"java":{"insertions":340,"deletions":117}}}]},{"date":"2023-04-22","commitResults":[{"hash":"91224bf882a9cb5a136e1446c43c72cfc5654739","isMergeCommit":false,"messageTitle":"Add exception handlers","messageBody":"","fileTypesAndContributionMap":{"java":{"insertions":117,"deletions":62}}},{"hash":"80c2323061108a65c701853b543e3ba36b6a514b","isMergeCommit":false,"messageTitle":"now tasks can be deleted.","messageBody":"","fileTypesAndContributionMap":{"java":{"insertions":5,"deletions":5}}},{"hash":"d65506811647550223cd198972a70f6e30515eb0","isMergeCommit":false,"messageTitle":"Update the UI and complete the ToDO, Event, Deadline, Deleted, Handle Errors functions","messageBody":"","fileTypesAndContributionMap":{"java":{"insertions":13,"deletions":5}}},{"hash":"c55eb8374c4fa58bf475585f6ed438b1cacce750","isMergeCommit":false,"messageTitle":"Rearrage classes into different packages and data now is supported to save to and load from sqlite.","messageBody":"","fileTypesAndContributionMap":{"java":{"insertions":175,"deletions":44},"bat":{"insertions":1,"deletions":1},"md":{"insertions":2,"deletions":2}}}]},{"date":"2023-04-23","commitResults":[{"hash":"961b8f9c0e8e6b2104df015c8b0c8e695a772476","isMergeCommit":false,"messageTitle":"Add duke supports keywords FIND and DUE.","messageBody":"","fileTypesAndContributionMap":{"java":{"insertions":147,"deletions":43}}}]},{"date":"2023-04-24","commitResults":[{"hash":"78ef826e0d307872bed8fa2fc77618b22a8fa4cd","isMergeCommit":false,"messageTitle":"Complete showlist and findlist features, edit UI, add JavaDoc","messageBody":"","fileTypesAndContributionMap":{"java":{"insertions":457,"deletions":63}}},{"hash":"1c6835fd45587f5a34a36c46e6dd0c698ed6ecbd","isMergeCommit":true,"messageTitle":"Merge remote-tracking branch \u0027upstream/add-gradle-support\u0027","messageBody":"","fileTypesAndContributionMap":{}},{"hash":"d0f5706a7d8d40bf8336391cf50d3f6e4e3c7da0","isMergeCommit":false,"messageTitle":"A-Gradle, A-Junit, A-Assertions, A-Jar","messageBody":"","fileTypesAndContributionMap":{"java":{"insertions":43,"deletions":0}}}]},{"date":"2023-04-25","commitResults":[{"hash":"e5f3f02ce17e99869d508dc4db659f82f286dce8","isMergeCommit":false,"messageTitle":"Completed A-Gradle, A-JUnit, A-Jar, A-Assertion","messageBody":"","tags":["v1.0"],"fileTypesAndContributionMap":{"gradle":{"insertions":3,"deletions":1},"java":{"insertions":3,"deletions":1}}}]}]},"authorFileTypeContributionMap":{"zzlilyzz":{"java":1126,"md":2,"fxml":0,"sh":0,"bat":1,"gradle":3,"txt":0}},"authorContributionVariance":{"zzlilyzz":6913.401},"authorDisplayNameMap":{"zzlilyzz":"ZHAN..ENLI"}}
