[{"path":"src/main/java/Deadline.java","fileType":"java","lines":[{"lineNumber":1,"author":{"gitId":"hongchiong"},"content":"public class Deadline extends Task {","lastModifiedDate":"2023-04-30"},{"lineNumber":2,"author":{"gitId":"hongchiong"},"content":"","lastModifiedDate":"2023-04-30"},{"lineNumber":3,"author":{"gitId":"hongchiong"},"content":"  protected String by;","lastModifiedDate":"2023-04-30"},{"lineNumber":4,"author":{"gitId":"hongchiong"},"content":"","lastModifiedDate":"2023-04-30"},{"lineNumber":5,"author":{"gitId":"hongchiong"},"content":"  public Deadline(String description, String by) {","lastModifiedDate":"2023-04-30"},{"lineNumber":6,"author":{"gitId":"hongchiong"},"content":"      super(description);","lastModifiedDate":"2023-04-30"},{"lineNumber":7,"author":{"gitId":"hongchiong"},"content":"      this.by \u003d by;","lastModifiedDate":"2023-04-30"},{"lineNumber":8,"author":{"gitId":"hongchiong"},"content":"  }","lastModifiedDate":"2023-04-30"},{"lineNumber":9,"author":{"gitId":"hongchiong"},"content":"","lastModifiedDate":"2023-04-30"},{"lineNumber":10,"author":{"gitId":"hongchiong"},"content":"  @Override","lastModifiedDate":"2023-04-30"},{"lineNumber":11,"author":{"gitId":"hongchiong"},"content":"  public String toString() {","lastModifiedDate":"2023-04-30"},{"lineNumber":12,"author":{"gitId":"hongchiong"},"content":"      return \"[D]\" + super.toString() + \" (by: \" + by + \")\";","lastModifiedDate":"2023-04-30"},{"lineNumber":13,"author":{"gitId":"hongchiong"},"content":"  }","lastModifiedDate":"2023-04-30"},{"lineNumber":14,"author":{"gitId":"hongchiong"},"content":"}","lastModifiedDate":"2023-04-30"}],"authorContributionMap":{"hongchiong":14}},{"path":"src/main/java/Duke.java","fileType":"java","lines":[{"lineNumber":1,"author":{"gitId":"hongchiong"},"content":"import java.util.Scanner;","lastModifiedDate":"2023-04-29"},{"lineNumber":2,"author":{"gitId":"hongchiong"},"content":"import java.util.Arrays;","lastModifiedDate":"2023-04-30"},{"lineNumber":3,"author":{"gitId":"hongchiong"},"content":"","lastModifiedDate":"2023-04-29"},{"lineNumber":4,"author":{"gitId":"-"},"content":"public class Duke {","lastModifiedDate":"2019-07-29"},{"lineNumber":5,"author":{"gitId":"-"},"content":"    public static void main(String[] args) {","lastModifiedDate":"2019-07-29"},{"lineNumber":6,"author":{"gitId":"-"},"content":"        String logo \u003d \" ____        _        \\n\"","lastModifiedDate":"2019-07-29"},{"lineNumber":7,"author":{"gitId":"-"},"content":"                + \"|  _ \\\\ _   _| | _____ \\n\"","lastModifiedDate":"2019-07-29"},{"lineNumber":8,"author":{"gitId":"-"},"content":"                + \"| | | | | | | |/ / _ \\\\\\n\"","lastModifiedDate":"2019-07-29"},{"lineNumber":9,"author":{"gitId":"-"},"content":"                + \"| |_| | |_| |   \u003c  __/\\n\"","lastModifiedDate":"2019-07-29"},{"lineNumber":10,"author":{"gitId":"-"},"content":"                + \"|____/ \\\\__,_|_|\\\\_\\\\___|\\n\";","lastModifiedDate":"2019-07-29"},{"lineNumber":11,"author":{"gitId":"-"},"content":"        System.out.println(\"Hello from\\n\" + logo);","lastModifiedDate":"2019-07-29"},{"lineNumber":12,"author":{"gitId":"hongchiong"},"content":"","lastModifiedDate":"2023-04-29"},{"lineNumber":13,"author":{"gitId":"hongchiong"},"content":"        int numberOfTask \u003d 0;","lastModifiedDate":"2023-04-30"},{"lineNumber":14,"author":{"gitId":"hongchiong"},"content":"","lastModifiedDate":"2023-04-30"},{"lineNumber":15,"author":{"gitId":"hongchiong"},"content":"        Task[] userList \u003d new Task[100];","lastModifiedDate":"2023-04-29"},{"lineNumber":16,"author":{"gitId":"hongchiong"},"content":"","lastModifiedDate":"2023-04-29"},{"lineNumber":17,"author":{"gitId":"hongchiong"},"content":"        Scanner command \u003d new Scanner(System.in);","lastModifiedDate":"2023-04-29"},{"lineNumber":18,"author":{"gitId":"hongchiong"},"content":"","lastModifiedDate":"2023-04-29"},{"lineNumber":19,"author":{"gitId":"hongchiong"},"content":"","lastModifiedDate":"2023-04-29"},{"lineNumber":20,"author":{"gitId":"hongchiong"},"content":"        while(true) {","lastModifiedDate":"2023-04-29"},{"lineNumber":21,"author":{"gitId":"hongchiong"},"content":"          System.out.println(\"\\nDuke: What can I do for you?\\n\");","lastModifiedDate":"2023-04-29"},{"lineNumber":22,"author":{"gitId":"hongchiong"},"content":"  ","lastModifiedDate":"2023-04-29"},{"lineNumber":23,"author":{"gitId":"hongchiong"},"content":"          String commandReceived \u003d command.nextLine();","lastModifiedDate":"2023-04-29"},{"lineNumber":24,"author":{"gitId":"hongchiong"},"content":"  ","lastModifiedDate":"2023-04-29"},{"lineNumber":25,"author":{"gitId":"hongchiong"},"content":"          String[] commandStrArray \u003d commandReceived.split(\" \");","lastModifiedDate":"2023-04-30"},{"lineNumber":26,"author":{"gitId":"hongchiong"},"content":"","lastModifiedDate":"2023-04-29"},{"lineNumber":27,"author":{"gitId":"hongchiong"},"content":"          if (commandStrArray[0].equals(\"mark\")) {","lastModifiedDate":"2023-04-30"},{"lineNumber":28,"author":{"gitId":"hongchiong"},"content":"            int taskNumber \u003d Integer.parseInt(commandStrArray[1]) - 1;","lastModifiedDate":"2023-04-30"},{"lineNumber":29,"author":{"gitId":"hongchiong"},"content":"            userList[taskNumber].mark();","lastModifiedDate":"2023-04-29"},{"lineNumber":30,"author":{"gitId":"hongchiong"},"content":"            System.out.println(\"Nice! I\u0027ve marked this task as done:\\n\" + userList[taskNumber].toString());","lastModifiedDate":"2023-04-30"},{"lineNumber":31,"author":{"gitId":"hongchiong"},"content":"            continue;","lastModifiedDate":"2023-04-29"},{"lineNumber":32,"author":{"gitId":"hongchiong"},"content":"          }","lastModifiedDate":"2023-04-29"},{"lineNumber":33,"author":{"gitId":"hongchiong"},"content":"","lastModifiedDate":"2023-04-29"},{"lineNumber":34,"author":{"gitId":"hongchiong"},"content":"          if (commandStrArray[0].equals(\"unmark\")) {","lastModifiedDate":"2023-04-30"},{"lineNumber":35,"author":{"gitId":"hongchiong"},"content":"            int taskNumber \u003d Integer.parseInt(commandStrArray[1]) - 1;","lastModifiedDate":"2023-04-30"},{"lineNumber":36,"author":{"gitId":"hongchiong"},"content":"            userList[taskNumber].unmark();","lastModifiedDate":"2023-04-29"},{"lineNumber":37,"author":{"gitId":"hongchiong"},"content":"            System.out.println(\"OK, I\u0027ve marked this task as not done yet:\\n\" + userList[taskNumber].toString());","lastModifiedDate":"2023-04-30"},{"lineNumber":38,"author":{"gitId":"hongchiong"},"content":"            continue;","lastModifiedDate":"2023-04-30"},{"lineNumber":39,"author":{"gitId":"hongchiong"},"content":"          }","lastModifiedDate":"2023-04-30"},{"lineNumber":40,"author":{"gitId":"hongchiong"},"content":"","lastModifiedDate":"2023-04-30"},{"lineNumber":41,"author":{"gitId":"hongchiong"},"content":"          if (commandStrArray[0].equals(\"todo\")) {","lastModifiedDate":"2023-04-30"},{"lineNumber":42,"author":{"gitId":"hongchiong"},"content":"            String[] todoStrArr \u003d Arrays.copyOfRange(commandStrArray, 1, commandStrArray.length);","lastModifiedDate":"2023-04-30"},{"lineNumber":43,"author":{"gitId":"hongchiong"},"content":"            String todo \u003d String.join(\" \", todoStrArr);","lastModifiedDate":"2023-04-30"},{"lineNumber":44,"author":{"gitId":"hongchiong"},"content":"            ","lastModifiedDate":"2023-04-30"},{"lineNumber":45,"author":{"gitId":"hongchiong"},"content":"            Todo t \u003d new Todo(todo);","lastModifiedDate":"2023-04-30"},{"lineNumber":46,"author":{"gitId":"hongchiong"},"content":"            userList[numberOfTask] \u003d t;","lastModifiedDate":"2023-04-30"},{"lineNumber":47,"author":{"gitId":"hongchiong"},"content":"            numberOfTask \u003d numberOfTask + 1;","lastModifiedDate":"2023-04-30"},{"lineNumber":48,"author":{"gitId":"hongchiong"},"content":"","lastModifiedDate":"2023-04-30"},{"lineNumber":49,"author":{"gitId":"hongchiong"},"content":"            System.out.println(\"Got it. I\u0027ve added this task:\\n\" + t.toString() + \"\\nNow you have \" + numberOfTask + \" tasks in the list.\");","lastModifiedDate":"2023-04-30"},{"lineNumber":50,"author":{"gitId":"hongchiong"},"content":"            continue;","lastModifiedDate":"2023-04-30"},{"lineNumber":51,"author":{"gitId":"hongchiong"},"content":"          }","lastModifiedDate":"2023-04-30"},{"lineNumber":52,"author":{"gitId":"hongchiong"},"content":"","lastModifiedDate":"2023-04-30"},{"lineNumber":53,"author":{"gitId":"hongchiong"},"content":"          if (commandStrArray[0].equals(\"deadline\")) {","lastModifiedDate":"2023-04-30"},{"lineNumber":54,"author":{"gitId":"hongchiong"},"content":"            int indexOfBy \u003d commandStrArray.length;","lastModifiedDate":"2023-04-30"},{"lineNumber":55,"author":{"gitId":"hongchiong"},"content":"","lastModifiedDate":"2023-04-30"},{"lineNumber":56,"author":{"gitId":"hongchiong"},"content":"            for (int i \u003d 0; i \u003c commandStrArray.length; i++) {","lastModifiedDate":"2023-04-30"},{"lineNumber":57,"author":{"gitId":"hongchiong"},"content":"              if (commandStrArray[i].equals(\"/by\")) {","lastModifiedDate":"2023-04-30"},{"lineNumber":58,"author":{"gitId":"hongchiong"},"content":"                indexOfBy \u003d i;","lastModifiedDate":"2023-04-30"},{"lineNumber":59,"author":{"gitId":"hongchiong"},"content":"              }","lastModifiedDate":"2023-04-30"},{"lineNumber":60,"author":{"gitId":"hongchiong"},"content":"            }","lastModifiedDate":"2023-04-30"},{"lineNumber":61,"author":{"gitId":"hongchiong"},"content":"","lastModifiedDate":"2023-04-30"},{"lineNumber":62,"author":{"gitId":"hongchiong"},"content":"            String[] deadlineStrArr \u003d Arrays.copyOfRange(commandStrArray, 1, indexOfBy);","lastModifiedDate":"2023-04-30"},{"lineNumber":63,"author":{"gitId":"hongchiong"},"content":"            String[] byStrArr \u003d Arrays.copyOfRange(commandStrArray, indexOfBy + 1, commandStrArray.length);","lastModifiedDate":"2023-04-30"},{"lineNumber":64,"author":{"gitId":"hongchiong"},"content":"            String deadline \u003d String.join(\" \", deadlineStrArr);","lastModifiedDate":"2023-04-30"},{"lineNumber":65,"author":{"gitId":"hongchiong"},"content":"            String by \u003d String.join(\" \", byStrArr);","lastModifiedDate":"2023-04-30"},{"lineNumber":66,"author":{"gitId":"hongchiong"},"content":"            ","lastModifiedDate":"2023-04-30"},{"lineNumber":67,"author":{"gitId":"hongchiong"},"content":"            Deadline t \u003d new Deadline(deadline, by);","lastModifiedDate":"2023-04-30"},{"lineNumber":68,"author":{"gitId":"hongchiong"},"content":"            userList[numberOfTask] \u003d t;","lastModifiedDate":"2023-04-30"},{"lineNumber":69,"author":{"gitId":"hongchiong"},"content":"            numberOfTask \u003d numberOfTask + 1;","lastModifiedDate":"2023-04-30"},{"lineNumber":70,"author":{"gitId":"hongchiong"},"content":"","lastModifiedDate":"2023-04-30"},{"lineNumber":71,"author":{"gitId":"hongchiong"},"content":"            System.out.println(\"Got it. I\u0027ve added this task:\\n\" + t.toString() + \"\\nNow you have \" + numberOfTask + \" tasks in the list.\");","lastModifiedDate":"2023-04-30"},{"lineNumber":72,"author":{"gitId":"hongchiong"},"content":"            continue;","lastModifiedDate":"2023-04-30"},{"lineNumber":73,"author":{"gitId":"hongchiong"},"content":"          }","lastModifiedDate":"2023-04-30"},{"lineNumber":74,"author":{"gitId":"hongchiong"},"content":"","lastModifiedDate":"2023-04-30"},{"lineNumber":75,"author":{"gitId":"hongchiong"},"content":"          if (commandStrArray[0].equals(\"event\")) {","lastModifiedDate":"2023-04-30"},{"lineNumber":76,"author":{"gitId":"hongchiong"},"content":"            int indexOfFrom \u003d commandStrArray.length;","lastModifiedDate":"2023-04-30"},{"lineNumber":77,"author":{"gitId":"hongchiong"},"content":"            int indexOfTo \u003d commandStrArray.length;","lastModifiedDate":"2023-04-30"},{"lineNumber":78,"author":{"gitId":"hongchiong"},"content":"","lastModifiedDate":"2023-04-30"},{"lineNumber":79,"author":{"gitId":"hongchiong"},"content":"            for (int i \u003d 0; i \u003c commandStrArray.length; i++) {","lastModifiedDate":"2023-04-30"},{"lineNumber":80,"author":{"gitId":"hongchiong"},"content":"              if (commandStrArray[i].equals(\"/from\")) {","lastModifiedDate":"2023-04-30"},{"lineNumber":81,"author":{"gitId":"hongchiong"},"content":"                indexOfFrom \u003d i;","lastModifiedDate":"2023-04-30"},{"lineNumber":82,"author":{"gitId":"hongchiong"},"content":"              }","lastModifiedDate":"2023-04-30"},{"lineNumber":83,"author":{"gitId":"hongchiong"},"content":"              ","lastModifiedDate":"2023-04-30"},{"lineNumber":84,"author":{"gitId":"hongchiong"},"content":"              if (commandStrArray[i].equals(\"/to\")) {","lastModifiedDate":"2023-04-30"},{"lineNumber":85,"author":{"gitId":"hongchiong"},"content":"                indexOfTo \u003d i;","lastModifiedDate":"2023-04-30"},{"lineNumber":86,"author":{"gitId":"hongchiong"},"content":"              }","lastModifiedDate":"2023-04-30"},{"lineNumber":87,"author":{"gitId":"hongchiong"},"content":"            }","lastModifiedDate":"2023-04-30"},{"lineNumber":88,"author":{"gitId":"hongchiong"},"content":"","lastModifiedDate":"2023-04-30"},{"lineNumber":89,"author":{"gitId":"hongchiong"},"content":"            String[] eventStrArr \u003d Arrays.copyOfRange(commandStrArray, 1, indexOfFrom);","lastModifiedDate":"2023-04-30"},{"lineNumber":90,"author":{"gitId":"hongchiong"},"content":"            String[] fromStrArr \u003d Arrays.copyOfRange(commandStrArray, indexOfFrom + 1, indexOfTo);","lastModifiedDate":"2023-04-30"},{"lineNumber":91,"author":{"gitId":"hongchiong"},"content":"            String[] toStrArr \u003d Arrays.copyOfRange(commandStrArray, indexOfTo + 1, commandStrArray.length);","lastModifiedDate":"2023-04-30"},{"lineNumber":92,"author":{"gitId":"hongchiong"},"content":"","lastModifiedDate":"2023-04-30"},{"lineNumber":93,"author":{"gitId":"hongchiong"},"content":"            String event \u003d String.join(\" \", eventStrArr);","lastModifiedDate":"2023-04-30"},{"lineNumber":94,"author":{"gitId":"hongchiong"},"content":"            String from \u003d String.join(\" \", fromStrArr);","lastModifiedDate":"2023-04-30"},{"lineNumber":95,"author":{"gitId":"hongchiong"},"content":"            String to \u003d String.join(\" \", toStrArr);","lastModifiedDate":"2023-04-30"},{"lineNumber":96,"author":{"gitId":"hongchiong"},"content":"","lastModifiedDate":"2023-04-30"},{"lineNumber":97,"author":{"gitId":"hongchiong"},"content":"            ","lastModifiedDate":"2023-04-30"},{"lineNumber":98,"author":{"gitId":"hongchiong"},"content":"            Event t \u003d new Event(event, from, to);","lastModifiedDate":"2023-04-30"},{"lineNumber":99,"author":{"gitId":"hongchiong"},"content":"            userList[numberOfTask] \u003d t;","lastModifiedDate":"2023-04-30"},{"lineNumber":100,"author":{"gitId":"hongchiong"},"content":"            numberOfTask \u003d numberOfTask + 1;","lastModifiedDate":"2023-04-30"},{"lineNumber":101,"author":{"gitId":"hongchiong"},"content":"","lastModifiedDate":"2023-04-30"},{"lineNumber":102,"author":{"gitId":"hongchiong"},"content":"            System.out.println(\"Got it. I\u0027ve added this task:\\n\" + t.toString() + \"\\nNow you have \" + numberOfTask + \" tasks in the list.\");","lastModifiedDate":"2023-04-30"},{"lineNumber":103,"author":{"gitId":"hongchiong"},"content":"            continue;","lastModifiedDate":"2023-04-29"},{"lineNumber":104,"author":{"gitId":"hongchiong"},"content":"          }","lastModifiedDate":"2023-04-29"},{"lineNumber":105,"author":{"gitId":"hongchiong"},"content":"","lastModifiedDate":"2023-04-29"},{"lineNumber":106,"author":{"gitId":"hongchiong"},"content":"          if (commandReceived.equals(\"bye\")) {","lastModifiedDate":"2023-04-29"},{"lineNumber":107,"author":{"gitId":"hongchiong"},"content":"            System.out.println(\"Duke: Bye. Hope to see you again soon!\");","lastModifiedDate":"2023-04-29"},{"lineNumber":108,"author":{"gitId":"hongchiong"},"content":"            break;","lastModifiedDate":"2023-04-29"},{"lineNumber":109,"author":{"gitId":"hongchiong"},"content":"          }","lastModifiedDate":"2023-04-29"},{"lineNumber":110,"author":{"gitId":"hongchiong"},"content":"","lastModifiedDate":"2023-04-29"},{"lineNumber":111,"author":{"gitId":"hongchiong"},"content":"          if (commandReceived.equals(\"list\")) {","lastModifiedDate":"2023-04-29"},{"lineNumber":112,"author":{"gitId":"hongchiong"},"content":"            for (int i \u003d 0; i \u003c numberOfTask; i++) {","lastModifiedDate":"2023-04-30"},{"lineNumber":113,"author":{"gitId":"hongchiong"},"content":"              System.out.println(i + 1 + \". \" + userList[i].toString());","lastModifiedDate":"2023-04-30"},{"lineNumber":114,"author":{"gitId":"hongchiong"},"content":"            }","lastModifiedDate":"2023-04-29"},{"lineNumber":115,"author":{"gitId":"hongchiong"},"content":"            continue;","lastModifiedDate":"2023-04-29"},{"lineNumber":116,"author":{"gitId":"hongchiong"},"content":"          }","lastModifiedDate":"2023-04-29"},{"lineNumber":117,"author":{"gitId":"hongchiong"},"content":"","lastModifiedDate":"2023-04-29"},{"lineNumber":118,"author":{"gitId":"hongchiong"},"content":"          Task t \u003d new Task(commandReceived);","lastModifiedDate":"2023-04-29"},{"lineNumber":119,"author":{"gitId":"hongchiong"},"content":"          userList[numberOfTask] \u003d t;","lastModifiedDate":"2023-04-30"},{"lineNumber":120,"author":{"gitId":"hongchiong"},"content":"          numberOfTask \u003d numberOfTask + 1;","lastModifiedDate":"2023-04-30"},{"lineNumber":121,"author":{"gitId":"hongchiong"},"content":"","lastModifiedDate":"2023-04-29"},{"lineNumber":122,"author":{"gitId":"hongchiong"},"content":"          System.out.println(\"Got it. I\u0027ve added this task:\\n\" + t.toString() + \"\\nNow you have \" + numberOfTask + \" tasks in the list.\");","lastModifiedDate":"2023-04-30"},{"lineNumber":123,"author":{"gitId":"hongchiong"},"content":"      }","lastModifiedDate":"2023-04-29"},{"lineNumber":124,"author":{"gitId":"-"},"content":"    }","lastModifiedDate":"2019-07-29"},{"lineNumber":125,"author":{"gitId":"-"},"content":"}","lastModifiedDate":"2019-07-29"}],"authorContributionMap":{"hongchiong":115,"-":10}},{"path":"src/main/java/Event.java","fileType":"java","lines":[{"lineNumber":1,"author":{"gitId":"hongchiong"},"content":"public class Event extends Task {","lastModifiedDate":"2023-04-30"},{"lineNumber":2,"author":{"gitId":"hongchiong"},"content":"","lastModifiedDate":"2023-04-30"},{"lineNumber":3,"author":{"gitId":"hongchiong"},"content":"  protected String from;","lastModifiedDate":"2023-04-30"},{"lineNumber":4,"author":{"gitId":"hongchiong"},"content":"  protected String to;","lastModifiedDate":"2023-04-30"},{"lineNumber":5,"author":{"gitId":"hongchiong"},"content":"","lastModifiedDate":"2023-04-30"},{"lineNumber":6,"author":{"gitId":"hongchiong"},"content":"  public Event(String description, String from, String to) {","lastModifiedDate":"2023-04-30"},{"lineNumber":7,"author":{"gitId":"hongchiong"},"content":"      super(description);","lastModifiedDate":"2023-04-30"},{"lineNumber":8,"author":{"gitId":"hongchiong"},"content":"      this.from \u003d from;","lastModifiedDate":"2023-04-30"},{"lineNumber":9,"author":{"gitId":"hongchiong"},"content":"      this.to \u003d to;","lastModifiedDate":"2023-04-30"},{"lineNumber":10,"author":{"gitId":"hongchiong"},"content":"  }","lastModifiedDate":"2023-04-30"},{"lineNumber":11,"author":{"gitId":"hongchiong"},"content":"","lastModifiedDate":"2023-04-30"},{"lineNumber":12,"author":{"gitId":"hongchiong"},"content":"  @Override","lastModifiedDate":"2023-04-30"},{"lineNumber":13,"author":{"gitId":"hongchiong"},"content":"  public String toString() {","lastModifiedDate":"2023-04-30"},{"lineNumber":14,"author":{"gitId":"hongchiong"},"content":"      return \"[E]\" + super.toString() + \" (from: \" + from + \" to: \" + to + \")\";","lastModifiedDate":"2023-04-30"},{"lineNumber":15,"author":{"gitId":"hongchiong"},"content":"  }","lastModifiedDate":"2023-04-30"},{"lineNumber":16,"author":{"gitId":"hongchiong"},"content":"}","lastModifiedDate":"2023-04-30"}],"authorContributionMap":{"hongchiong":16}},{"path":"src/main/java/Task.java","fileType":"java","lines":[{"lineNumber":1,"author":{"gitId":"hongchiong"},"content":"public class Task {","lastModifiedDate":"2023-04-29"},{"lineNumber":2,"author":{"gitId":"hongchiong"},"content":"  protected String description;","lastModifiedDate":"2023-04-29"},{"lineNumber":3,"author":{"gitId":"hongchiong"},"content":"  protected boolean isDone;","lastModifiedDate":"2023-04-29"},{"lineNumber":4,"author":{"gitId":"hongchiong"},"content":"","lastModifiedDate":"2023-04-29"},{"lineNumber":5,"author":{"gitId":"hongchiong"},"content":"  public Task(String description) {","lastModifiedDate":"2023-04-29"},{"lineNumber":6,"author":{"gitId":"hongchiong"},"content":"      this.description \u003d description;","lastModifiedDate":"2023-04-29"},{"lineNumber":7,"author":{"gitId":"hongchiong"},"content":"      this.isDone \u003d false;","lastModifiedDate":"2023-04-29"},{"lineNumber":8,"author":{"gitId":"hongchiong"},"content":"  }","lastModifiedDate":"2023-04-29"},{"lineNumber":9,"author":{"gitId":"hongchiong"},"content":"","lastModifiedDate":"2023-04-29"},{"lineNumber":10,"author":{"gitId":"hongchiong"},"content":"  public String getStatusIcon() {","lastModifiedDate":"2023-04-29"},{"lineNumber":11,"author":{"gitId":"hongchiong"},"content":"      return (isDone ? \"X\" : \" \"); ","lastModifiedDate":"2023-04-29"},{"lineNumber":12,"author":{"gitId":"hongchiong"},"content":"  }","lastModifiedDate":"2023-04-29"},{"lineNumber":13,"author":{"gitId":"hongchiong"},"content":"  ","lastModifiedDate":"2023-04-29"},{"lineNumber":14,"author":{"gitId":"hongchiong"},"content":"  public String getDescription() {","lastModifiedDate":"2023-04-29"},{"lineNumber":15,"author":{"gitId":"hongchiong"},"content":"    return (description); ","lastModifiedDate":"2023-04-29"},{"lineNumber":16,"author":{"gitId":"hongchiong"},"content":"  }","lastModifiedDate":"2023-04-29"},{"lineNumber":17,"author":{"gitId":"hongchiong"},"content":"","lastModifiedDate":"2023-04-29"},{"lineNumber":18,"author":{"gitId":"hongchiong"},"content":"  public void mark() {","lastModifiedDate":"2023-04-29"},{"lineNumber":19,"author":{"gitId":"hongchiong"},"content":"    this.isDone \u003d  true;","lastModifiedDate":"2023-04-29"},{"lineNumber":20,"author":{"gitId":"hongchiong"},"content":"  }","lastModifiedDate":"2023-04-29"},{"lineNumber":21,"author":{"gitId":"hongchiong"},"content":"","lastModifiedDate":"2023-04-29"},{"lineNumber":22,"author":{"gitId":"hongchiong"},"content":"  public void unmark() {","lastModifiedDate":"2023-04-29"},{"lineNumber":23,"author":{"gitId":"hongchiong"},"content":"    this.isDone \u003d  false;","lastModifiedDate":"2023-04-29"},{"lineNumber":24,"author":{"gitId":"hongchiong"},"content":"  }","lastModifiedDate":"2023-04-29"},{"lineNumber":25,"author":{"gitId":"hongchiong"},"content":"","lastModifiedDate":"2023-04-30"},{"lineNumber":26,"author":{"gitId":"hongchiong"},"content":"  public String toString() {","lastModifiedDate":"2023-04-30"},{"lineNumber":27,"author":{"gitId":"hongchiong"},"content":"    return \"[\" + getStatusIcon() + \"] \" + description;","lastModifiedDate":"2023-04-30"},{"lineNumber":28,"author":{"gitId":"hongchiong"},"content":"  }","lastModifiedDate":"2023-04-30"},{"lineNumber":29,"author":{"gitId":"hongchiong"},"content":"}","lastModifiedDate":"2023-04-29"}],"authorContributionMap":{"hongchiong":29}},{"path":"src/main/java/Todo.java","fileType":"java","lines":[{"lineNumber":1,"author":{"gitId":"hongchiong"},"content":"public class Todo extends Task {","lastModifiedDate":"2023-04-30"},{"lineNumber":2,"author":{"gitId":"hongchiong"},"content":"","lastModifiedDate":"2023-04-30"},{"lineNumber":3,"author":{"gitId":"hongchiong"},"content":"  protected String by;","lastModifiedDate":"2023-04-30"},{"lineNumber":4,"author":{"gitId":"hongchiong"},"content":"","lastModifiedDate":"2023-04-30"},{"lineNumber":5,"author":{"gitId":"hongchiong"},"content":"  public Todo(String description) {","lastModifiedDate":"2023-04-30"},{"lineNumber":6,"author":{"gitId":"hongchiong"},"content":"      super(description);","lastModifiedDate":"2023-04-30"},{"lineNumber":7,"author":{"gitId":"hongchiong"},"content":"  }","lastModifiedDate":"2023-04-30"},{"lineNumber":8,"author":{"gitId":"hongchiong"},"content":"","lastModifiedDate":"2023-04-30"},{"lineNumber":9,"author":{"gitId":"hongchiong"},"content":"  @Override","lastModifiedDate":"2023-04-30"},{"lineNumber":10,"author":{"gitId":"hongchiong"},"content":"  public String toString() {","lastModifiedDate":"2023-04-30"},{"lineNumber":11,"author":{"gitId":"hongchiong"},"content":"      return \"[T]\" + super.toString();","lastModifiedDate":"2023-04-30"},{"lineNumber":12,"author":{"gitId":"hongchiong"},"content":"  }","lastModifiedDate":"2023-04-30"},{"lineNumber":13,"author":{"gitId":"hongchiong"},"content":"}","lastModifiedDate":"2023-04-30"}],"authorContributionMap":{"hongchiong":13}}]
