{"authorDailyContributionsMap":{"hongchiong":[{"date":"2023-04-29","commitResults":[{"hash":"e7d1e1e6068c70060a4a5b21e76ba0ca37d743b5","isMergeCommit":false,"messageTitle":"Level 1. Greet, Echo, Exit","messageBody":"","fileTypesAndContributionMap":{"java":{"insertions":18,"deletions":0}}},{"hash":"433b1dc9ae1368e796f39f8c75c03d94c07916af","isMergeCommit":false,"messageTitle":"Level 2. Add, List","messageBody":"","fileTypesAndContributionMap":{"java":{"insertions":20,"deletions":1}}},{"hash":"e0558fc18869da99117665fa56516fa858e78697","isMergeCommit":false,"messageTitle":"Level 3. Mark as Done","messageBody":"","fileTypesAndContributionMap":{"java":{"insertions":45,"deletions":3}}}]},{"date":"2023-04-30","commitResults":[{"hash":"8ea67d47b226a5d568516b85e92c904fb2db5411","isMergeCommit":false,"messageTitle":"Level 4. ToDos, Events, Deadlines","messageBody":"","fileTypesAndContributionMap":{"java":{"insertions":128,"deletions":20}}}]}]},"authorFileTypeContributionMap":{"hongchiong":{"java":187,"md":0,"fxml":0,"sh":0,"bat":0,"gradle":0,"txt":0}},"authorContributionVariance":{"hongchiong":258.74927},"authorDisplayNameMap":{"hongchiong":"YAR ..IONG"}}
