[{"path":"data/tasks.txt","fileType":"txt","lines":[{"lineNumber":1,"author":{"gitId":"LimWeiPing"},"content":"[T][ ] abc ","lastModifiedDate":"2023-03-23"},{"lineNumber":2,"author":{"gitId":"LimWeiPing"},"content":"[D][ ] abc (by:Jan 1 2022 at 06:00)","lastModifiedDate":"2023-03-23"},{"lineNumber":3,"author":{"gitId":"LimWeiPing"},"content":"[T][X] abc ","lastModifiedDate":"2023-03-23"},{"lineNumber":4,"author":{"gitId":"LimWeiPing"},"content":"[D][ ] abc (by:Jan 1 2020 at 05:00)","lastModifiedDate":"2023-03-23"},{"lineNumber":5,"author":{"gitId":"LimWeiPing"},"content":"[E][ ] mini (from:Feb 9 2022 at 01:00 to:Jan 1 2021 at 01:00)","lastModifiedDate":"2023-03-23"},{"lineNumber":6,"author":{"gitId":"LimWeiPing"},"content":"[T][ ] abc ","lastModifiedDate":"2023-03-23"},{"lineNumber":7,"author":{"gitId":"LimWeiPing"},"content":"[D][X] hup (by:Nov 9 2021 at 07:00)","lastModifiedDate":"2023-03-23"}],"authorContributionMap":{"LimWeiPing":7}},{"path":"src/main/java/Command.java","fileType":"java","lines":[{"lineNumber":1,"author":{"gitId":"LimWeiPing"},"content":"import java.io.IOException;","lastModifiedDate":"2023-03-20"},{"lineNumber":2,"author":{"gitId":"LimWeiPing"},"content":"","lastModifiedDate":"2023-03-20"},{"lineNumber":3,"author":{"gitId":"LimWeiPing"},"content":"","lastModifiedDate":"2023-03-20"},{"lineNumber":4,"author":{"gitId":"LimWeiPing"},"content":"public class Command {","lastModifiedDate":"2023-03-19"},{"lineNumber":5,"author":{"gitId":"LimWeiPing"},"content":"","lastModifiedDate":"2023-03-19"},{"lineNumber":6,"author":{"gitId":"LimWeiPing"},"content":"    protected Parser.taskEnum task;","lastModifiedDate":"2023-03-19"},{"lineNumber":7,"author":{"gitId":"LimWeiPing"},"content":"    protected String taskDescription;","lastModifiedDate":"2023-03-19"},{"lineNumber":8,"author":{"gitId":"LimWeiPing"},"content":"    protected Boolean isExit \u003d false;","lastModifiedDate":"2023-03-19"},{"lineNumber":9,"author":{"gitId":"LimWeiPing"},"content":"    protected int taskNumber;","lastModifiedDate":"2023-03-19"},{"lineNumber":10,"author":{"gitId":"LimWeiPing"},"content":"    protected String taskDeadline;","lastModifiedDate":"2023-03-19"},{"lineNumber":11,"author":{"gitId":"LimWeiPing"},"content":"    protected String start;","lastModifiedDate":"2023-03-19"},{"lineNumber":12,"author":{"gitId":"LimWeiPing"},"content":"    protected String end;","lastModifiedDate":"2023-03-19"},{"lineNumber":13,"author":{"gitId":"LimWeiPing"},"content":"","lastModifiedDate":"2023-03-19"},{"lineNumber":14,"author":{"gitId":"LimWeiPing"},"content":"    public void execute(TaskList tl, Ui ui, Storage storage) throws DukeException, IOException {","lastModifiedDate":"2023-03-21"},{"lineNumber":15,"author":{"gitId":"LimWeiPing"},"content":"","lastModifiedDate":"2023-03-21"},{"lineNumber":16,"author":{"gitId":"LimWeiPing"},"content":"        if (task !\u003d null) {","lastModifiedDate":"2023-03-21"},{"lineNumber":17,"author":{"gitId":"LimWeiPing"},"content":"        switch (task) {","lastModifiedDate":"2023-03-19"},{"lineNumber":18,"author":{"gitId":"LimWeiPing"},"content":"            // *********************","lastModifiedDate":"2023-03-19"},{"lineNumber":19,"author":{"gitId":"LimWeiPing"},"content":"            // level 1 bye feature","lastModifiedDate":"2023-03-19"},{"lineNumber":20,"author":{"gitId":"LimWeiPing"},"content":"            // *********************","lastModifiedDate":"2023-03-19"},{"lineNumber":21,"author":{"gitId":"LimWeiPing"},"content":"            case BYE:","lastModifiedDate":"2023-03-19"},{"lineNumber":22,"author":{"gitId":"LimWeiPing"},"content":"                this.isExit \u003d true;","lastModifiedDate":"2023-03-19"},{"lineNumber":23,"author":{"gitId":"LimWeiPing"},"content":"                break;","lastModifiedDate":"2023-03-19"},{"lineNumber":24,"author":{"gitId":"LimWeiPing"},"content":"            // **********************","lastModifiedDate":"2023-03-19"},{"lineNumber":25,"author":{"gitId":"LimWeiPing"},"content":"            // level 2 list feature","lastModifiedDate":"2023-03-19"},{"lineNumber":26,"author":{"gitId":"LimWeiPing"},"content":"            // **********************","lastModifiedDate":"2023-03-19"},{"lineNumber":27,"author":{"gitId":"LimWeiPing"},"content":"            case LIST:","lastModifiedDate":"2023-03-19"},{"lineNumber":28,"author":{"gitId":"LimWeiPing"},"content":"                for (int i \u003d 1; i \u003c tl.getSize() + 1; i++) {","lastModifiedDate":"2023-03-21"},{"lineNumber":29,"author":{"gitId":"LimWeiPing"},"content":"                    System.out.println(tl.tasksArray.get(i - 1).toString());","lastModifiedDate":"2023-03-21"},{"lineNumber":30,"author":{"gitId":"LimWeiPing"},"content":"                }","lastModifiedDate":"2023-03-19"},{"lineNumber":31,"author":{"gitId":"LimWeiPing"},"content":"","lastModifiedDate":"2023-03-20"},{"lineNumber":32,"author":{"gitId":"LimWeiPing"},"content":"                break;","lastModifiedDate":"2023-03-19"},{"lineNumber":33,"author":{"gitId":"LimWeiPing"},"content":"","lastModifiedDate":"2023-03-19"},{"lineNumber":34,"author":{"gitId":"LimWeiPing"},"content":"            // ***************************","lastModifiedDate":"2023-03-19"},{"lineNumber":35,"author":{"gitId":"LimWeiPing"},"content":"            // level 3 mark/unmark feature","lastModifiedDate":"2023-03-19"},{"lineNumber":36,"author":{"gitId":"LimWeiPing"},"content":"            // ***************************","lastModifiedDate":"2023-03-19"},{"lineNumber":37,"author":{"gitId":"LimWeiPing"},"content":"            case MARK:","lastModifiedDate":"2023-03-19"},{"lineNumber":38,"author":{"gitId":"LimWeiPing"},"content":"                // *************************","lastModifiedDate":"2023-03-19"},{"lineNumber":39,"author":{"gitId":"LimWeiPing"},"content":"                // level 5 ErrorHandle","lastModifiedDate":"2023-03-19"},{"lineNumber":40,"author":{"gitId":"LimWeiPing"},"content":"                // *************************","lastModifiedDate":"2023-03-19"},{"lineNumber":41,"author":{"gitId":"LimWeiPing"},"content":"                try {","lastModifiedDate":"2023-03-19"},{"lineNumber":42,"author":{"gitId":"LimWeiPing"},"content":"                    tl.get(taskNumber - 1).markAsDone();","lastModifiedDate":"2023-03-21"},{"lineNumber":43,"author":{"gitId":"LimWeiPing"},"content":"                } catch (NumberFormatException nfe) {                 // corner case: mark nonINTEGER","lastModifiedDate":"2023-03-19"},{"lineNumber":44,"author":{"gitId":"LimWeiPing"},"content":"                    System.out.println(\"mark is a function key. Please indicate task number to be marked!\");","lastModifiedDate":"2023-03-19"},{"lineNumber":45,"author":{"gitId":"LimWeiPing"},"content":"                } catch (ArrayIndexOutOfBoundsException obe) {    // corner case: mark","lastModifiedDate":"2023-03-19"},{"lineNumber":46,"author":{"gitId":"LimWeiPing"},"content":"                    System.out.println(\"mark feature must contain a task number\");","lastModifiedDate":"2023-03-19"},{"lineNumber":47,"author":{"gitId":"LimWeiPing"},"content":"                } catch (IndexOutOfBoundsException obe) {          // corner case: mark 0,  taskNumber \u003e taskArray.size","lastModifiedDate":"2023-03-19"},{"lineNumber":48,"author":{"gitId":"LimWeiPing"},"content":"                    System.out.println(\"Please give a valid task number that you want to mark!\");","lastModifiedDate":"2023-03-19"},{"lineNumber":49,"author":{"gitId":"LimWeiPing"},"content":"                }","lastModifiedDate":"2023-03-19"},{"lineNumber":50,"author":{"gitId":"LimWeiPing"},"content":"","lastModifiedDate":"2023-03-20"},{"lineNumber":51,"author":{"gitId":"LimWeiPing"},"content":"                break;","lastModifiedDate":"2023-03-19"},{"lineNumber":52,"author":{"gitId":"LimWeiPing"},"content":"","lastModifiedDate":"2023-03-19"},{"lineNumber":53,"author":{"gitId":"LimWeiPing"},"content":"            case UNMARK:","lastModifiedDate":"2023-03-19"},{"lineNumber":54,"author":{"gitId":"LimWeiPing"},"content":"                try {","lastModifiedDate":"2023-03-19"},{"lineNumber":55,"author":{"gitId":"LimWeiPing"},"content":"                    tl.get(taskNumber - 1).markAsNotDone();","lastModifiedDate":"2023-03-21"},{"lineNumber":56,"author":{"gitId":"LimWeiPing"},"content":"                } catch (NumberFormatException nfe) {              // to handle exception: mark nonINTEGER","lastModifiedDate":"2023-03-19"},{"lineNumber":57,"author":{"gitId":"LimWeiPing"},"content":"                    System.out.println(\"unmark is a function key. Please indicate task number to be marked!\");","lastModifiedDate":"2023-03-19"},{"lineNumber":58,"author":{"gitId":"LimWeiPing"},"content":"                } catch (ArrayIndexOutOfBoundsException obe) {  // to handle exception: mark","lastModifiedDate":"2023-03-19"},{"lineNumber":59,"author":{"gitId":"LimWeiPing"},"content":"                    System.out.println(\"unmark feature must contain a task number\");","lastModifiedDate":"2023-03-19"},{"lineNumber":60,"author":{"gitId":"LimWeiPing"},"content":"                } catch (IndexOutOfBoundsException obe) {        // to handle exception:  taskNumber \u003e taskArray.size","lastModifiedDate":"2023-03-19"},{"lineNumber":61,"author":{"gitId":"LimWeiPing"},"content":"                    System.out.println(\"Please give a valid task number that you want to unmark!\");","lastModifiedDate":"2023-03-19"},{"lineNumber":62,"author":{"gitId":"LimWeiPing"},"content":"                }","lastModifiedDate":"2023-03-19"},{"lineNumber":63,"author":{"gitId":"LimWeiPing"},"content":"","lastModifiedDate":"2023-03-20"},{"lineNumber":64,"author":{"gitId":"LimWeiPing"},"content":"                break;","lastModifiedDate":"2023-03-19"},{"lineNumber":65,"author":{"gitId":"LimWeiPing"},"content":"","lastModifiedDate":"2023-03-19"},{"lineNumber":66,"author":{"gitId":"LimWeiPing"},"content":"            // **********************","lastModifiedDate":"2023-03-19"},{"lineNumber":67,"author":{"gitId":"LimWeiPing"},"content":"            // level 4 To-do feature","lastModifiedDate":"2023-03-19"},{"lineNumber":68,"author":{"gitId":"LimWeiPing"},"content":"            // **********************","lastModifiedDate":"2023-03-19"},{"lineNumber":69,"author":{"gitId":"LimWeiPing"},"content":"            case TODO:","lastModifiedDate":"2023-03-19"},{"lineNumber":70,"author":{"gitId":"LimWeiPing"},"content":"                if (taskDescription !\u003d null) {","lastModifiedDate":"2023-03-21"},{"lineNumber":71,"author":{"gitId":"LimWeiPing"},"content":"                    tl.add(new ToDo(taskDescription));","lastModifiedDate":"2023-03-21"},{"lineNumber":72,"author":{"gitId":"LimWeiPing"},"content":"                    System.out.println(\"Got it. I\u0027ve added this task:\\n    \"","lastModifiedDate":"2023-03-19"},{"lineNumber":73,"author":{"gitId":"LimWeiPing"},"content":"                            + taskDescription +","lastModifiedDate":"2023-03-19"},{"lineNumber":74,"author":{"gitId":"LimWeiPing"},"content":"                            \"\\nNow you have \" + tl.getSize() + \" tasks in the list.\");","lastModifiedDate":"2023-03-21"},{"lineNumber":75,"author":{"gitId":"LimWeiPing"},"content":"                }","lastModifiedDate":"2023-03-21"},{"lineNumber":76,"author":{"gitId":"LimWeiPing"},"content":"                break;","lastModifiedDate":"2023-03-19"},{"lineNumber":77,"author":{"gitId":"LimWeiPing"},"content":"","lastModifiedDate":"2023-03-19"},{"lineNumber":78,"author":{"gitId":"LimWeiPing"},"content":"            // *************************","lastModifiedDate":"2023-03-19"},{"lineNumber":79,"author":{"gitId":"LimWeiPing"},"content":"            // level 4 Deadline feature","lastModifiedDate":"2023-03-19"},{"lineNumber":80,"author":{"gitId":"LimWeiPing"},"content":"            // *************************","lastModifiedDate":"2023-03-19"},{"lineNumber":81,"author":{"gitId":"LimWeiPing"},"content":"            case DEADLINE:","lastModifiedDate":"2023-03-19"},{"lineNumber":82,"author":{"gitId":"LimWeiPing"},"content":"                if (taskDescription !\u003d null \u0026\u0026 taskDeadline !\u003d null) {","lastModifiedDate":"2023-03-21"},{"lineNumber":83,"author":{"gitId":"LimWeiPing"},"content":"                    tl.add(new Deadline(taskDescription, taskDeadline));","lastModifiedDate":"2023-03-21"},{"lineNumber":84,"author":{"gitId":"LimWeiPing"},"content":"                    System.out.println(\"Got it. I\u0027ve added this task:\\n    \"","lastModifiedDate":"2023-03-19"},{"lineNumber":85,"author":{"gitId":"LimWeiPing"},"content":"                            + taskDescription + \"/by \" + taskDeadline +","lastModifiedDate":"2023-03-19"},{"lineNumber":86,"author":{"gitId":"LimWeiPing"},"content":"                            \"\\nNow you have \" + tl.getSize() + \" tasks in the list.\");","lastModifiedDate":"2023-03-21"},{"lineNumber":87,"author":{"gitId":"LimWeiPing"},"content":"                }","lastModifiedDate":"2023-03-21"},{"lineNumber":88,"author":{"gitId":"LimWeiPing"},"content":"                break;","lastModifiedDate":"2023-03-19"},{"lineNumber":89,"author":{"gitId":"LimWeiPing"},"content":"","lastModifiedDate":"2023-03-19"},{"lineNumber":90,"author":{"gitId":"LimWeiPing"},"content":"            // *************************","lastModifiedDate":"2023-03-19"},{"lineNumber":91,"author":{"gitId":"LimWeiPing"},"content":"            // level 4 Event feature","lastModifiedDate":"2023-03-19"},{"lineNumber":92,"author":{"gitId":"LimWeiPing"},"content":"            // *************************","lastModifiedDate":"2023-03-19"},{"lineNumber":93,"author":{"gitId":"LimWeiPing"},"content":"            case EVENT:","lastModifiedDate":"2023-03-19"},{"lineNumber":94,"author":{"gitId":"LimWeiPing"},"content":"                if (taskDescription !\u003d null \u0026\u0026 start !\u003d null \u0026\u0026 end !\u003d null) {","lastModifiedDate":"2023-03-21"},{"lineNumber":95,"author":{"gitId":"LimWeiPing"},"content":"                    tl.add(new Event(taskDescription, start, end));","lastModifiedDate":"2023-03-21"},{"lineNumber":96,"author":{"gitId":"LimWeiPing"},"content":"                    System.out.println(\"Got it. I\u0027ve added this duty:\\n    \"","lastModifiedDate":"2023-03-19"},{"lineNumber":97,"author":{"gitId":"LimWeiPing"},"content":"                            + taskDescription + \"/from \" + start + \" /to \" + end +","lastModifiedDate":"2023-03-19"},{"lineNumber":98,"author":{"gitId":"LimWeiPing"},"content":"                            \"\\nNow you have \" + tl.getSize() + \" tasks in the list.\");","lastModifiedDate":"2023-03-21"},{"lineNumber":99,"author":{"gitId":"LimWeiPing"},"content":"                }","lastModifiedDate":"2023-03-21"},{"lineNumber":100,"author":{"gitId":"LimWeiPing"},"content":"                break;","lastModifiedDate":"2023-03-19"},{"lineNumber":101,"author":{"gitId":"LimWeiPing"},"content":"","lastModifiedDate":"2023-03-19"},{"lineNumber":102,"author":{"gitId":"LimWeiPing"},"content":"            // *************************","lastModifiedDate":"2023-03-19"},{"lineNumber":103,"author":{"gitId":"LimWeiPing"},"content":"            // level 5 Delete feature","lastModifiedDate":"2023-03-19"},{"lineNumber":104,"author":{"gitId":"LimWeiPing"},"content":"            // *************************","lastModifiedDate":"2023-03-19"},{"lineNumber":105,"author":{"gitId":"LimWeiPing"},"content":"            case DELETE:","lastModifiedDate":"2023-03-19"},{"lineNumber":106,"author":{"gitId":"LimWeiPing"},"content":"                try {","lastModifiedDate":"2023-03-19"},{"lineNumber":107,"author":{"gitId":"LimWeiPing"},"content":"                    System.out.println(\"Noted. I\u0027ve removed this task:\\n    \"","lastModifiedDate":"2023-03-19"},{"lineNumber":108,"author":{"gitId":"LimWeiPing"},"content":"                            + tl.get(taskNumber - 1).toString() +","lastModifiedDate":"2023-03-21"},{"lineNumber":109,"author":{"gitId":"LimWeiPing"},"content":"                            \"\\nNow you have \" + (tl.getSize() - 1) + \" tasks in the list.\");","lastModifiedDate":"2023-03-21"},{"lineNumber":110,"author":{"gitId":"LimWeiPing"},"content":"                    tl.remove(taskNumber - 1);","lastModifiedDate":"2023-03-21"},{"lineNumber":111,"author":{"gitId":"LimWeiPing"},"content":"                } catch (NumberFormatException nfe) {                 // corner case: mark nonINTEGER","lastModifiedDate":"2023-03-19"},{"lineNumber":112,"author":{"gitId":"LimWeiPing"},"content":"                    System.out.println(\"delete is a function key. Please indicate task number to be deleted!\");","lastModifiedDate":"2023-03-19"},{"lineNumber":113,"author":{"gitId":"LimWeiPing"},"content":"                } catch (ArrayIndexOutOfBoundsException obe) {    // corner case: mark","lastModifiedDate":"2023-03-19"},{"lineNumber":114,"author":{"gitId":"LimWeiPing"},"content":"                    System.out.println(\"delete feature must contain a task number\");","lastModifiedDate":"2023-03-19"},{"lineNumber":115,"author":{"gitId":"LimWeiPing"},"content":"                } catch (","lastModifiedDate":"2023-03-19"},{"lineNumber":116,"author":{"gitId":"LimWeiPing"},"content":"                        IndexOutOfBoundsException obe) {          // corner case: mark 0,  taskNumber \u003e taskArray.size","lastModifiedDate":"2023-03-19"},{"lineNumber":117,"author":{"gitId":"LimWeiPing"},"content":"                    System.out.println(\"Please give a valid task number that you want to delete!\");","lastModifiedDate":"2023-03-19"},{"lineNumber":118,"author":{"gitId":"LimWeiPing"},"content":"                }","lastModifiedDate":"2023-03-19"},{"lineNumber":119,"author":{"gitId":"LimWeiPing"},"content":"","lastModifiedDate":"2023-03-20"},{"lineNumber":120,"author":{"gitId":"LimWeiPing"},"content":"                break;","lastModifiedDate":"2023-03-19"},{"lineNumber":121,"author":{"gitId":"LimWeiPing"},"content":"            default:","lastModifiedDate":"2023-03-19"},{"lineNumber":122,"author":{"gitId":"LimWeiPing"},"content":"","lastModifiedDate":"2023-03-20"},{"lineNumber":123,"author":{"gitId":"LimWeiPing"},"content":"        }","lastModifiedDate":"2023-03-19"},{"lineNumber":124,"author":{"gitId":"LimWeiPing"},"content":"    }","lastModifiedDate":"2023-03-19"},{"lineNumber":125,"author":{"gitId":"LimWeiPing"},"content":"    }","lastModifiedDate":"2023-03-21"},{"lineNumber":126,"author":{"gitId":"LimWeiPing"},"content":"","lastModifiedDate":"2023-03-20"},{"lineNumber":127,"author":{"gitId":"LimWeiPing"},"content":"    public boolean isExit() {","lastModifiedDate":"2023-03-19"},{"lineNumber":128,"author":{"gitId":"LimWeiPing"},"content":"        return this.isExit;","lastModifiedDate":"2023-03-19"},{"lineNumber":129,"author":{"gitId":"LimWeiPing"},"content":"    }","lastModifiedDate":"2023-03-19"},{"lineNumber":130,"author":{"gitId":"LimWeiPing"},"content":"}","lastModifiedDate":"2023-03-19"}],"authorContributionMap":{"LimWeiPing":130}},{"path":"src/main/java/Deadline.java","fileType":"java","lines":[{"lineNumber":1,"author":{"gitId":"LimWeiPing"},"content":"import java.time.LocalDateTime;","lastModifiedDate":"2023-03-20"},{"lineNumber":2,"author":{"gitId":"LimWeiPing"},"content":"import java.time.format.DateTimeFormatter;","lastModifiedDate":"2023-03-20"},{"lineNumber":3,"author":{"gitId":"LimWeiPing"},"content":"import java.time.temporal.ChronoUnit;","lastModifiedDate":"2023-03-20"},{"lineNumber":4,"author":{"gitId":"LimWeiPing"},"content":"","lastModifiedDate":"2023-03-20"},{"lineNumber":5,"author":{"gitId":"LimWeiPing"},"content":"public class Deadline extends Task {","lastModifiedDate":"2023-02-05"},{"lineNumber":6,"author":{"gitId":"LimWeiPing"},"content":"    protected String taskString;","lastModifiedDate":"2023-03-17"},{"lineNumber":7,"author":{"gitId":"LimWeiPing"},"content":"    protected LocalDateTime byString;","lastModifiedDate":"2023-03-20"},{"lineNumber":8,"author":{"gitId":"LimWeiPing"},"content":"","lastModifiedDate":"2023-02-05"},{"lineNumber":9,"author":{"gitId":"LimWeiPing"},"content":"    public Deadline(String description, String deadline) {","lastModifiedDate":"2023-03-19"},{"lineNumber":10,"author":{"gitId":"LimWeiPing"},"content":"        super(description);","lastModifiedDate":"2023-02-05"},{"lineNumber":11,"author":{"gitId":"LimWeiPing"},"content":"        // *************************","lastModifiedDate":"2023-03-20"},{"lineNumber":12,"author":{"gitId":"LimWeiPing"},"content":"        // level 8 Dates and Times","lastModifiedDate":"2023-03-23"},{"lineNumber":13,"author":{"gitId":"LimWeiPing"},"content":"        // *************************","lastModifiedDate":"2023-03-20"},{"lineNumber":14,"author":{"gitId":"LimWeiPing"},"content":"        this.byString \u003d LocalDateTime.parse(deadline);","lastModifiedDate":"2023-03-20"},{"lineNumber":15,"author":{"gitId":"LimWeiPing"},"content":"    }","lastModifiedDate":"2023-03-17"},{"lineNumber":16,"author":{"gitId":"LimWeiPing"},"content":"","lastModifiedDate":"2023-03-23"},{"lineNumber":17,"author":{"gitId":"LimWeiPing"},"content":"    public LocalDateTime getBy() {","lastModifiedDate":"2023-03-20"},{"lineNumber":18,"author":{"gitId":"LimWeiPing"},"content":"        return this.byString;","lastModifiedDate":"2023-03-17"},{"lineNumber":19,"author":{"gitId":"LimWeiPing"},"content":"    }","lastModifiedDate":"2023-02-05"},{"lineNumber":20,"author":{"gitId":"LimWeiPing"},"content":"","lastModifiedDate":"2023-02-05"},{"lineNumber":21,"author":{"gitId":"LimWeiPing"},"content":"    public String toString() {","lastModifiedDate":"2023-02-05"},{"lineNumber":22,"author":{"gitId":"LimWeiPing"},"content":"        return \"[D]\" + super.toString() + \"(by:\" + byString.format(DateTimeFormatter.ofPattern(\"MMM d yyyy \u0027at\u0027 hh:mm\")) + \")\";","lastModifiedDate":"2023-03-20"},{"lineNumber":23,"author":{"gitId":"LimWeiPing"},"content":"    }","lastModifiedDate":"2023-02-05"},{"lineNumber":24,"author":{"gitId":"LimWeiPing"},"content":"","lastModifiedDate":"2023-02-05"},{"lineNumber":25,"author":{"gitId":"LimWeiPing"},"content":"}","lastModifiedDate":"2023-02-05"}],"authorContributionMap":{"LimWeiPing":25}},{"path":"src/main/java/Duke.java","fileType":"java","lines":[{"lineNumber":1,"author":{"gitId":"LimWeiPing"},"content":"import java.io.FileNotFoundException;","lastModifiedDate":"2023-03-17"},{"lineNumber":2,"author":{"gitId":"LimWeiPing"},"content":"import java.io.FileWriter;","lastModifiedDate":"2023-03-19"},{"lineNumber":3,"author":{"gitId":"LimWeiPing"},"content":"import java.io.IOException;","lastModifiedDate":"2023-03-19"},{"lineNumber":4,"author":{"gitId":"LimWeiPing"},"content":"import java.text.ParseException;","lastModifiedDate":"2023-03-23"},{"lineNumber":5,"author":{"gitId":"LimWeiPing"},"content":"import java.util.Arrays;","lastModifiedDate":"2023-02-11"},{"lineNumber":6,"author":{"gitId":"LimWeiPing"},"content":"import java.util.Scanner;","lastModifiedDate":"2023-01-28"},{"lineNumber":7,"author":{"gitId":"LimWeiPing"},"content":"import java.util.ArrayList;","lastModifiedDate":"2023-01-28"},{"lineNumber":8,"author":{"gitId":"LimWeiPing"},"content":"import java.io.File;","lastModifiedDate":"2023-03-17"},{"lineNumber":9,"author":{"gitId":"LimWeiPing"},"content":"","lastModifiedDate":"2023-03-17"},{"lineNumber":10,"author":{"gitId":"-"},"content":"public class Duke {","lastModifiedDate":"2019-07-29"},{"lineNumber":11,"author":{"gitId":"LimWeiPing"},"content":"    public static String filePath;","lastModifiedDate":"2023-03-20"},{"lineNumber":12,"author":{"gitId":"LimWeiPing"},"content":"    private Storage storage;","lastModifiedDate":"2023-03-19"},{"lineNumber":13,"author":{"gitId":"LimWeiPing"},"content":"    private TaskList tasks;","lastModifiedDate":"2023-03-19"},{"lineNumber":14,"author":{"gitId":"LimWeiPing"},"content":"    private Ui ui;","lastModifiedDate":"2023-03-19"},{"lineNumber":15,"author":{"gitId":"LimWeiPing"},"content":"","lastModifiedDate":"2023-03-20"},{"lineNumber":16,"author":{"gitId":"LimWeiPing"},"content":"","lastModifiedDate":"2023-03-19"},{"lineNumber":17,"author":{"gitId":"LimWeiPing"},"content":"    public Duke(String filePath) {","lastModifiedDate":"2023-03-17"},{"lineNumber":18,"author":{"gitId":"LimWeiPing"},"content":"        this.filePath \u003d filePath;","lastModifiedDate":"2023-03-19"},{"lineNumber":19,"author":{"gitId":"LimWeiPing"},"content":"        ui \u003d new Ui();","lastModifiedDate":"2023-03-19"},{"lineNumber":20,"author":{"gitId":"LimWeiPing"},"content":"        storage \u003d new Storage(filePath);","lastModifiedDate":"2023-03-19"},{"lineNumber":21,"author":{"gitId":"LimWeiPing"},"content":"        try {","lastModifiedDate":"2023-03-17"},{"lineNumber":22,"author":{"gitId":"LimWeiPing"},"content":"            tasks \u003d new TaskList(storage.load());","lastModifiedDate":"2023-03-19"},{"lineNumber":23,"author":{"gitId":"LimWeiPing"},"content":"        } catch (DukeException e) {","lastModifiedDate":"2023-03-19"},{"lineNumber":24,"author":{"gitId":"LimWeiPing"},"content":"            ui.showLoadingError();","lastModifiedDate":"2023-03-19"},{"lineNumber":25,"author":{"gitId":"LimWeiPing"},"content":"            tasks \u003d new TaskList();","lastModifiedDate":"2023-03-19"},{"lineNumber":26,"author":{"gitId":"LimWeiPing"},"content":"        } catch (FileNotFoundException e) {","lastModifiedDate":"2023-03-17"},{"lineNumber":27,"author":{"gitId":"LimWeiPing"},"content":"            throw new RuntimeException(e);","lastModifiedDate":"2023-03-17"},{"lineNumber":28,"author":{"gitId":"LimWeiPing"},"content":"        } catch (IOException e) {","lastModifiedDate":"2023-03-23"},{"lineNumber":29,"author":{"gitId":"LimWeiPing"},"content":"            throw new RuntimeException(e);","lastModifiedDate":"2023-03-23"},{"lineNumber":30,"author":{"gitId":"LimWeiPing"},"content":"        } catch (ParseException e) {","lastModifiedDate":"2023-03-23"},{"lineNumber":31,"author":{"gitId":"LimWeiPing"},"content":"            throw new RuntimeException(e);","lastModifiedDate":"2023-03-23"},{"lineNumber":32,"author":{"gitId":"LimWeiPing"},"content":"        }","lastModifiedDate":"2023-03-17"},{"lineNumber":33,"author":{"gitId":"LimWeiPing"},"content":"    }","lastModifiedDate":"2023-03-17"},{"lineNumber":34,"author":{"gitId":"LimWeiPing"},"content":"","lastModifiedDate":"2023-03-17"},{"lineNumber":35,"author":{"gitId":"LimWeiPing"},"content":"    public void run() {","lastModifiedDate":"2023-03-19"},{"lineNumber":36,"author":{"gitId":"LimWeiPing"},"content":"        ui.showWelcome();","lastModifiedDate":"2023-03-19"},{"lineNumber":37,"author":{"gitId":"LimWeiPing"},"content":"        // *********************","lastModifiedDate":"2023-03-19"},{"lineNumber":38,"author":{"gitId":"LimWeiPing"},"content":"        // level 1 bye feature","lastModifiedDate":"2023-03-19"},{"lineNumber":39,"author":{"gitId":"LimWeiPing"},"content":"        // *********************","lastModifiedDate":"2023-03-19"},{"lineNumber":40,"author":{"gitId":"LimWeiPing"},"content":"        boolean isExit \u003d false;","lastModifiedDate":"2023-03-19"},{"lineNumber":41,"author":{"gitId":"LimWeiPing"},"content":"        while (!isExit) {","lastModifiedDate":"2023-03-19"},{"lineNumber":42,"author":{"gitId":"LimWeiPing"},"content":"            try {","lastModifiedDate":"2023-03-19"},{"lineNumber":43,"author":{"gitId":"LimWeiPing"},"content":"                String fullCommand \u003d ui.readCommand();","lastModifiedDate":"2023-03-19"},{"lineNumber":44,"author":{"gitId":"LimWeiPing"},"content":"                ui.showLine();","lastModifiedDate":"2023-03-19"},{"lineNumber":45,"author":{"gitId":"LimWeiPing"},"content":"                Command c \u003d Parser.parse(fullCommand);","lastModifiedDate":"2023-03-19"},{"lineNumber":46,"author":{"gitId":"LimWeiPing"},"content":"                c.execute(tasks, ui, storage);","lastModifiedDate":"2023-03-19"},{"lineNumber":47,"author":{"gitId":"LimWeiPing"},"content":"                storage.save(tasks, filePath);","lastModifiedDate":"2023-03-19"},{"lineNumber":48,"author":{"gitId":"LimWeiPing"},"content":"                isExit \u003d c.isExit();","lastModifiedDate":"2023-03-19"},{"lineNumber":49,"author":{"gitId":"LimWeiPing"},"content":"            } catch (DukeException e) {","lastModifiedDate":"2023-03-19"},{"lineNumber":50,"author":{"gitId":"LimWeiPing"},"content":"                ui.showError(e.getMessage());","lastModifiedDate":"2023-03-19"},{"lineNumber":51,"author":{"gitId":"LimWeiPing"},"content":"            } catch (IOException e) {","lastModifiedDate":"2023-03-19"},{"lineNumber":52,"author":{"gitId":"LimWeiPing"},"content":"                throw new RuntimeException(e);","lastModifiedDate":"2023-03-19"},{"lineNumber":53,"author":{"gitId":"LimWeiPing"},"content":"            } finally {","lastModifiedDate":"2023-03-19"},{"lineNumber":54,"author":{"gitId":"LimWeiPing"},"content":"                ui.showLine();","lastModifiedDate":"2023-03-19"},{"lineNumber":55,"author":{"gitId":"LimWeiPing"},"content":"            }","lastModifiedDate":"2023-03-19"},{"lineNumber":56,"author":{"gitId":"LimWeiPing"},"content":"        }","lastModifiedDate":"2023-03-17"},{"lineNumber":57,"author":{"gitId":"LimWeiPing"},"content":"    }","lastModifiedDate":"2023-03-17"},{"lineNumber":58,"author":{"gitId":"LimWeiPing"},"content":"","lastModifiedDate":"2023-03-17"},{"lineNumber":59,"author":{"gitId":"LimWeiPing"},"content":"    public TaskList getTasks() {","lastModifiedDate":"2023-03-23"},{"lineNumber":60,"author":{"gitId":"LimWeiPing"},"content":"        return this.tasks;","lastModifiedDate":"2023-03-23"},{"lineNumber":61,"author":{"gitId":"LimWeiPing"},"content":"    }","lastModifiedDate":"2023-03-23"},{"lineNumber":62,"author":{"gitId":"LimWeiPing"},"content":"","lastModifiedDate":"2023-03-23"},{"lineNumber":63,"author":{"gitId":"LimWeiPing"},"content":"    public Storage getStorage() {","lastModifiedDate":"2023-03-23"},{"lineNumber":64,"author":{"gitId":"LimWeiPing"},"content":"        return this.storage;","lastModifiedDate":"2023-03-23"},{"lineNumber":65,"author":{"gitId":"LimWeiPing"},"content":"    }","lastModifiedDate":"2023-03-23"},{"lineNumber":66,"author":{"gitId":"LimWeiPing"},"content":"","lastModifiedDate":"2023-03-23"},{"lineNumber":67,"author":{"gitId":"LimWeiPing"},"content":"    public Ui getUi() {","lastModifiedDate":"2023-03-23"},{"lineNumber":68,"author":{"gitId":"LimWeiPing"},"content":"        return this.ui;","lastModifiedDate":"2023-03-23"},{"lineNumber":69,"author":{"gitId":"LimWeiPing"},"content":"    }","lastModifiedDate":"2023-03-23"},{"lineNumber":70,"author":{"gitId":"LimWeiPing"},"content":"","lastModifiedDate":"2023-03-23"},{"lineNumber":71,"author":{"gitId":"-"},"content":"    public static void main(String[] args) {","lastModifiedDate":"2023-03-19"},{"lineNumber":72,"author":{"gitId":"LimWeiPing"},"content":"","lastModifiedDate":"2023-03-17"},{"lineNumber":73,"author":{"gitId":"LimWeiPing"},"content":"        new Duke(\"data/tasks.txt\").run();","lastModifiedDate":"2023-03-19"},{"lineNumber":74,"author":{"gitId":"LimWeiPing"},"content":"","lastModifiedDate":"2023-03-17"},{"lineNumber":75,"author":{"gitId":"-"},"content":"    }","lastModifiedDate":"2023-03-17"},{"lineNumber":76,"author":{"gitId":"LimWeiPing"},"content":"","lastModifiedDate":"2023-03-17"},{"lineNumber":77,"author":{"gitId":"-"},"content":"}","lastModifiedDate":"2023-02-01"},{"lineNumber":78,"author":{"gitId":"LimWeiPing"},"content":"","lastModifiedDate":"2023-02-01"}],"authorContributionMap":{"LimWeiPing":74,"-":4}},{"path":"src/main/java/DukeException.java","fileType":"java","lines":[{"lineNumber":1,"author":{"gitId":"LimWeiPing"},"content":"public class DukeException extends Throwable {","lastModifiedDate":"2023-02-11"},{"lineNumber":2,"author":{"gitId":"LimWeiPing"},"content":"","lastModifiedDate":"2023-02-11"},{"lineNumber":3,"author":{"gitId":"LimWeiPing"},"content":"    private String message;","lastModifiedDate":"2023-02-11"},{"lineNumber":4,"author":{"gitId":"LimWeiPing"},"content":"    public DukeException(String message) {","lastModifiedDate":"2023-02-11"},{"lineNumber":5,"author":{"gitId":"LimWeiPing"},"content":"        this.message \u003d message;","lastModifiedDate":"2023-02-11"},{"lineNumber":6,"author":{"gitId":"LimWeiPing"},"content":"    }","lastModifiedDate":"2023-02-11"},{"lineNumber":7,"author":{"gitId":"LimWeiPing"},"content":"","lastModifiedDate":"2023-02-11"},{"lineNumber":8,"author":{"gitId":"LimWeiPing"},"content":"    public static void checkDescriptionExist(int wordsDescription, int minWords) throws DukeException {","lastModifiedDate":"2023-03-19"},{"lineNumber":9,"author":{"gitId":"LimWeiPing"},"content":"        if (wordsDescription \u003c minWords) {","lastModifiedDate":"2023-03-19"},{"lineNumber":10,"author":{"gitId":"LimWeiPing"},"content":"            throw new DukeException(\"no description\");            // To handle exception: to-do","lastModifiedDate":"2023-03-19"},{"lineNumber":11,"author":{"gitId":"LimWeiPing"},"content":"        }","lastModifiedDate":"2023-03-19"},{"lineNumber":12,"author":{"gitId":"LimWeiPing"},"content":"    }","lastModifiedDate":"2023-03-19"},{"lineNumber":13,"author":{"gitId":"LimWeiPing"},"content":"","lastModifiedDate":"2023-03-19"},{"lineNumber":14,"author":{"gitId":"LimWeiPing"},"content":"    public static void checkPartsRequirement(int partsDescription, int numberParts) throws IncompleteDescriptionException {","lastModifiedDate":"2023-03-19"},{"lineNumber":15,"author":{"gitId":"LimWeiPing"},"content":"        if (partsDescription \u003e numberParts) {","lastModifiedDate":"2023-03-19"},{"lineNumber":16,"author":{"gitId":"LimWeiPing"},"content":"            throw new IncompleteDescriptionException(\"incomplete description\");            // To handle exception: description more than 1 /by /from /to","lastModifiedDate":"2023-03-19"},{"lineNumber":17,"author":{"gitId":"LimWeiPing"},"content":"        }","lastModifiedDate":"2023-03-19"},{"lineNumber":18,"author":{"gitId":"LimWeiPing"},"content":"    }","lastModifiedDate":"2023-03-19"},{"lineNumber":19,"author":{"gitId":"LimWeiPing"},"content":"","lastModifiedDate":"2023-03-19"},{"lineNumber":20,"author":{"gitId":"LimWeiPing"},"content":"    public static void checkTaskExist(int index, int min) throws NoTaskException {","lastModifiedDate":"2023-03-19"},{"lineNumber":21,"author":{"gitId":"LimWeiPing"},"content":"        if (index \u003d\u003d min) {","lastModifiedDate":"2023-03-19"},{"lineNumber":22,"author":{"gitId":"LimWeiPing"},"content":"            throw new NoTaskException(\"no task\");            // To handle exception: to-do","lastModifiedDate":"2023-03-19"},{"lineNumber":23,"author":{"gitId":"LimWeiPing"},"content":"        }","lastModifiedDate":"2023-03-19"},{"lineNumber":24,"author":{"gitId":"LimWeiPing"},"content":"    }","lastModifiedDate":"2023-03-19"},{"lineNumber":25,"author":{"gitId":"LimWeiPing"},"content":"","lastModifiedDate":"2023-02-11"},{"lineNumber":26,"author":{"gitId":"LimWeiPing"},"content":"}","lastModifiedDate":"2023-02-11"}],"authorContributionMap":{"LimWeiPing":26}},{"path":"src/main/java/Event.java","fileType":"java","lines":[{"lineNumber":1,"author":{"gitId":"LimWeiPing"},"content":"import java.time.LocalDateTime;","lastModifiedDate":"2023-03-20"},{"lineNumber":2,"author":{"gitId":"LimWeiPing"},"content":"import java.time.format.DateTimeFormatter;","lastModifiedDate":"2023-03-20"},{"lineNumber":3,"author":{"gitId":"LimWeiPing"},"content":"import java.time.temporal.ChronoUnit;","lastModifiedDate":"2023-03-20"},{"lineNumber":4,"author":{"gitId":"LimWeiPing"},"content":"","lastModifiedDate":"2023-03-20"},{"lineNumber":5,"author":{"gitId":"LimWeiPing"},"content":"public class Event extends Task {","lastModifiedDate":"2023-02-05"},{"lineNumber":6,"author":{"gitId":"LimWeiPing"},"content":"    protected LocalDateTime start;","lastModifiedDate":"2023-03-20"},{"lineNumber":7,"author":{"gitId":"LimWeiPing"},"content":"    protected LocalDateTime end;","lastModifiedDate":"2023-03-20"},{"lineNumber":8,"author":{"gitId":"LimWeiPing"},"content":"","lastModifiedDate":"2023-02-05"},{"lineNumber":9,"author":{"gitId":"LimWeiPing"},"content":"    public Event(String description, String start, String end) {","lastModifiedDate":"2023-02-05"},{"lineNumber":10,"author":{"gitId":"LimWeiPing"},"content":"        super(description);","lastModifiedDate":"2023-02-05"},{"lineNumber":11,"author":{"gitId":"LimWeiPing"},"content":"        // *************************","lastModifiedDate":"2023-03-20"},{"lineNumber":12,"author":{"gitId":"LimWeiPing"},"content":"        // level 8 Dates and Times","lastModifiedDate":"2023-03-23"},{"lineNumber":13,"author":{"gitId":"LimWeiPing"},"content":"        // *************************","lastModifiedDate":"2023-03-20"},{"lineNumber":14,"author":{"gitId":"LimWeiPing"},"content":"        this.start \u003d LocalDateTime.parse(start);","lastModifiedDate":"2023-03-20"},{"lineNumber":15,"author":{"gitId":"LimWeiPing"},"content":"        this.end \u003d LocalDateTime.parse(end);","lastModifiedDate":"2023-03-20"},{"lineNumber":16,"author":{"gitId":"LimWeiPing"},"content":"","lastModifiedDate":"2023-03-20"},{"lineNumber":17,"author":{"gitId":"LimWeiPing"},"content":"    }","lastModifiedDate":"2023-02-05"},{"lineNumber":18,"author":{"gitId":"LimWeiPing"},"content":"","lastModifiedDate":"2023-02-05"},{"lineNumber":19,"author":{"gitId":"LimWeiPing"},"content":"    public String toString() {","lastModifiedDate":"2023-02-05"},{"lineNumber":20,"author":{"gitId":"LimWeiPing"},"content":"        return \"[E]\" + super.toString() + \"(from:\" + start.format(DateTimeFormatter.ofPattern(\"MMM d yyyy \u0027at\u0027 hh:mm\")) + \" to:\" + end.format(DateTimeFormatter.ofPattern(\"MMM d yyyy \u0027at\u0027 hh:mm\")) + \")\";","lastModifiedDate":"2023-03-20"},{"lineNumber":21,"author":{"gitId":"LimWeiPing"},"content":"    }","lastModifiedDate":"2023-02-05"},{"lineNumber":22,"author":{"gitId":"LimWeiPing"},"content":"}","lastModifiedDate":"2023-02-05"}],"authorContributionMap":{"LimWeiPing":22}},{"path":"src/main/java/Feature.java","fileType":"java","lines":[{"lineNumber":1,"author":{"gitId":"LimWeiPing"},"content":"","lastModifiedDate":"2023-02-22"}],"authorContributionMap":{"LimWeiPing":1}},{"path":"src/main/java/IncompleteDescExEvent.java","fileType":"java","lines":[{"lineNumber":1,"author":{"gitId":"LimWeiPing"},"content":"public class IncompleteDescExEvent extends IncompleteDescriptionException{","lastModifiedDate":"2023-02-23"},{"lineNumber":2,"author":{"gitId":"LimWeiPing"},"content":"","lastModifiedDate":"2023-02-23"},{"lineNumber":3,"author":{"gitId":"LimWeiPing"},"content":"        private String msg;","lastModifiedDate":"2023-02-23"},{"lineNumber":4,"author":{"gitId":"LimWeiPing"},"content":"        public IncompleteDescExEvent(String msg) {","lastModifiedDate":"2023-02-23"},{"lineNumber":5,"author":{"gitId":"LimWeiPing"},"content":"            super(msg);","lastModifiedDate":"2023-02-23"},{"lineNumber":6,"author":{"gitId":"LimWeiPing"},"content":"        }","lastModifiedDate":"2023-02-23"},{"lineNumber":7,"author":{"gitId":"LimWeiPing"},"content":"","lastModifiedDate":"2023-02-23"},{"lineNumber":8,"author":{"gitId":"LimWeiPing"},"content":"        public String toString() {","lastModifiedDate":"2023-02-23"},{"lineNumber":9,"author":{"gitId":"LimWeiPing"},"content":"            return (\"Events must contain 1 task, 1 /from and 1 /to\");","lastModifiedDate":"2023-02-23"},{"lineNumber":10,"author":{"gitId":"LimWeiPing"},"content":"        }","lastModifiedDate":"2023-02-23"},{"lineNumber":11,"author":{"gitId":"LimWeiPing"},"content":"","lastModifiedDate":"2023-02-23"},{"lineNumber":12,"author":{"gitId":"LimWeiPing"},"content":"}","lastModifiedDate":"2023-02-23"}],"authorContributionMap":{"LimWeiPing":12}},{"path":"src/main/java/IncompleteDescExInDeadline.java","fileType":"java","lines":[{"lineNumber":1,"author":{"gitId":"LimWeiPing"},"content":"public class IncompleteDescExInDeadline extends IncompleteDescriptionException{","lastModifiedDate":"2023-02-23"},{"lineNumber":2,"author":{"gitId":"LimWeiPing"},"content":"","lastModifiedDate":"2023-02-23"},{"lineNumber":3,"author":{"gitId":"LimWeiPing"},"content":"    private String msg;","lastModifiedDate":"2023-02-23"},{"lineNumber":4,"author":{"gitId":"LimWeiPing"},"content":"    public IncompleteDescExInDeadline(String msg) {","lastModifiedDate":"2023-02-23"},{"lineNumber":5,"author":{"gitId":"LimWeiPing"},"content":"        super(msg);","lastModifiedDate":"2023-02-23"},{"lineNumber":6,"author":{"gitId":"LimWeiPing"},"content":"    }","lastModifiedDate":"2023-02-23"},{"lineNumber":7,"author":{"gitId":"LimWeiPing"},"content":"","lastModifiedDate":"2023-02-23"},{"lineNumber":8,"author":{"gitId":"LimWeiPing"},"content":"    public String toString() {","lastModifiedDate":"2023-02-23"},{"lineNumber":9,"author":{"gitId":"LimWeiPing"},"content":"        return (\"cannot give more than 2 deadline (/by)\");","lastModifiedDate":"2023-02-23"},{"lineNumber":10,"author":{"gitId":"LimWeiPing"},"content":"    }","lastModifiedDate":"2023-02-23"},{"lineNumber":11,"author":{"gitId":"LimWeiPing"},"content":"}","lastModifiedDate":"2023-02-23"}],"authorContributionMap":{"LimWeiPing":11}},{"path":"src/main/java/IncompleteDescriptionException.java","fileType":"java","lines":[{"lineNumber":1,"author":{"gitId":"LimWeiPing"},"content":"","lastModifiedDate":"2023-02-11"},{"lineNumber":2,"author":{"gitId":"LimWeiPing"},"content":"public class IncompleteDescriptionException extends DukeException {","lastModifiedDate":"2023-02-11"},{"lineNumber":3,"author":{"gitId":"LimWeiPing"},"content":"    private String message;","lastModifiedDate":"2023-02-11"},{"lineNumber":4,"author":{"gitId":"LimWeiPing"},"content":"    public IncompleteDescriptionException(String msg) {","lastModifiedDate":"2023-02-11"},{"lineNumber":5,"author":{"gitId":"LimWeiPing"},"content":"        super(msg);","lastModifiedDate":"2023-02-11"},{"lineNumber":6,"author":{"gitId":"LimWeiPing"},"content":"    }","lastModifiedDate":"2023-02-11"},{"lineNumber":7,"author":{"gitId":"LimWeiPing"},"content":"","lastModifiedDate":"2023-02-11"},{"lineNumber":8,"author":{"gitId":"LimWeiPing"},"content":"}","lastModifiedDate":"2023-02-11"},{"lineNumber":9,"author":{"gitId":"LimWeiPing"},"content":"","lastModifiedDate":"2023-02-11"},{"lineNumber":10,"author":{"gitId":"LimWeiPing"},"content":"","lastModifiedDate":"2023-02-11"},{"lineNumber":11,"author":{"gitId":"LimWeiPing"},"content":"","lastModifiedDate":"2023-02-11"}],"authorContributionMap":{"LimWeiPing":11}},{"path":"src/main/java/NoTaskException.java","fileType":"java","lines":[{"lineNumber":1,"author":{"gitId":"LimWeiPing"},"content":"public class NoTaskException extends DukeException {","lastModifiedDate":"2023-02-11"},{"lineNumber":2,"author":{"gitId":"LimWeiPing"},"content":"    private String message;","lastModifiedDate":"2023-02-11"},{"lineNumber":3,"author":{"gitId":"LimWeiPing"},"content":"    public NoTaskException(String msg) {","lastModifiedDate":"2023-02-11"},{"lineNumber":4,"author":{"gitId":"LimWeiPing"},"content":"        super(msg);","lastModifiedDate":"2023-02-11"},{"lineNumber":5,"author":{"gitId":"LimWeiPing"},"content":"    }","lastModifiedDate":"2023-02-11"},{"lineNumber":6,"author":{"gitId":"LimWeiPing"},"content":"","lastModifiedDate":"2023-03-17"},{"lineNumber":7,"author":{"gitId":"LimWeiPing"},"content":"}","lastModifiedDate":"2023-02-11"}],"authorContributionMap":{"LimWeiPing":7}},{"path":"src/main/java/Parser.java","fileType":"java","lines":[{"lineNumber":1,"author":{"gitId":"LimWeiPing"},"content":"import java.util.Arrays;","lastModifiedDate":"2023-03-19"},{"lineNumber":2,"author":{"gitId":"LimWeiPing"},"content":"","lastModifiedDate":"2023-03-19"},{"lineNumber":3,"author":{"gitId":"LimWeiPing"},"content":"public class Parser {","lastModifiedDate":"2023-03-17"},{"lineNumber":4,"author":{"gitId":"LimWeiPing"},"content":"    /*   public static boolean isToDoCommand(String command) {","lastModifiedDate":"2023-03-19"},{"lineNumber":5,"author":{"gitId":"LimWeiPing"},"content":"           String[] wordsInSentences \u003d command.split(\" \");","lastModifiedDate":"2023-03-17"},{"lineNumber":6,"author":{"gitId":"LimWeiPing"},"content":"           if (String.valueOf(wordsInSentences[0].toUpperCase()) \u003d\u003d \"todo\") {","lastModifiedDate":"2023-03-17"},{"lineNumber":7,"author":{"gitId":"LimWeiPing"},"content":"               return true;","lastModifiedDate":"2023-03-17"},{"lineNumber":8,"author":{"gitId":"LimWeiPing"},"content":"           } else return false;","lastModifiedDate":"2023-03-19"},{"lineNumber":9,"author":{"gitId":"LimWeiPing"},"content":"       }","lastModifiedDate":"2023-03-19"},{"lineNumber":10,"author":{"gitId":"LimWeiPing"},"content":"","lastModifiedDate":"2023-03-19"},{"lineNumber":11,"author":{"gitId":"LimWeiPing"},"content":"       public static ToDo createTodo(String command) {","lastModifiedDate":"2023-03-19"},{"lineNumber":12,"author":{"gitId":"LimWeiPing"},"content":"","lastModifiedDate":"2023-03-19"},{"lineNumber":13,"author":{"gitId":"LimWeiPing"},"content":"       }","lastModifiedDate":"2023-03-19"},{"lineNumber":14,"author":{"gitId":"LimWeiPing"},"content":"   */","lastModifiedDate":"2023-03-19"},{"lineNumber":15,"author":{"gitId":"LimWeiPing"},"content":"    // *************************","lastModifiedDate":"2023-03-19"},{"lineNumber":16,"author":{"gitId":"LimWeiPing"},"content":"    // level 6 ENUM","lastModifiedDate":"2023-03-19"},{"lineNumber":17,"author":{"gitId":"LimWeiPing"},"content":"    // *************************","lastModifiedDate":"2023-03-19"},{"lineNumber":18,"author":{"gitId":"LimWeiPing"},"content":"    public enum taskEnum {","lastModifiedDate":"2023-03-19"},{"lineNumber":19,"author":{"gitId":"LimWeiPing"},"content":"        LIST, MARK, UNMARK, TODO, DEADLINE, EVENT, DELETE, BYE;","lastModifiedDate":"2023-03-19"},{"lineNumber":20,"author":{"gitId":"LimWeiPing"},"content":"    }","lastModifiedDate":"2023-03-19"},{"lineNumber":21,"author":{"gitId":"LimWeiPing"},"content":"","lastModifiedDate":"2023-03-19"},{"lineNumber":22,"author":{"gitId":"LimWeiPing"},"content":"    public static Command parse(String fullCommand) throws DukeException {","lastModifiedDate":"2023-03-19"},{"lineNumber":23,"author":{"gitId":"LimWeiPing"},"content":"","lastModifiedDate":"2023-03-19"},{"lineNumber":24,"author":{"gitId":"LimWeiPing"},"content":"        Command c \u003d new Command();","lastModifiedDate":"2023-03-19"},{"lineNumber":25,"author":{"gitId":"LimWeiPing"},"content":"        String[] wordsInDescription \u003d fullCommand.split(\" \");","lastModifiedDate":"2023-03-19"},{"lineNumber":26,"author":{"gitId":"LimWeiPing"},"content":"        String[] partsInDescription \u003d fullCommand.split(\"/by|/from|/to\");","lastModifiedDate":"2023-03-19"},{"lineNumber":27,"author":{"gitId":"LimWeiPing"},"content":"","lastModifiedDate":"2023-03-19"},{"lineNumber":28,"author":{"gitId":"LimWeiPing"},"content":"        //initialized an object for Enum task","lastModifiedDate":"2023-03-19"},{"lineNumber":29,"author":{"gitId":"LimWeiPing"},"content":"        Parser.taskEnum objectEnumTask \u003d null;","lastModifiedDate":"2023-03-19"},{"lineNumber":30,"author":{"gitId":"LimWeiPing"},"content":"        try {","lastModifiedDate":"2023-03-19"},{"lineNumber":31,"author":{"gitId":"LimWeiPing"},"content":"            objectEnumTask \u003d Parser.taskEnum.valueOf(String.valueOf(taskEnum.valueOf(wordsInDescription[0].toUpperCase())));   // convert different types of values into string","lastModifiedDate":"2023-03-19"},{"lineNumber":32,"author":{"gitId":"LimWeiPing"},"content":"        } catch (IllegalArgumentException iae) {","lastModifiedDate":"2023-03-19"},{"lineNumber":33,"author":{"gitId":"LimWeiPing"},"content":"            System.out.println(\"☹ OOPS!!! I\u0027m sorry, but I don\u0027t know what that means :-(\");","lastModifiedDate":"2023-03-19"},{"lineNumber":34,"author":{"gitId":"LimWeiPing"},"content":"        }","lastModifiedDate":"2023-03-19"},{"lineNumber":35,"author":{"gitId":"LimWeiPing"},"content":"","lastModifiedDate":"2023-03-21"},{"lineNumber":36,"author":{"gitId":"LimWeiPing"},"content":"        if (objectEnumTask !\u003d null) {","lastModifiedDate":"2023-03-21"},{"lineNumber":37,"author":{"gitId":"LimWeiPing"},"content":"            c.task \u003d objectEnumTask;","lastModifiedDate":"2023-03-19"},{"lineNumber":38,"author":{"gitId":"LimWeiPing"},"content":"            String taskJob \u003d new String();","lastModifiedDate":"2023-03-19"},{"lineNumber":39,"author":{"gitId":"LimWeiPing"},"content":"","lastModifiedDate":"2023-03-19"},{"lineNumber":40,"author":{"gitId":"LimWeiPing"},"content":"            switch (objectEnumTask) {","lastModifiedDate":"2023-03-19"},{"lineNumber":41,"author":{"gitId":"LimWeiPing"},"content":"                case BYE:","lastModifiedDate":"2023-03-19"},{"lineNumber":42,"author":{"gitId":"LimWeiPing"},"content":"                    break;","lastModifiedDate":"2023-03-19"},{"lineNumber":43,"author":{"gitId":"LimWeiPing"},"content":"","lastModifiedDate":"2023-03-19"},{"lineNumber":44,"author":{"gitId":"LimWeiPing"},"content":"                case MARK:","lastModifiedDate":"2023-03-19"},{"lineNumber":45,"author":{"gitId":"LimWeiPing"},"content":"                    // *************************","lastModifiedDate":"2023-03-19"},{"lineNumber":46,"author":{"gitId":"LimWeiPing"},"content":"                    // level 5 ErrorHandle","lastModifiedDate":"2023-03-19"},{"lineNumber":47,"author":{"gitId":"LimWeiPing"},"content":"                    // *************************","lastModifiedDate":"2023-03-19"},{"lineNumber":48,"author":{"gitId":"LimWeiPing"},"content":"                    try {","lastModifiedDate":"2023-03-19"},{"lineNumber":49,"author":{"gitId":"LimWeiPing"},"content":"                        c.taskNumber \u003d Integer.parseInt(wordsInDescription[1]);","lastModifiedDate":"2023-03-19"},{"lineNumber":50,"author":{"gitId":"LimWeiPing"},"content":"                    } catch (NumberFormatException nfe) {                 // corner case: mark nonINTEGER","lastModifiedDate":"2023-03-19"},{"lineNumber":51,"author":{"gitId":"LimWeiPing"},"content":"                        System.out.println(\"mark is a function key. Please indicate task number to be marked!\");","lastModifiedDate":"2023-03-19"},{"lineNumber":52,"author":{"gitId":"LimWeiPing"},"content":"                    } catch (ArrayIndexOutOfBoundsException obe) {    // corner case: mark","lastModifiedDate":"2023-03-19"},{"lineNumber":53,"author":{"gitId":"LimWeiPing"},"content":"                        System.out.println(\"mark feature must contain a task number\");","lastModifiedDate":"2023-03-19"},{"lineNumber":54,"author":{"gitId":"LimWeiPing"},"content":"                    } catch (","lastModifiedDate":"2023-03-21"},{"lineNumber":55,"author":{"gitId":"LimWeiPing"},"content":"                            IndexOutOfBoundsException obe) {          // corner case: mark 0,  taskNumber \u003e taskArray.size","lastModifiedDate":"2023-03-21"},{"lineNumber":56,"author":{"gitId":"LimWeiPing"},"content":"                        System.out.println(\"Please give a valid task number that you want to mark!\");","lastModifiedDate":"2023-03-19"},{"lineNumber":57,"author":{"gitId":"LimWeiPing"},"content":"                    }","lastModifiedDate":"2023-03-17"},{"lineNumber":58,"author":{"gitId":"LimWeiPing"},"content":"                    break;","lastModifiedDate":"2023-03-19"},{"lineNumber":59,"author":{"gitId":"LimWeiPing"},"content":"","lastModifiedDate":"2023-03-19"},{"lineNumber":60,"author":{"gitId":"LimWeiPing"},"content":"                case UNMARK:","lastModifiedDate":"2023-03-19"},{"lineNumber":61,"author":{"gitId":"LimWeiPing"},"content":"                    try {","lastModifiedDate":"2023-03-19"},{"lineNumber":62,"author":{"gitId":"LimWeiPing"},"content":"                        c.taskNumber \u003d Integer.parseInt(wordsInDescription[1]);","lastModifiedDate":"2023-03-19"},{"lineNumber":63,"author":{"gitId":"LimWeiPing"},"content":"                    } catch (NumberFormatException nfe) {              // to handle exception: mark nonINTEGER","lastModifiedDate":"2023-03-19"},{"lineNumber":64,"author":{"gitId":"LimWeiPing"},"content":"                        System.out.println(\"unmark is a function key. Please indicate task number to be marked!\");","lastModifiedDate":"2023-03-19"},{"lineNumber":65,"author":{"gitId":"LimWeiPing"},"content":"                    } catch (ArrayIndexOutOfBoundsException obe) {  // to handle exception: mark","lastModifiedDate":"2023-03-19"},{"lineNumber":66,"author":{"gitId":"LimWeiPing"},"content":"                        System.out.println(\"unmark feature must contain a task number\");","lastModifiedDate":"2023-03-19"},{"lineNumber":67,"author":{"gitId":"LimWeiPing"},"content":"                    } catch (","lastModifiedDate":"2023-03-21"},{"lineNumber":68,"author":{"gitId":"LimWeiPing"},"content":"                            IndexOutOfBoundsException obe) {        // to handle exception:  taskNumber \u003e taskArray.size","lastModifiedDate":"2023-03-21"},{"lineNumber":69,"author":{"gitId":"LimWeiPing"},"content":"                        System.out.println(\"Please give a valid task number that you want to unmark!\");","lastModifiedDate":"2023-03-19"},{"lineNumber":70,"author":{"gitId":"LimWeiPing"},"content":"                    }","lastModifiedDate":"2023-03-19"},{"lineNumber":71,"author":{"gitId":"LimWeiPing"},"content":"                    break;","lastModifiedDate":"2023-03-19"},{"lineNumber":72,"author":{"gitId":"LimWeiPing"},"content":"","lastModifiedDate":"2023-03-19"},{"lineNumber":73,"author":{"gitId":"LimWeiPing"},"content":"                case TODO:","lastModifiedDate":"2023-03-19"},{"lineNumber":74,"author":{"gitId":"LimWeiPing"},"content":"","lastModifiedDate":"2023-03-19"},{"lineNumber":75,"author":{"gitId":"LimWeiPing"},"content":"                    try {","lastModifiedDate":"2023-03-19"},{"lineNumber":76,"author":{"gitId":"LimWeiPing"},"content":"                        DukeException.checkDescriptionExist(wordsInDescription.length, 2);  // handle exception: no Task","lastModifiedDate":"2023-03-19"},{"lineNumber":77,"author":{"gitId":"LimWeiPing"},"content":"                        // if there is to-do task: skip \"to-do\" and put description in taskArray","lastModifiedDate":"2023-03-19"},{"lineNumber":78,"author":{"gitId":"LimWeiPing"},"content":"                        for (int i \u003d 1; i \u003c wordsInDescription.length; i++) {","lastModifiedDate":"2023-03-19"},{"lineNumber":79,"author":{"gitId":"LimWeiPing"},"content":"                            taskJob +\u003d wordsInDescription[i] + \" \";","lastModifiedDate":"2023-03-19"},{"lineNumber":80,"author":{"gitId":"LimWeiPing"},"content":"                        }","lastModifiedDate":"2023-03-19"},{"lineNumber":81,"author":{"gitId":"LimWeiPing"},"content":"                        c.taskDescription \u003d taskJob;","lastModifiedDate":"2023-03-21"},{"lineNumber":82,"author":{"gitId":"LimWeiPing"},"content":"                    } catch (DukeException de) {","lastModifiedDate":"2023-03-19"},{"lineNumber":83,"author":{"gitId":"LimWeiPing"},"content":"                        System.out.println(\"☹ OOPS!!! The description of a todo cannot be empty.\");","lastModifiedDate":"2023-03-19"},{"lineNumber":84,"author":{"gitId":"LimWeiPing"},"content":"                    }","lastModifiedDate":"2023-03-19"},{"lineNumber":85,"author":{"gitId":"LimWeiPing"},"content":"                    break;","lastModifiedDate":"2023-03-19"},{"lineNumber":86,"author":{"gitId":"LimWeiPing"},"content":"","lastModifiedDate":"2023-03-19"},{"lineNumber":87,"author":{"gitId":"LimWeiPing"},"content":"                // *************************","lastModifiedDate":"2023-03-19"},{"lineNumber":88,"author":{"gitId":"LimWeiPing"},"content":"                // level 4 Deadline feature","lastModifiedDate":"2023-03-19"},{"lineNumber":89,"author":{"gitId":"LimWeiPing"},"content":"                // *************************","lastModifiedDate":"2023-03-19"},{"lineNumber":90,"author":{"gitId":"LimWeiPing"},"content":"                case DEADLINE:","lastModifiedDate":"2023-03-19"},{"lineNumber":91,"author":{"gitId":"LimWeiPing"},"content":"                    try {","lastModifiedDate":"2023-03-19"},{"lineNumber":92,"author":{"gitId":"LimWeiPing"},"content":"                        DukeException.checkDescriptionExist(wordsInDescription.length, 2); //handle exception: no deadline(/by)","lastModifiedDate":"2023-03-19"},{"lineNumber":93,"author":{"gitId":"LimWeiPing"},"content":"                        DukeException.checkPartsRequirement(partsInDescription.length, 2);","lastModifiedDate":"2023-03-19"},{"lineNumber":94,"author":{"gitId":"LimWeiPing"},"content":"                        // if there is deadline task: skip \"deadline\" and extract the task and by","lastModifiedDate":"2023-03-19"},{"lineNumber":95,"author":{"gitId":"LimWeiPing"},"content":"                        int indexBy \u003d Arrays.asList(wordsInDescription).indexOf(\"/by\");","lastModifiedDate":"2023-03-19"},{"lineNumber":96,"author":{"gitId":"LimWeiPing"},"content":"                        //duty \u003d new String();","lastModifiedDate":"2023-03-19"},{"lineNumber":97,"author":{"gitId":"LimWeiPing"},"content":"                        for (int i \u003d 1; i \u003c indexBy; i++) {","lastModifiedDate":"2023-03-19"},{"lineNumber":98,"author":{"gitId":"LimWeiPing"},"content":"                            taskJob +\u003d wordsInDescription[i] + \" \";","lastModifiedDate":"2023-03-19"},{"lineNumber":99,"author":{"gitId":"LimWeiPing"},"content":"                        }","lastModifiedDate":"2023-03-19"},{"lineNumber":100,"author":{"gitId":"LimWeiPing"},"content":"                        DukeException.checkTaskExist(indexBy, 1);","lastModifiedDate":"2023-03-19"},{"lineNumber":101,"author":{"gitId":"LimWeiPing"},"content":"                        c.taskDescription \u003d taskJob;","lastModifiedDate":"2023-03-21"},{"lineNumber":102,"author":{"gitId":"LimWeiPing"},"content":"                        c.taskDeadline \u003d partsInDescription[1].substring(1);","lastModifiedDate":"2023-03-21"},{"lineNumber":103,"author":{"gitId":"LimWeiPing"},"content":"                    } catch (ArrayIndexOutOfBoundsException obe) {","lastModifiedDate":"2023-03-19"},{"lineNumber":104,"author":{"gitId":"LimWeiPing"},"content":"                        System.out.println(\"A deadline command must provide a deadline date (/by)!\");","lastModifiedDate":"2023-03-19"},{"lineNumber":105,"author":{"gitId":"LimWeiPing"},"content":"                    } catch (IncompleteDescriptionException ide) {","lastModifiedDate":"2023-03-19"},{"lineNumber":106,"author":{"gitId":"LimWeiPing"},"content":"                        System.out.println(ide);","lastModifiedDate":"2023-03-19"},{"lineNumber":107,"author":{"gitId":"LimWeiPing"},"content":"                    } catch (NoTaskException nte) {","lastModifiedDate":"2023-03-19"},{"lineNumber":108,"author":{"gitId":"LimWeiPing"},"content":"                        System.out.println(\"There is no Task .\");","lastModifiedDate":"2023-03-19"},{"lineNumber":109,"author":{"gitId":"LimWeiPing"},"content":"                    } catch (DukeException de) {","lastModifiedDate":"2023-03-19"},{"lineNumber":110,"author":{"gitId":"LimWeiPing"},"content":"                        System.out.println(\"☹ OOPS!!! The description of a deadline cannot be empty.\");","lastModifiedDate":"2023-03-19"},{"lineNumber":111,"author":{"gitId":"LimWeiPing"},"content":"                    }","lastModifiedDate":"2023-03-17"},{"lineNumber":112,"author":{"gitId":"LimWeiPing"},"content":"                    break;","lastModifiedDate":"2023-03-19"},{"lineNumber":113,"author":{"gitId":"LimWeiPing"},"content":"","lastModifiedDate":"2023-03-17"},{"lineNumber":114,"author":{"gitId":"LimWeiPing"},"content":"","lastModifiedDate":"2023-03-19"},{"lineNumber":115,"author":{"gitId":"LimWeiPing"},"content":"                // *************************","lastModifiedDate":"2023-03-19"},{"lineNumber":116,"author":{"gitId":"LimWeiPing"},"content":"                // level 4 Event feature","lastModifiedDate":"2023-03-19"},{"lineNumber":117,"author":{"gitId":"LimWeiPing"},"content":"                // *************************","lastModifiedDate":"2023-03-19"},{"lineNumber":118,"author":{"gitId":"LimWeiPing"},"content":"                case EVENT:","lastModifiedDate":"2023-03-19"},{"lineNumber":119,"author":{"gitId":"LimWeiPing"},"content":"                    int indexFrom \u003d Arrays.asList(wordsInDescription).indexOf(\"/from\");","lastModifiedDate":"2023-03-19"},{"lineNumber":120,"author":{"gitId":"LimWeiPing"},"content":"                    try {","lastModifiedDate":"2023-03-19"},{"lineNumber":121,"author":{"gitId":"LimWeiPing"},"content":"                        DukeException.checkDescriptionExist(wordsInDescription.length, 2); //handle exception: event only)","lastModifiedDate":"2023-03-19"},{"lineNumber":122,"author":{"gitId":"LimWeiPing"},"content":"                        DukeException.checkPartsRequirement(partsInDescription.length, 3);","lastModifiedDate":"2023-03-19"},{"lineNumber":123,"author":{"gitId":"LimWeiPing"},"content":"                        // if there is event duty: skip \"event\" and put the duty in taskArray","lastModifiedDate":"2023-03-19"},{"lineNumber":124,"author":{"gitId":"LimWeiPing"},"content":"                        //String duty \u003d new String();","lastModifiedDate":"2023-03-19"},{"lineNumber":125,"author":{"gitId":"LimWeiPing"},"content":"                        for (int i \u003d 1; i \u003c indexFrom; i++) {","lastModifiedDate":"2023-03-19"},{"lineNumber":126,"author":{"gitId":"LimWeiPing"},"content":"                            taskJob +\u003d wordsInDescription[i] + \" \";","lastModifiedDate":"2023-03-19"},{"lineNumber":127,"author":{"gitId":"LimWeiPing"},"content":"                        }","lastModifiedDate":"2023-03-19"},{"lineNumber":128,"author":{"gitId":"LimWeiPing"},"content":"                        DukeException.checkTaskExist(indexFrom, 1);","lastModifiedDate":"2023-03-19"},{"lineNumber":129,"author":{"gitId":"LimWeiPing"},"content":"                        c.taskDescription \u003d taskJob;","lastModifiedDate":"2023-03-21"},{"lineNumber":130,"author":{"gitId":"LimWeiPing"},"content":"                        c.start \u003d partsInDescription[1].substring(1, partsInDescription[1].length() - 1);","lastModifiedDate":"2023-03-21"},{"lineNumber":131,"author":{"gitId":"LimWeiPing"},"content":"                        c.end \u003d partsInDescription[2].substring(1);","lastModifiedDate":"2023-03-21"},{"lineNumber":132,"author":{"gitId":"LimWeiPing"},"content":"                    } catch (ArrayIndexOutOfBoundsException obe) {","lastModifiedDate":"2023-03-19"},{"lineNumber":133,"author":{"gitId":"LimWeiPing"},"content":"                        System.out.println(\"An event must contain a start period (/from) and a end period (/to)!\");","lastModifiedDate":"2023-03-19"},{"lineNumber":134,"author":{"gitId":"LimWeiPing"},"content":"                    } catch (IncompleteDescriptionException ide) {","lastModifiedDate":"2023-03-19"},{"lineNumber":135,"author":{"gitId":"LimWeiPing"},"content":"                        System.out.println(\"Events must contain 1 task, 1 /from and 1 /to\");","lastModifiedDate":"2023-03-19"},{"lineNumber":136,"author":{"gitId":"LimWeiPing"},"content":"                    } catch (NoTaskException nte) {","lastModifiedDate":"2023-03-19"},{"lineNumber":137,"author":{"gitId":"LimWeiPing"},"content":"                        System.out.println(\"There is no Task .\");","lastModifiedDate":"2023-03-19"},{"lineNumber":138,"author":{"gitId":"LimWeiPing"},"content":"                    } catch (DukeException de) {","lastModifiedDate":"2023-03-19"},{"lineNumber":139,"author":{"gitId":"LimWeiPing"},"content":"                        System.out.println(\"☹ OOPS!!! The description of a event cannot be empty.\");","lastModifiedDate":"2023-03-19"},{"lineNumber":140,"author":{"gitId":"LimWeiPing"},"content":"                    }","lastModifiedDate":"2023-03-19"},{"lineNumber":141,"author":{"gitId":"LimWeiPing"},"content":"                    break;","lastModifiedDate":"2023-03-19"},{"lineNumber":142,"author":{"gitId":"LimWeiPing"},"content":"","lastModifiedDate":"2023-03-19"},{"lineNumber":143,"author":{"gitId":"LimWeiPing"},"content":"                // *************************","lastModifiedDate":"2023-03-19"},{"lineNumber":144,"author":{"gitId":"LimWeiPing"},"content":"                // level 5 Delete feature","lastModifiedDate":"2023-03-19"},{"lineNumber":145,"author":{"gitId":"LimWeiPing"},"content":"                // *************************","lastModifiedDate":"2023-03-19"},{"lineNumber":146,"author":{"gitId":"LimWeiPing"},"content":"                case DELETE:","lastModifiedDate":"2023-03-19"},{"lineNumber":147,"author":{"gitId":"LimWeiPing"},"content":"                    try {","lastModifiedDate":"2023-03-19"},{"lineNumber":148,"author":{"gitId":"LimWeiPing"},"content":"                        c.taskNumber \u003d Integer.parseInt(wordsInDescription[1]);","lastModifiedDate":"2023-03-19"},{"lineNumber":149,"author":{"gitId":"LimWeiPing"},"content":"                    } catch (NumberFormatException nfe) {                 // corner case: mark nonINTEGER","lastModifiedDate":"2023-03-19"},{"lineNumber":150,"author":{"gitId":"LimWeiPing"},"content":"                        System.out.println(\"delete is a function key. Please indicate task number to be deleted!\");","lastModifiedDate":"2023-03-19"},{"lineNumber":151,"author":{"gitId":"LimWeiPing"},"content":"                    } catch (ArrayIndexOutOfBoundsException obe) {    // corner case: mark","lastModifiedDate":"2023-03-19"},{"lineNumber":152,"author":{"gitId":"LimWeiPing"},"content":"                        System.out.println(\"delete feature must contain a task number\");","lastModifiedDate":"2023-03-19"},{"lineNumber":153,"author":{"gitId":"LimWeiPing"},"content":"                    } catch (","lastModifiedDate":"2023-03-19"},{"lineNumber":154,"author":{"gitId":"LimWeiPing"},"content":"                            IndexOutOfBoundsException obe) {          // corner case: mark 0,  taskNumber \u003e taskArray.size","lastModifiedDate":"2023-03-19"},{"lineNumber":155,"author":{"gitId":"LimWeiPing"},"content":"                        System.out.println(\"Please give a valid task number that you want to delete!\");","lastModifiedDate":"2023-03-19"},{"lineNumber":156,"author":{"gitId":"LimWeiPing"},"content":"                    }","lastModifiedDate":"2023-03-17"},{"lineNumber":157,"author":{"gitId":"LimWeiPing"},"content":"                    break;","lastModifiedDate":"2023-03-19"},{"lineNumber":158,"author":{"gitId":"LimWeiPing"},"content":"                default:","lastModifiedDate":"2023-03-19"},{"lineNumber":159,"author":{"gitId":"LimWeiPing"},"content":"            }","lastModifiedDate":"2023-03-21"},{"lineNumber":160,"author":{"gitId":"LimWeiPing"},"content":"","lastModifiedDate":"2023-03-19"},{"lineNumber":161,"author":{"gitId":"LimWeiPing"},"content":"        }","lastModifiedDate":"2023-03-19"},{"lineNumber":162,"author":{"gitId":"LimWeiPing"},"content":"        return c;","lastModifiedDate":"2023-03-19"},{"lineNumber":163,"author":{"gitId":"LimWeiPing"},"content":"    }","lastModifiedDate":"2023-03-17"},{"lineNumber":164,"author":{"gitId":"LimWeiPing"},"content":"}","lastModifiedDate":"2023-03-19"},{"lineNumber":165,"author":{"gitId":"LimWeiPing"},"content":"","lastModifiedDate":"2023-03-19"}],"authorContributionMap":{"LimWeiPing":165}},{"path":"src/main/java/Storage.java","fileType":"java","lines":[{"lineNumber":1,"author":{"gitId":"LimWeiPing"},"content":"import java.io.File;","lastModifiedDate":"2023-03-17"},{"lineNumber":2,"author":{"gitId":"LimWeiPing"},"content":"import java.io.FileNotFoundException;","lastModifiedDate":"2023-03-17"},{"lineNumber":3,"author":{"gitId":"LimWeiPing"},"content":"import java.io.FileWriter;","lastModifiedDate":"2023-03-19"},{"lineNumber":4,"author":{"gitId":"LimWeiPing"},"content":"import java.io.IOException;","lastModifiedDate":"2023-03-19"},{"lineNumber":5,"author":{"gitId":"LimWeiPing"},"content":"import java.text.ParseException;","lastModifiedDate":"2023-03-23"},{"lineNumber":6,"author":{"gitId":"LimWeiPing"},"content":"import java.text.SimpleDateFormat;","lastModifiedDate":"2023-03-23"},{"lineNumber":7,"author":{"gitId":"LimWeiPing"},"content":"import java.util.Date;","lastModifiedDate":"2023-03-23"},{"lineNumber":8,"author":{"gitId":"LimWeiPing"},"content":"import java.util.ArrayList;","lastModifiedDate":"2023-03-17"},{"lineNumber":9,"author":{"gitId":"LimWeiPing"},"content":"import java.util.Arrays;","lastModifiedDate":"2023-03-23"},{"lineNumber":10,"author":{"gitId":"LimWeiPing"},"content":"import java.util.Scanner;","lastModifiedDate":"2023-03-17"},{"lineNumber":11,"author":{"gitId":"LimWeiPing"},"content":"","lastModifiedDate":"2023-03-17"},{"lineNumber":12,"author":{"gitId":"LimWeiPing"},"content":"// *************************","lastModifiedDate":"2023-03-23"},{"lineNumber":13,"author":{"gitId":"LimWeiPing"},"content":"// level 7 Save","lastModifiedDate":"2023-03-23"},{"lineNumber":14,"author":{"gitId":"LimWeiPing"},"content":"// *************************","lastModifiedDate":"2023-03-23"},{"lineNumber":15,"author":{"gitId":"LimWeiPing"},"content":"public class Storage {","lastModifiedDate":"2023-03-17"},{"lineNumber":16,"author":{"gitId":"LimWeiPing"},"content":"    /*","lastModifiedDate":"2023-03-19"},{"lineNumber":17,"author":{"gitId":"LimWeiPing"},"content":"    String root \u003d System.getProperty(\"Users\");","lastModifiedDate":"2023-03-19"},{"lineNumber":18,"author":{"gitId":"LimWeiPing"},"content":"    java.nio.file.Path path \u003d java.nio.file.Paths.get(root, \"weipinglim\", \"duke\", \"data\");","lastModifiedDate":"2023-03-19"},{"lineNumber":19,"author":{"gitId":"LimWeiPing"},"content":"    boolean directoryExists \u003d java.nio.file.Files.exists(path);","lastModifiedDate":"2023-03-19"},{"lineNumber":20,"author":{"gitId":"LimWeiPing"},"content":"    */","lastModifiedDate":"2023-03-19"},{"lineNumber":21,"author":{"gitId":"LimWeiPing"},"content":"","lastModifiedDate":"2023-03-19"},{"lineNumber":22,"author":{"gitId":"LimWeiPing"},"content":"    protected File filename;","lastModifiedDate":"2023-03-17"},{"lineNumber":23,"author":{"gitId":"LimWeiPing"},"content":"","lastModifiedDate":"2023-03-19"},{"lineNumber":24,"author":{"gitId":"LimWeiPing"},"content":"    // create a data file in filePath","lastModifiedDate":"2023-03-17"},{"lineNumber":25,"author":{"gitId":"LimWeiPing"},"content":"    public Storage(String filePath) {","lastModifiedDate":"2023-03-17"},{"lineNumber":26,"author":{"gitId":"LimWeiPing"},"content":"        this.filename \u003d new File(filePath);","lastModifiedDate":"2023-03-17"},{"lineNumber":27,"author":{"gitId":"LimWeiPing"},"content":"    }","lastModifiedDate":"2023-03-17"},{"lineNumber":28,"author":{"gitId":"LimWeiPing"},"content":"","lastModifiedDate":"2023-03-17"},{"lineNumber":29,"author":{"gitId":"LimWeiPing"},"content":"    public ArrayList load() throws DukeException, IOException, ParseException {","lastModifiedDate":"2023-03-23"},{"lineNumber":30,"author":{"gitId":"LimWeiPing"},"content":"        Scanner s \u003d new Scanner(filename);","lastModifiedDate":"2023-03-19"},{"lineNumber":31,"author":{"gitId":"LimWeiPing"},"content":"        ArrayList a \u003d new ArrayList\u003cTask\u003e();","lastModifiedDate":"2023-03-23"},{"lineNumber":32,"author":{"gitId":"LimWeiPing"},"content":"","lastModifiedDate":"2023-03-23"},{"lineNumber":33,"author":{"gitId":"LimWeiPing"},"content":"        while (s.hasNext()) {","lastModifiedDate":"2023-03-23"},{"lineNumber":34,"author":{"gitId":"LimWeiPing"},"content":"            String task \u003d s.nextLine();","lastModifiedDate":"2023-03-23"},{"lineNumber":35,"author":{"gitId":"LimWeiPing"},"content":"            String taskString \u003d task.substring(7);","lastModifiedDate":"2023-03-21"},{"lineNumber":36,"author":{"gitId":"LimWeiPing"},"content":"            String taskType \u003d String.valueOf(task.charAt(1));","lastModifiedDate":"2023-03-21"},{"lineNumber":37,"author":{"gitId":"LimWeiPing"},"content":"","lastModifiedDate":"2023-03-21"},{"lineNumber":38,"author":{"gitId":"LimWeiPing"},"content":"            switch (taskType) {","lastModifiedDate":"2023-03-21"},{"lineNumber":39,"author":{"gitId":"LimWeiPing"},"content":"                case \"T\":","lastModifiedDate":"2023-03-21"},{"lineNumber":40,"author":{"gitId":"LimWeiPing"},"content":"                    if (taskString !\u003d null) {","lastModifiedDate":"2023-03-23"},{"lineNumber":41,"author":{"gitId":"LimWeiPing"},"content":"                        ToDo td \u003d new ToDo(taskString);","lastModifiedDate":"2023-03-23"},{"lineNumber":42,"author":{"gitId":"LimWeiPing"},"content":"                        if (task.charAt(4) \u003d\u003d \u0027X\u0027) {","lastModifiedDate":"2023-03-23"},{"lineNumber":43,"author":{"gitId":"LimWeiPing"},"content":"                            td.markAsDone();","lastModifiedDate":"2023-03-23"},{"lineNumber":44,"author":{"gitId":"LimWeiPing"},"content":"                        }","lastModifiedDate":"2023-03-23"},{"lineNumber":45,"author":{"gitId":"LimWeiPing"},"content":"                        a.add(td);","lastModifiedDate":"2023-03-23"},{"lineNumber":46,"author":{"gitId":"LimWeiPing"},"content":"                    }","lastModifiedDate":"2023-03-23"},{"lineNumber":47,"author":{"gitId":"LimWeiPing"},"content":"                    break;","lastModifiedDate":"2023-03-21"},{"lineNumber":48,"author":{"gitId":"LimWeiPing"},"content":"                case \"D\":","lastModifiedDate":"2023-03-21"},{"lineNumber":49,"author":{"gitId":"LimWeiPing"},"content":"                    if (taskString !\u003d null) {","lastModifiedDate":"2023-03-23"},{"lineNumber":50,"author":{"gitId":"LimWeiPing"},"content":"                        String[] partInString \u003d taskString.split(\"by:\");","lastModifiedDate":"2023-03-23"},{"lineNumber":51,"author":{"gitId":"LimWeiPing"},"content":"                        String date \u003d partInString[1].substring(0, partInString[1].length() - 1);","lastModifiedDate":"2023-03-23"},{"lineNumber":52,"author":{"gitId":"LimWeiPing"},"content":"                        String taskJob \u003d partInString[0].substring(0, partInString[0].length() - 1);","lastModifiedDate":"2023-03-23"},{"lineNumber":53,"author":{"gitId":"LimWeiPing"},"content":"                        SimpleDateFormat sdf \u003d new SimpleDateFormat(\"MMM d yyyy \u0027at\u0027 hh:mm\");","lastModifiedDate":"2023-03-23"},{"lineNumber":54,"author":{"gitId":"LimWeiPing"},"content":"                        SimpleDateFormat output \u003d new SimpleDateFormat(\"yyyy-MM-dd\u0027T\u0027HH:mm\");","lastModifiedDate":"2023-03-23"},{"lineNumber":55,"author":{"gitId":"LimWeiPing"},"content":"                        Date d \u003d sdf.parse(date);","lastModifiedDate":"2023-03-23"},{"lineNumber":56,"author":{"gitId":"LimWeiPing"},"content":"                        String formattedTime \u003d output.format(d);","lastModifiedDate":"2023-03-23"},{"lineNumber":57,"author":{"gitId":"LimWeiPing"},"content":"                        Deadline dl \u003d new Deadline(taskJob, formattedTime);","lastModifiedDate":"2023-03-23"},{"lineNumber":58,"author":{"gitId":"LimWeiPing"},"content":"                        if (task.charAt(4) \u003d\u003d \u0027X\u0027) {","lastModifiedDate":"2023-03-23"},{"lineNumber":59,"author":{"gitId":"LimWeiPing"},"content":"                            dl.markAsDone();","lastModifiedDate":"2023-03-23"},{"lineNumber":60,"author":{"gitId":"LimWeiPing"},"content":"                        }","lastModifiedDate":"2023-03-23"},{"lineNumber":61,"author":{"gitId":"LimWeiPing"},"content":"                        a.add(dl);","lastModifiedDate":"2023-03-23"},{"lineNumber":62,"author":{"gitId":"LimWeiPing"},"content":"                    }","lastModifiedDate":"2023-03-23"},{"lineNumber":63,"author":{"gitId":"LimWeiPing"},"content":"                    break;","lastModifiedDate":"2023-03-21"},{"lineNumber":64,"author":{"gitId":"LimWeiPing"},"content":"                case \"E\":","lastModifiedDate":"2023-03-21"},{"lineNumber":65,"author":{"gitId":"LimWeiPing"},"content":"                    if (taskString !\u003d null) {","lastModifiedDate":"2023-03-23"},{"lineNumber":66,"author":{"gitId":"LimWeiPing"},"content":"                        String[] partInString \u003d taskString.split(\"from:|to:\");","lastModifiedDate":"2023-03-23"},{"lineNumber":67,"author":{"gitId":"LimWeiPing"},"content":"                        String taskJob \u003d partInString[0].substring(0, partInString[0].length() - 1);","lastModifiedDate":"2023-03-23"},{"lineNumber":68,"author":{"gitId":"LimWeiPing"},"content":"                        String startDate \u003d partInString[1].substring(0, partInString[1].length() - 1);","lastModifiedDate":"2023-03-23"},{"lineNumber":69,"author":{"gitId":"LimWeiPing"},"content":"                        String endDate \u003d partInString[2].substring(0, partInString[2].length() - 1);","lastModifiedDate":"2023-03-23"},{"lineNumber":70,"author":{"gitId":"LimWeiPing"},"content":"                        SimpleDateFormat sdf \u003d new SimpleDateFormat(\"MMM d yyyy \u0027at\u0027 hh:mm\");","lastModifiedDate":"2023-03-23"},{"lineNumber":71,"author":{"gitId":"LimWeiPing"},"content":"                        SimpleDateFormat output \u003d new SimpleDateFormat(\"yyyy-MM-dd\u0027T\u0027HH:mm\");","lastModifiedDate":"2023-03-23"},{"lineNumber":72,"author":{"gitId":"LimWeiPing"},"content":"                        Date start \u003d sdf.parse(startDate);","lastModifiedDate":"2023-03-23"},{"lineNumber":73,"author":{"gitId":"LimWeiPing"},"content":"                        Date end \u003d sdf.parse(endDate);","lastModifiedDate":"2023-03-23"},{"lineNumber":74,"author":{"gitId":"LimWeiPing"},"content":"                        String formattedStartTime \u003d output.format(start);","lastModifiedDate":"2023-03-23"},{"lineNumber":75,"author":{"gitId":"LimWeiPing"},"content":"                        String formattedEndTime \u003d output.format(end);","lastModifiedDate":"2023-03-23"},{"lineNumber":76,"author":{"gitId":"LimWeiPing"},"content":"                        Event e \u003d new Event(taskJob, formattedStartTime, formattedEndTime);","lastModifiedDate":"2023-03-23"},{"lineNumber":77,"author":{"gitId":"LimWeiPing"},"content":"                        if (task.charAt(4) \u003d\u003d \u0027X\u0027) {","lastModifiedDate":"2023-03-23"},{"lineNumber":78,"author":{"gitId":"LimWeiPing"},"content":"                            e.markAsDone();","lastModifiedDate":"2023-03-23"},{"lineNumber":79,"author":{"gitId":"LimWeiPing"},"content":"                        }","lastModifiedDate":"2023-03-23"},{"lineNumber":80,"author":{"gitId":"LimWeiPing"},"content":"                        a.add(e);","lastModifiedDate":"2023-03-23"},{"lineNumber":81,"author":{"gitId":"LimWeiPing"},"content":"                    }","lastModifiedDate":"2023-03-23"},{"lineNumber":82,"author":{"gitId":"LimWeiPing"},"content":"                    break;","lastModifiedDate":"2023-03-21"},{"lineNumber":83,"author":{"gitId":"LimWeiPing"},"content":"                default:","lastModifiedDate":"2023-03-21"},{"lineNumber":84,"author":{"gitId":"LimWeiPing"},"content":"            }","lastModifiedDate":"2023-03-21"},{"lineNumber":85,"author":{"gitId":"LimWeiPing"},"content":"        }","lastModifiedDate":"2023-03-23"},{"lineNumber":86,"author":{"gitId":"LimWeiPing"},"content":"        return a;","lastModifiedDate":"2023-03-17"},{"lineNumber":87,"author":{"gitId":"LimWeiPing"},"content":"    }","lastModifiedDate":"2023-03-17"},{"lineNumber":88,"author":{"gitId":"LimWeiPing"},"content":"","lastModifiedDate":"2023-03-19"},{"lineNumber":89,"author":{"gitId":"LimWeiPing"},"content":"    public static void save(TaskList tl, String filePath) throws DukeException, IOException {","lastModifiedDate":"2023-03-19"},{"lineNumber":90,"author":{"gitId":"LimWeiPing"},"content":"        FileWriter fw \u003d new FileWriter(filePath);","lastModifiedDate":"2023-03-19"},{"lineNumber":91,"author":{"gitId":"LimWeiPing"},"content":"        for (int i \u003d 1; i \u003c tl.getSize() + 1; i++) {","lastModifiedDate":"2023-03-21"},{"lineNumber":92,"author":{"gitId":"LimWeiPing"},"content":"            fw.write(tl.tasksArray.get(i - 1).toString() + System.lineSeparator());","lastModifiedDate":"2023-03-21"},{"lineNumber":93,"author":{"gitId":"LimWeiPing"},"content":"        }","lastModifiedDate":"2023-03-19"},{"lineNumber":94,"author":{"gitId":"LimWeiPing"},"content":"        fw.close();","lastModifiedDate":"2023-03-19"},{"lineNumber":95,"author":{"gitId":"LimWeiPing"},"content":"    }","lastModifiedDate":"2023-03-19"},{"lineNumber":96,"author":{"gitId":"LimWeiPing"},"content":"}","lastModifiedDate":"2023-03-17"}],"authorContributionMap":{"LimWeiPing":96}},{"path":"src/main/java/Task.java","fileType":"java","lines":[{"lineNumber":1,"author":{"gitId":"LimWeiPing"},"content":"public class Task {","lastModifiedDate":"2023-02-01"},{"lineNumber":2,"author":{"gitId":"LimWeiPing"},"content":"    protected String description;","lastModifiedDate":"2023-02-01"},{"lineNumber":3,"author":{"gitId":"LimWeiPing"},"content":"","lastModifiedDate":"2023-03-17"},{"lineNumber":4,"author":{"gitId":"LimWeiPing"},"content":"    protected String taskString;","lastModifiedDate":"2023-03-19"},{"lineNumber":5,"author":{"gitId":"LimWeiPing"},"content":"    protected String task;","lastModifiedDate":"2023-03-19"},{"lineNumber":6,"author":{"gitId":"LimWeiPing"},"content":"    protected String[] wordsInSentences;","lastModifiedDate":"2023-03-17"},{"lineNumber":7,"author":{"gitId":"LimWeiPing"},"content":"    protected String[] wordsInDescription;","lastModifiedDate":"2023-03-17"},{"lineNumber":8,"author":{"gitId":"LimWeiPing"},"content":"    protected String[] partsInDescription;","lastModifiedDate":"2023-03-17"},{"lineNumber":9,"author":{"gitId":"LimWeiPing"},"content":"    protected boolean isDone;","lastModifiedDate":"2023-02-01"},{"lineNumber":10,"author":{"gitId":"LimWeiPing"},"content":"","lastModifiedDate":"2023-02-01"},{"lineNumber":11,"author":{"gitId":"LimWeiPing"},"content":"","lastModifiedDate":"2023-03-20"},{"lineNumber":12,"author":{"gitId":"LimWeiPing"},"content":"    //constructor","lastModifiedDate":"2023-02-01"},{"lineNumber":13,"author":{"gitId":"LimWeiPing"},"content":"    public Task(String description) {","lastModifiedDate":"2023-02-01"},{"lineNumber":14,"author":{"gitId":"LimWeiPing"},"content":"        this.description \u003d description;","lastModifiedDate":"2023-02-01"},{"lineNumber":15,"author":{"gitId":"LimWeiPing"},"content":"        this.isDone \u003d false;","lastModifiedDate":"2023-02-01"},{"lineNumber":16,"author":{"gitId":"LimWeiPing"},"content":"        this.wordsInSentences \u003d description.split(\" \");","lastModifiedDate":"2023-03-17"},{"lineNumber":17,"author":{"gitId":"LimWeiPing"},"content":"        this.wordsInDescription \u003d description.split(\" \");","lastModifiedDate":"2023-03-17"},{"lineNumber":18,"author":{"gitId":"LimWeiPing"},"content":"        this.partsInDescription \u003d description.split(\"/by|/from|/to\");","lastModifiedDate":"2023-03-17"},{"lineNumber":19,"author":{"gitId":"LimWeiPing"},"content":"","lastModifiedDate":"2023-02-05"},{"lineNumber":20,"author":{"gitId":"LimWeiPing"},"content":"    }","lastModifiedDate":"2023-02-01"},{"lineNumber":21,"author":{"gitId":"LimWeiPing"},"content":"","lastModifiedDate":"2023-02-01"},{"lineNumber":22,"author":{"gitId":"LimWeiPing"},"content":"    /*","lastModifiedDate":"2023-03-19"},{"lineNumber":23,"author":{"gitId":"LimWeiPing"},"content":"    // Enumerate the task features","lastModifiedDate":"2023-03-17"},{"lineNumber":24,"author":{"gitId":"LimWeiPing"},"content":"    public enum task {","lastModifiedDate":"2023-02-23"},{"lineNumber":25,"author":{"gitId":"LimWeiPing"},"content":"        LIST, MARK, UNMARK, TODO, DEADLINE, EVENT, DELETE","lastModifiedDate":"2023-02-23"},{"lineNumber":26,"author":{"gitId":"LimWeiPing"},"content":"    }","lastModifiedDate":"2023-02-23"},{"lineNumber":27,"author":{"gitId":"LimWeiPing"},"content":"    */","lastModifiedDate":"2023-03-19"},{"lineNumber":28,"author":{"gitId":"LimWeiPing"},"content":"","lastModifiedDate":"2023-02-23"},{"lineNumber":29,"author":{"gitId":"LimWeiPing"},"content":"    //get method","lastModifiedDate":"2023-02-01"},{"lineNumber":30,"author":{"gitId":"LimWeiPing"},"content":"    public String getStatusIcon() {","lastModifiedDate":"2023-02-01"},{"lineNumber":31,"author":{"gitId":"LimWeiPing"},"content":"        return (isDone ? \"X\" : \" \"); //mark done task with X","lastModifiedDate":"2023-02-01"},{"lineNumber":32,"author":{"gitId":"LimWeiPing"},"content":"    }","lastModifiedDate":"2023-02-01"},{"lineNumber":33,"author":{"gitId":"LimWeiPing"},"content":"","lastModifiedDate":"2023-02-01"},{"lineNumber":34,"author":{"gitId":"LimWeiPing"},"content":"    public String toString() {","lastModifiedDate":"2023-02-05"},{"lineNumber":35,"author":{"gitId":"LimWeiPing"},"content":"        return \"[\" + this.getStatusIcon() + \"] \" + this.description;","lastModifiedDate":"2023-02-05"},{"lineNumber":36,"author":{"gitId":"LimWeiPing"},"content":"    }","lastModifiedDate":"2023-02-01"},{"lineNumber":37,"author":{"gitId":"LimWeiPing"},"content":"","lastModifiedDate":"2023-02-01"},{"lineNumber":38,"author":{"gitId":"LimWeiPing"},"content":"    public void markAsDone() {","lastModifiedDate":"2023-02-01"},{"lineNumber":39,"author":{"gitId":"LimWeiPing"},"content":"        this.isDone \u003d true;","lastModifiedDate":"2023-02-01"},{"lineNumber":40,"author":{"gitId":"LimWeiPing"},"content":"    }","lastModifiedDate":"2023-02-01"},{"lineNumber":41,"author":{"gitId":"LimWeiPing"},"content":"","lastModifiedDate":"2023-02-01"},{"lineNumber":42,"author":{"gitId":"LimWeiPing"},"content":"    public void markAsNotDone() {","lastModifiedDate":"2023-02-01"},{"lineNumber":43,"author":{"gitId":"LimWeiPing"},"content":"        this.isDone \u003d false;","lastModifiedDate":"2023-02-01"},{"lineNumber":44,"author":{"gitId":"LimWeiPing"},"content":"    }","lastModifiedDate":"2023-02-01"},{"lineNumber":45,"author":{"gitId":"LimWeiPing"},"content":"}","lastModifiedDate":"2023-02-01"}],"authorContributionMap":{"LimWeiPing":45}},{"path":"src/main/java/TaskList.java","fileType":"java","lines":[{"lineNumber":1,"author":{"gitId":"LimWeiPing"},"content":"import java.util.ArrayList;","lastModifiedDate":"2023-03-17"},{"lineNumber":2,"author":{"gitId":"LimWeiPing"},"content":"import java.util.Collection;","lastModifiedDate":"2023-03-19"},{"lineNumber":3,"author":{"gitId":"LimWeiPing"},"content":"","lastModifiedDate":"2023-03-17"},{"lineNumber":4,"author":{"gitId":"LimWeiPing"},"content":"public class TaskList {","lastModifiedDate":"2023-03-17"},{"lineNumber":5,"author":{"gitId":"LimWeiPing"},"content":"","lastModifiedDate":"2023-03-17"},{"lineNumber":6,"author":{"gitId":"LimWeiPing"},"content":"    protected static ArrayList\u003cTask\u003e tasksArray;","lastModifiedDate":"2023-03-20"},{"lineNumber":7,"author":{"gitId":"LimWeiPing"},"content":"    protected int size \u003d 0;","lastModifiedDate":"2023-03-23"},{"lineNumber":8,"author":{"gitId":"LimWeiPing"},"content":"","lastModifiedDate":"2023-03-17"},{"lineNumber":9,"author":{"gitId":"LimWeiPing"},"content":"    public TaskList(ArrayList t) {","lastModifiedDate":"2023-03-19"},{"lineNumber":10,"author":{"gitId":"LimWeiPing"},"content":"        this.tasksArray \u003d new ArrayList\u003c\u003e((Collection) t);","lastModifiedDate":"2023-03-19"},{"lineNumber":11,"author":{"gitId":"LimWeiPing"},"content":"        this.size \u003d tasksArray.size();","lastModifiedDate":"2023-03-19"},{"lineNumber":12,"author":{"gitId":"LimWeiPing"},"content":"    }","lastModifiedDate":"2023-03-19"},{"lineNumber":13,"author":{"gitId":"LimWeiPing"},"content":"","lastModifiedDate":"2023-03-19"},{"lineNumber":14,"author":{"gitId":"LimWeiPing"},"content":"    public int getSize() {","lastModifiedDate":"2023-03-19"},{"lineNumber":15,"author":{"gitId":"LimWeiPing"},"content":"        return size;","lastModifiedDate":"2023-03-19"},{"lineNumber":16,"author":{"gitId":"LimWeiPing"},"content":"    }","lastModifiedDate":"2023-03-19"},{"lineNumber":17,"author":{"gitId":"LimWeiPing"},"content":"","lastModifiedDate":"2023-03-19"},{"lineNumber":18,"author":{"gitId":"LimWeiPing"},"content":"","lastModifiedDate":"2023-03-19"},{"lineNumber":19,"author":{"gitId":"LimWeiPing"},"content":"    public TaskList() {","lastModifiedDate":"2023-03-19"},{"lineNumber":20,"author":{"gitId":"LimWeiPing"},"content":"","lastModifiedDate":"2023-03-19"},{"lineNumber":21,"author":{"gitId":"LimWeiPing"},"content":"    }","lastModifiedDate":"2023-03-19"},{"lineNumber":22,"author":{"gitId":"LimWeiPing"},"content":"","lastModifiedDate":"2023-03-19"},{"lineNumber":23,"author":{"gitId":"LimWeiPing"},"content":"    public void add(ToDo todo) {","lastModifiedDate":"2023-03-19"},{"lineNumber":24,"author":{"gitId":"LimWeiPing"},"content":"        tasksArray.add(todo);","lastModifiedDate":"2023-03-19"},{"lineNumber":25,"author":{"gitId":"LimWeiPing"},"content":"        size++;","lastModifiedDate":"2023-03-19"},{"lineNumber":26,"author":{"gitId":"LimWeiPing"},"content":"    }","lastModifiedDate":"2023-03-19"},{"lineNumber":27,"author":{"gitId":"LimWeiPing"},"content":"","lastModifiedDate":"2023-03-19"},{"lineNumber":28,"author":{"gitId":"LimWeiPing"},"content":"    public void add(Deadline deadline) {","lastModifiedDate":"2023-03-19"},{"lineNumber":29,"author":{"gitId":"LimWeiPing"},"content":"        tasksArray.add(deadline);","lastModifiedDate":"2023-03-19"},{"lineNumber":30,"author":{"gitId":"LimWeiPing"},"content":"        size++;","lastModifiedDate":"2023-03-19"},{"lineNumber":31,"author":{"gitId":"LimWeiPing"},"content":"    }","lastModifiedDate":"2023-03-19"},{"lineNumber":32,"author":{"gitId":"LimWeiPing"},"content":"","lastModifiedDate":"2023-03-19"},{"lineNumber":33,"author":{"gitId":"LimWeiPing"},"content":"    public void add(Event event) {","lastModifiedDate":"2023-03-19"},{"lineNumber":34,"author":{"gitId":"LimWeiPing"},"content":"        tasksArray.add(event);","lastModifiedDate":"2023-03-19"},{"lineNumber":35,"author":{"gitId":"LimWeiPing"},"content":"        size++;","lastModifiedDate":"2023-03-19"},{"lineNumber":36,"author":{"gitId":"LimWeiPing"},"content":"    }","lastModifiedDate":"2023-03-19"},{"lineNumber":37,"author":{"gitId":"LimWeiPing"},"content":"","lastModifiedDate":"2023-03-19"},{"lineNumber":38,"author":{"gitId":"LimWeiPing"},"content":"    public Task get(int taskNumber) {","lastModifiedDate":"2023-03-19"},{"lineNumber":39,"author":{"gitId":"LimWeiPing"},"content":"        return tasksArray.get(taskNumber);","lastModifiedDate":"2023-03-19"},{"lineNumber":40,"author":{"gitId":"LimWeiPing"},"content":"    }","lastModifiedDate":"2023-03-19"},{"lineNumber":41,"author":{"gitId":"LimWeiPing"},"content":"","lastModifiedDate":"2023-03-19"},{"lineNumber":42,"author":{"gitId":"LimWeiPing"},"content":"","lastModifiedDate":"2023-03-19"},{"lineNumber":43,"author":{"gitId":"LimWeiPing"},"content":"    public void remove(int i) {","lastModifiedDate":"2023-03-19"},{"lineNumber":44,"author":{"gitId":"LimWeiPing"},"content":"        tasksArray.remove(tasksArray.get(i));","lastModifiedDate":"2023-03-19"},{"lineNumber":45,"author":{"gitId":"LimWeiPing"},"content":"        size--;","lastModifiedDate":"2023-03-19"},{"lineNumber":46,"author":{"gitId":"LimWeiPing"},"content":"    }","lastModifiedDate":"2023-03-19"},{"lineNumber":47,"author":{"gitId":"LimWeiPing"},"content":"}","lastModifiedDate":"2023-03-17"}],"authorContributionMap":{"LimWeiPing":47}},{"path":"src/main/java/ToDo.java","fileType":"java","lines":[{"lineNumber":1,"author":{"gitId":"LimWeiPing"},"content":"public class ToDo extends Task {","lastModifiedDate":"2023-02-05"},{"lineNumber":2,"author":{"gitId":"LimWeiPing"},"content":"","lastModifiedDate":"2023-03-17"},{"lineNumber":3,"author":{"gitId":"LimWeiPing"},"content":"    protected String[] taskInDescription;","lastModifiedDate":"2023-03-17"},{"lineNumber":4,"author":{"gitId":"LimWeiPing"},"content":"    protected String taskString;","lastModifiedDate":"2023-03-17"},{"lineNumber":5,"author":{"gitId":"LimWeiPing"},"content":"","lastModifiedDate":"2023-03-17"},{"lineNumber":6,"author":{"gitId":"LimWeiPing"},"content":"    public ToDo(String description) {","lastModifiedDate":"2023-02-05"},{"lineNumber":7,"author":{"gitId":"LimWeiPing"},"content":"        super(description);","lastModifiedDate":"2023-02-05"},{"lineNumber":8,"author":{"gitId":"LimWeiPing"},"content":"    }","lastModifiedDate":"2023-02-05"},{"lineNumber":9,"author":{"gitId":"LimWeiPing"},"content":"","lastModifiedDate":"2023-02-05"},{"lineNumber":10,"author":{"gitId":"LimWeiPing"},"content":"    public String toString() {","lastModifiedDate":"2023-02-05"},{"lineNumber":11,"author":{"gitId":"LimWeiPing"},"content":"        return \"[T]\" + super.toString();","lastModifiedDate":"2023-02-05"},{"lineNumber":12,"author":{"gitId":"LimWeiPing"},"content":"    }","lastModifiedDate":"2023-02-05"},{"lineNumber":13,"author":{"gitId":"LimWeiPing"},"content":"}","lastModifiedDate":"2023-02-05"}],"authorContributionMap":{"LimWeiPing":13}},{"path":"src/main/java/Ui.java","fileType":"java","lines":[{"lineNumber":1,"author":{"gitId":"LimWeiPing"},"content":"import java.util.Scanner;","lastModifiedDate":"2023-03-17"},{"lineNumber":2,"author":{"gitId":"LimWeiPing"},"content":"","lastModifiedDate":"2023-03-17"},{"lineNumber":3,"author":{"gitId":"LimWeiPing"},"content":"public class Ui {","lastModifiedDate":"2023-03-17"},{"lineNumber":4,"author":{"gitId":"LimWeiPing"},"content":"    protected String sentences;","lastModifiedDate":"2023-03-17"},{"lineNumber":5,"author":{"gitId":"LimWeiPing"},"content":"","lastModifiedDate":"2023-03-17"},{"lineNumber":6,"author":{"gitId":"LimWeiPing"},"content":"    public Ui() {","lastModifiedDate":"2023-03-17"},{"lineNumber":7,"author":{"gitId":"LimWeiPing"},"content":"","lastModifiedDate":"2023-03-17"},{"lineNumber":8,"author":{"gitId":"LimWeiPing"},"content":"    }","lastModifiedDate":"2023-03-17"},{"lineNumber":9,"author":{"gitId":"LimWeiPing"},"content":"","lastModifiedDate":"2023-03-17"},{"lineNumber":10,"author":{"gitId":"LimWeiPing"},"content":"    public String showLoadingError() {","lastModifiedDate":"2023-03-19"},{"lineNumber":11,"author":{"gitId":"LimWeiPing"},"content":"        return \"Cannot load the file.\";","lastModifiedDate":"2023-03-19"},{"lineNumber":12,"author":{"gitId":"LimWeiPing"},"content":"    }","lastModifiedDate":"2023-03-19"},{"lineNumber":13,"author":{"gitId":"LimWeiPing"},"content":"","lastModifiedDate":"2023-03-19"},{"lineNumber":14,"author":{"gitId":"LimWeiPing"},"content":"    public void showWelcome() {","lastModifiedDate":"2023-03-19"},{"lineNumber":15,"author":{"gitId":"LimWeiPing"},"content":"        String logo \u003d \" ____        _        \\n\"","lastModifiedDate":"2023-03-19"},{"lineNumber":16,"author":{"gitId":"LimWeiPing"},"content":"                + \"|  _ \\\\ _   _| | _____ \\n\"","lastModifiedDate":"2023-03-19"},{"lineNumber":17,"author":{"gitId":"LimWeiPing"},"content":"                + \"| | | | | | | |/ / _ \\\\\\n\"","lastModifiedDate":"2023-03-19"},{"lineNumber":18,"author":{"gitId":"LimWeiPing"},"content":"                + \"| |_| | |_| |   \u003c  __/\\n\"","lastModifiedDate":"2023-03-19"},{"lineNumber":19,"author":{"gitId":"LimWeiPing"},"content":"                + \"|____/ \\\\__,_|_|\\\\_\\\\___|\\n\";","lastModifiedDate":"2023-03-19"},{"lineNumber":20,"author":{"gitId":"LimWeiPing"},"content":"","lastModifiedDate":"2023-03-19"},{"lineNumber":21,"author":{"gitId":"LimWeiPing"},"content":"        System.out.println(\"Hello from\\n\" + logo);","lastModifiedDate":"2023-03-19"},{"lineNumber":22,"author":{"gitId":"LimWeiPing"},"content":"        System.out.println(\"Hello. This is Reminder created by WP.\\nWhat can i do for you?\");","lastModifiedDate":"2023-03-19"},{"lineNumber":23,"author":{"gitId":"LimWeiPing"},"content":"    }","lastModifiedDate":"2023-03-19"},{"lineNumber":24,"author":{"gitId":"LimWeiPing"},"content":"","lastModifiedDate":"2023-03-19"},{"lineNumber":25,"author":{"gitId":"LimWeiPing"},"content":"    public String readCommand() {","lastModifiedDate":"2023-03-19"},{"lineNumber":26,"author":{"gitId":"LimWeiPing"},"content":"        Scanner in \u003d new Scanner(System.in);","lastModifiedDate":"2023-03-19"},{"lineNumber":27,"author":{"gitId":"LimWeiPing"},"content":"        this.sentences \u003d in.nextLine();","lastModifiedDate":"2023-03-19"},{"lineNumber":28,"author":{"gitId":"LimWeiPing"},"content":"        return sentences;","lastModifiedDate":"2023-03-19"},{"lineNumber":29,"author":{"gitId":"LimWeiPing"},"content":"    }","lastModifiedDate":"2023-03-19"},{"lineNumber":30,"author":{"gitId":"LimWeiPing"},"content":"","lastModifiedDate":"2023-03-17"},{"lineNumber":31,"author":{"gitId":"LimWeiPing"},"content":"    public void showLine() {","lastModifiedDate":"2023-03-19"},{"lineNumber":32,"author":{"gitId":"LimWeiPing"},"content":"        System.out.println(\"\\n_________________________________________\\n\");","lastModifiedDate":"2023-03-19"},{"lineNumber":33,"author":{"gitId":"LimWeiPing"},"content":"    }","lastModifiedDate":"2023-03-19"},{"lineNumber":34,"author":{"gitId":"LimWeiPing"},"content":"","lastModifiedDate":"2023-03-19"},{"lineNumber":35,"author":{"gitId":"LimWeiPing"},"content":"    public void showError(String message) {","lastModifiedDate":"2023-03-19"},{"lineNumber":36,"author":{"gitId":"LimWeiPing"},"content":"    }","lastModifiedDate":"2023-03-19"},{"lineNumber":37,"author":{"gitId":"LimWeiPing"},"content":"}","lastModifiedDate":"2023-03-17"},{"lineNumber":38,"author":{"gitId":"LimWeiPing"},"content":"","lastModifiedDate":"2023-03-17"}],"authorContributionMap":{"LimWeiPing":38}}]
