{"authorDailyContributionsMap":{"LimWeiPing":[{"date":"2023-01-28","commitResults":[{"hash":"c5491a4c7332ca60daf95b1f5689aae498c1857c","isMergeCommit":false,"messageTitle":"Level 1","messageBody":"","tags":["level-1"],"fileTypesAndContributionMap":{"java":{"insertions":16,"deletions":0}}},{"hash":"162cdc61881864f9fa2a384045ff4541b64fd4dc","isMergeCommit":false,"messageTitle":"Level 2","messageBody":"","tags":["level-2"],"fileTypesAndContributionMap":{"java":{"insertions":19,"deletions":2}}}]},{"date":"2023-02-01","commitResults":[{"hash":"60fd2e043e910ff5818455031f14f66c52d3f468","isMergeCommit":false,"messageTitle":"Level 3 private case tested: mark, mark0, mark 0, mark paper, mark with number \u003e task number. try switch-case but failed.","messageBody":"","tags":["level-3"],"fileTypesAndContributionMap":{"java":{"insertions":111,"deletions":14}}}]},{"date":"2023-02-05","commitResults":[{"hash":"cbeded379bb792e87d9a240e3088995fea522eac","isMergeCommit":false,"messageTitle":"Level 4 created todo,deadline,event. Modify toString method.","messageBody":"","tags":["level-4"],"fileTypesAndContributionMap":{"java":{"insertions":100,"deletions":4}}},{"hash":"3efef9df3a1d57082be2d583370af66dce8fa00d","isMergeCommit":false,"messageTitle":"Level 4 Refactoring the code. Use throw exception methods for most of the corner cases. Remove isNumber method. Add drawline method.","messageBody":"","tags":["level-4b"],"fileTypesAndContributionMap":{"java":{"insertions":114,"deletions":111}}}]},{"date":"2023-02-11","commitResults":[{"hash":"d9908dfa72b03848f33057add420dc2080a173cd","isMergeCommit":false,"messageTitle":"Level 5 create exceptions class and subclasses: DukeException.java, IncompleteDescriptionException.java, NoTaskException.java","messageBody":"","tags":["level-5"],"fileTypesAndContributionMap":{"java":{"insertions":112,"deletions":47}}}]},{"date":"2023-02-22","commitResults":[{"hash":"c9c60cc5c7f34b90ea09e19b702496c7023532ef","isMergeCommit":false,"messageTitle":"Level 6. Create delete task. Use Enumerations for all tasks.","messageBody":"","tags":["level-6"],"fileTypesAndContributionMap":{"java":{"insertions":222,"deletions":28}}}]},{"date":"2023-02-23","commitResults":[{"hash":"ef383d69cbdedb3d9e69d88920d4fd5a8cf62f61","isMergeCommit":false,"messageTitle":"Try to create a task class object contains enum task e.g. list, mark, unmark, todo......","messageBody":"","fileTypesAndContributionMap":{"java":{"insertions":62,"deletions":18}}}]},{"date":"2023-03-17","commitResults":[{"hash":"3e7ef32430660029354f831e7f980c5ec8bc51ce","isMergeCommit":false,"messageTitle":"Week 8:  - try separation of concerns principle - branching","messageBody":"","fileTypesAndContributionMap":{"java":{"insertions":156,"deletions":26}}}]},{"date":"2023-03-19","commitResults":[{"hash":"c40fc8fb43c051ac6ac4ab4c0370f604f7a74484","isMergeCommit":false,"messageTitle":"level-7","messageBody":"A-MoreOOP\n","fileTypesAndContributionMap":{"txt":{"insertions":4,"deletions":0},"java":{"insertions":418,"deletions":54}}},{"hash":"c3c5b5607d1b31b5888442cb66137a595c672be5","isMergeCommit":false,"messageTitle":"level-7 save task - but failed","messageBody":"","tags":["level-7"],"fileTypesAndContributionMap":{"txt":{"insertions":1,"deletions":4},"java":{"insertions":17,"deletions":0}}}]},{"date":"2023-03-20","commitResults":[{"hash":"d9a3ec474441b956aae28b47cb49239baffd331c","isMergeCommit":false,"messageTitle":"level-8 dates and times","messageBody":"","fileTypesAndContributionMap":{"txt":{"insertions":4,"deletions":1},"java":{"insertions":54,"deletions":18}}}]},{"date":"2023-03-21","commitResults":[{"hash":"94ca660bb415526ba06dc6e58ff3e25305a870e5","isMergeCommit":false,"messageTitle":"level-8 exception (done) dates and times (done) save \u0026 load file (error)","messageBody":"","fileTypesAndContributionMap":{"txt":{"insertions":6,"deletions":3},"java":{"insertions":173,"deletions":165}}}]},{"date":"2023-03-23","commitResults":[{"hash":"fabc99dc235a55f3421f7aa34e498f4ed5bc3be8","isMergeCommit":false,"messageTitle":"level-8 exception (done) dates and times (done) save \u0026 load file (done)","messageBody":"","tags":["level-8"],"fileTypesAndContributionMap":{"txt":{"insertions":4,"deletions":7},"java":{"insertions":75,"deletions":21}}},{"hash":"710c16d43b7961ee44ca3695881df5efa7f87346","isMergeCommit":false,"messageTitle":"level-9 reformat code","messageBody":"","tags":["level-9"],"fileTypesAndContributionMap":{"txt":{"insertions":3,"deletions":0},"java":{"insertions":79,"deletions":503}}}]}]},"authorFileTypeContributionMap":{"LimWeiPing":{"java":723,"md":0,"fxml":0,"sh":0,"bat":0,"gradle":0,"txt":7}},"authorContributionVariance":{"LimWeiPing":13535.251},"authorDisplayNameMap":{"LimWeiPing":"LIM ..PING"}}
