{"authorDailyContributionsMap":{"LimWeiPing":[{"date":"2023-01-28","commitResults":[{"hash":"c5491a4c7332ca60daf95b1f5689aae498c1857c","messageTitle":"Level 1","messageBody":"","fileTypesAndContributionMap":{"java":{"insertions":16,"deletions":0}}},{"hash":"162cdc61881864f9fa2a384045ff4541b64fd4dc","messageTitle":"Level 2","messageBody":"","fileTypesAndContributionMap":{"java":{"insertions":19,"deletions":2}}}]},{"date":"2023-02-01","commitResults":[{"hash":"60fd2e043e910ff5818455031f14f66c52d3f468","messageTitle":"Level 3 private case tested: mark, mark0, mark 0, mark paper, mark with number \u003e task number. try switch-case but failed.","messageBody":"","fileTypesAndContributionMap":{"java":{"insertions":111,"deletions":14}}}]},{"date":"2023-02-05","commitResults":[{"hash":"cbeded379bb792e87d9a240e3088995fea522eac","messageTitle":"Level 4 created todo,deadline,event. Modify toString method.","messageBody":"","fileTypesAndContributionMap":{"java":{"insertions":100,"deletions":4}}},{"hash":"3efef9df3a1d57082be2d583370af66dce8fa00d","messageTitle":"Level 4 Refactoring the code. Use throw exception methods for most of the corner cases. Remove isNumber method. Add drawline method.","messageBody":"","fileTypesAndContributionMap":{"java":{"insertions":114,"deletions":111}}}]},{"date":"2023-02-11","commitResults":[{"hash":"d9908dfa72b03848f33057add420dc2080a173cd","messageTitle":"Level 5 create exceptions class and subclasses: DukeException.java, IncompleteDescriptionException.java, NoTaskException.java","messageBody":"","fileTypesAndContributionMap":{"java":{"insertions":112,"deletions":47}}}]}]},"authorFileTypeContributionMap":{"LimWeiPing":{"java":294,"md":0,"fxml":0,"sh":0,"bat":0,"gradle":0,"txt":0}},"authorContributionVariance":{"LimWeiPing":4061.4568},"authorDisplayNameMap":{"LimWeiPing":"LIM ..PING"}}
