[{"path":"src/main/java/Duke.java","fileType":"java","lines":[{"lineNumber":1,"author":{"gitId":"chuabrenda27"},"content":"import java.util.Scanner;","lastModifiedDate":"2023-01-25"},{"lineNumber":2,"author":{"gitId":"chuabrenda27"},"content":"","lastModifiedDate":"2023-01-26"},{"lineNumber":3,"author":{"gitId":"-"},"content":"public class Duke {","lastModifiedDate":"2019-07-29"},{"lineNumber":4,"author":{"gitId":"chuabrenda27"},"content":"    public static String[] list \u003d new String[100];","lastModifiedDate":"2023-02-08"},{"lineNumber":5,"author":{"gitId":"chuabrenda27"},"content":"    static int counter \u003d 1;","lastModifiedDate":"2023-02-08"},{"lineNumber":6,"author":{"gitId":"chuabrenda27"},"content":"    static String mark \u003d \"[X] \";","lastModifiedDate":"2023-02-08"},{"lineNumber":7,"author":{"gitId":"chuabrenda27"},"content":"    static String unmark \u003d \"[ ] \";","lastModifiedDate":"2023-02-08"},{"lineNumber":8,"author":{"gitId":"chuabrenda27"},"content":"","lastModifiedDate":"2023-02-08"},{"lineNumber":9,"author":{"gitId":"-"},"content":"    public static void main(String[] args) {","lastModifiedDate":"2019-07-29"},{"lineNumber":10,"author":{"gitId":"chuabrenda27"},"content":"        String userInput;","lastModifiedDate":"2023-01-26"},{"lineNumber":11,"author":{"gitId":"chuabrenda27"},"content":"        Scanner in \u003d new Scanner(System.in);","lastModifiedDate":"2023-01-26"},{"lineNumber":12,"author":{"gitId":"chuabrenda27"},"content":"","lastModifiedDate":"2023-01-26"},{"lineNumber":13,"author":{"gitId":"chuabrenda27"},"content":"        String goodBye \u003d \"BYE\";","lastModifiedDate":"2023-01-26"},{"lineNumber":14,"author":{"gitId":"chuabrenda27"},"content":"        String lists \u003d \"LIST\";","lastModifiedDate":"2023-01-26"},{"lineNumber":15,"author":{"gitId":"chuabrenda27"},"content":"        String marked \u003d \"MARK\";","lastModifiedDate":"2023-02-08"},{"lineNumber":16,"author":{"gitId":"chuabrenda27"},"content":"","lastModifiedDate":"2023-01-26"},{"lineNumber":17,"author":{"gitId":"-"},"content":"        String logo \u003d \" ____        _        \\n\"","lastModifiedDate":"2019-07-29"},{"lineNumber":18,"author":{"gitId":"-"},"content":"                + \"|  _ \\\\ _   _| | _____ \\n\"","lastModifiedDate":"2019-07-29"},{"lineNumber":19,"author":{"gitId":"-"},"content":"                + \"| | | | | | | |/ / _ \\\\\\n\"","lastModifiedDate":"2019-07-29"},{"lineNumber":20,"author":{"gitId":"-"},"content":"                + \"| |_| | |_| |   \u003c  __/\\n\"","lastModifiedDate":"2019-07-29"},{"lineNumber":21,"author":{"gitId":"-"},"content":"                + \"|____/ \\\\__,_|_|\\\\_\\\\___|\\n\";","lastModifiedDate":"2019-07-29"},{"lineNumber":22,"author":{"gitId":"chuabrenda27"},"content":"        System.out.println(logo);","lastModifiedDate":"2023-01-25"},{"lineNumber":23,"author":{"gitId":"chuabrenda27"},"content":"        System.out.println(\"\\nHello! I\u0027m Duke\");","lastModifiedDate":"2023-02-08"},{"lineNumber":24,"author":{"gitId":"chuabrenda27"},"content":"","lastModifiedDate":"2023-01-25"},{"lineNumber":25,"author":{"gitId":"chuabrenda27"},"content":"        for (int i \u003d 0; i \u003c 100; i++) {","lastModifiedDate":"2023-01-26"},{"lineNumber":26,"author":{"gitId":"chuabrenda27"},"content":"            System.out.println(\"\\nWhat can I do for you?\\n\");","lastModifiedDate":"2023-01-26"},{"lineNumber":27,"author":{"gitId":"chuabrenda27"},"content":"            userInput \u003d in.nextLine();","lastModifiedDate":"2023-01-26"},{"lineNumber":28,"author":{"gitId":"chuabrenda27"},"content":"","lastModifiedDate":"2023-01-26"},{"lineNumber":29,"author":{"gitId":"chuabrenda27"},"content":"            if (userInput.equalsIgnoreCase(goodBye)) { // User Input: BYE","lastModifiedDate":"2023-02-08"},{"lineNumber":30,"author":{"gitId":"chuabrenda27"},"content":"","lastModifiedDate":"2023-01-25"},{"lineNumber":31,"author":{"gitId":"chuabrenda27"},"content":"                System.out.println(\"Bye. Hope to see you again soon!\");","lastModifiedDate":"2023-01-25"},{"lineNumber":32,"author":{"gitId":"chuabrenda27"},"content":"                break;","lastModifiedDate":"2023-01-26"},{"lineNumber":33,"author":{"gitId":"chuabrenda27"},"content":"","lastModifiedDate":"2023-02-08"},{"lineNumber":34,"author":{"gitId":"chuabrenda27"},"content":"            } else if (userInput.equalsIgnoreCase(lists)) { // User Input: LIST","lastModifiedDate":"2023-02-08"},{"lineNumber":35,"author":{"gitId":"chuabrenda27"},"content":"                printList(i);","lastModifiedDate":"2023-02-08"},{"lineNumber":36,"author":{"gitId":"chuabrenda27"},"content":"                i--;","lastModifiedDate":"2023-02-08"},{"lineNumber":37,"author":{"gitId":"chuabrenda27"},"content":"","lastModifiedDate":"2023-02-08"},{"lineNumber":38,"author":{"gitId":"chuabrenda27"},"content":"            } else if (userInput.toUpperCase().contains(\"MARK\")) { // User Input contains MARK or UNMARK","lastModifiedDate":"2023-02-08"},{"lineNumber":39,"author":{"gitId":"chuabrenda27"},"content":"","lastModifiedDate":"2023-02-08"},{"lineNumber":40,"author":{"gitId":"chuabrenda27"},"content":"                int dividerPosition \u003d userInput.indexOf(\" \");","lastModifiedDate":"2023-02-08"},{"lineNumber":41,"author":{"gitId":"chuabrenda27"},"content":"                String type \u003d userInput.substring(0, dividerPosition);","lastModifiedDate":"2023-02-08"},{"lineNumber":42,"author":{"gitId":"chuabrenda27"},"content":"                String itemName \u003d userInput.substring(dividerPosition, userInput.length());","lastModifiedDate":"2023-02-08"},{"lineNumber":43,"author":{"gitId":"chuabrenda27"},"content":"                itemName \u003d itemName.replace(\" \", \"\");","lastModifiedDate":"2023-02-08"},{"lineNumber":44,"author":{"gitId":"chuabrenda27"},"content":"                int itemNum \u003d Integer.parseInt(itemName);","lastModifiedDate":"2023-02-08"},{"lineNumber":45,"author":{"gitId":"chuabrenda27"},"content":"","lastModifiedDate":"2023-02-08"},{"lineNumber":46,"author":{"gitId":"chuabrenda27"},"content":"                if (type.equalsIgnoreCase(marked)){ // User Input equals MARK","lastModifiedDate":"2023-02-08"},{"lineNumber":47,"author":{"gitId":"chuabrenda27"},"content":"                    i--;","lastModifiedDate":"2023-02-08"},{"lineNumber":48,"author":{"gitId":"chuabrenda27"},"content":"                    setToMark(itemNum);","lastModifiedDate":"2023-02-08"},{"lineNumber":49,"author":{"gitId":"chuabrenda27"},"content":"                }","lastModifiedDate":"2023-02-08"},{"lineNumber":50,"author":{"gitId":"chuabrenda27"},"content":"                else { // User Input equals UNMARK","lastModifiedDate":"2023-02-08"},{"lineNumber":51,"author":{"gitId":"chuabrenda27"},"content":"                    i--;","lastModifiedDate":"2023-02-08"},{"lineNumber":52,"author":{"gitId":"chuabrenda27"},"content":"                    setToUnmark(itemNum);","lastModifiedDate":"2023-02-08"},{"lineNumber":53,"author":{"gitId":"chuabrenda27"},"content":"                }","lastModifiedDate":"2023-01-26"},{"lineNumber":54,"author":{"gitId":"chuabrenda27"},"content":"","lastModifiedDate":"2023-02-08"},{"lineNumber":55,"author":{"gitId":"chuabrenda27"},"content":"            }  else {","lastModifiedDate":"2023-02-08"},{"lineNumber":56,"author":{"gitId":"chuabrenda27"},"content":"                addToList(userInput);","lastModifiedDate":"2023-02-08"},{"lineNumber":57,"author":{"gitId":"chuabrenda27"},"content":"            }","lastModifiedDate":"2023-02-08"},{"lineNumber":58,"author":{"gitId":"chuabrenda27"},"content":"        }","lastModifiedDate":"2023-02-08"},{"lineNumber":59,"author":{"gitId":"chuabrenda27"},"content":"    }","lastModifiedDate":"2023-02-08"},{"lineNumber":60,"author":{"gitId":"chuabrenda27"},"content":"","lastModifiedDate":"2023-02-08"},{"lineNumber":61,"author":{"gitId":"chuabrenda27"},"content":"    public static void addToList(String a) {","lastModifiedDate":"2023-02-08"},{"lineNumber":62,"author":{"gitId":"chuabrenda27"},"content":"        String toAdd \u003d counter + \".\" + unmark + a;","lastModifiedDate":"2023-02-08"},{"lineNumber":63,"author":{"gitId":"chuabrenda27"},"content":"        list[counter - 1] \u003d toAdd;","lastModifiedDate":"2023-02-08"},{"lineNumber":64,"author":{"gitId":"chuabrenda27"},"content":"        System.out.println(\"Added: \" + a);","lastModifiedDate":"2023-02-08"},{"lineNumber":65,"author":{"gitId":"chuabrenda27"},"content":"        counter++;","lastModifiedDate":"2023-01-26"},{"lineNumber":66,"author":{"gitId":"-"},"content":"    }","lastModifiedDate":"2019-07-29"},{"lineNumber":67,"author":{"gitId":"chuabrenda27"},"content":"","lastModifiedDate":"2023-02-08"},{"lineNumber":68,"author":{"gitId":"chuabrenda27"},"content":"    public static void printList(int a) {","lastModifiedDate":"2023-02-08"},{"lineNumber":69,"author":{"gitId":"chuabrenda27"},"content":"        for (int i \u003d 0; i \u003c a; i++) {","lastModifiedDate":"2023-02-08"},{"lineNumber":70,"author":{"gitId":"chuabrenda27"},"content":"            System.out.println(list[i]);","lastModifiedDate":"2023-02-08"},{"lineNumber":71,"author":{"gitId":"-"},"content":"        }","lastModifiedDate":"2019-07-29"},{"lineNumber":72,"author":{"gitId":"chuabrenda27"},"content":"    }","lastModifiedDate":"2023-01-26"},{"lineNumber":73,"author":{"gitId":"chuabrenda27"},"content":"","lastModifiedDate":"2023-02-08"},{"lineNumber":74,"author":{"gitId":"chuabrenda27"},"content":"    public static void setToMark(int num) {","lastModifiedDate":"2023-02-08"},{"lineNumber":75,"author":{"gitId":"chuabrenda27"},"content":"","lastModifiedDate":"2023-02-08"},{"lineNumber":76,"author":{"gitId":"chuabrenda27"},"content":"        list[num - 1] \u003d list[num - 1].replace(unmark, mark);","lastModifiedDate":"2023-02-08"},{"lineNumber":77,"author":{"gitId":"chuabrenda27"},"content":"        System.out.println(\"Nice! I\u0027ve marked this task as done:\");","lastModifiedDate":"2023-02-08"},{"lineNumber":78,"author":{"gitId":"chuabrenda27"},"content":"        int pos \u003d list[num - 1].indexOf(\".\");","lastModifiedDate":"2023-02-08"},{"lineNumber":79,"author":{"gitId":"chuabrenda27"},"content":"        String marked \u003d list[num - 1].substring(pos, list[num - 1].length()).replace(\".\", \" \");","lastModifiedDate":"2023-02-08"},{"lineNumber":80,"author":{"gitId":"chuabrenda27"},"content":"        System.out.println(marked);","lastModifiedDate":"2023-02-08"},{"lineNumber":81,"author":{"gitId":"chuabrenda27"},"content":"    }","lastModifiedDate":"2023-01-26"},{"lineNumber":82,"author":{"gitId":"chuabrenda27"},"content":"","lastModifiedDate":"2023-01-26"},{"lineNumber":83,"author":{"gitId":"chuabrenda27"},"content":"    public static void setToUnmark(int num) {","lastModifiedDate":"2023-02-08"},{"lineNumber":84,"author":{"gitId":"chuabrenda27"},"content":"","lastModifiedDate":"2023-02-08"},{"lineNumber":85,"author":{"gitId":"chuabrenda27"},"content":"        list[num - 1] \u003d list[num - 1].replace(mark, unmark);","lastModifiedDate":"2023-02-08"},{"lineNumber":86,"author":{"gitId":"chuabrenda27"},"content":"        System.out.println(\"OK, I\u0027ve marked this task as not done yet:\");","lastModifiedDate":"2023-02-08"},{"lineNumber":87,"author":{"gitId":"chuabrenda27"},"content":"        int pos \u003d list[num - 1].indexOf(\".\");","lastModifiedDate":"2023-02-08"},{"lineNumber":88,"author":{"gitId":"chuabrenda27"},"content":"        String marked \u003d list[num - 1].substring(pos, list[num - 1].length()).replace(\".\", \" \");","lastModifiedDate":"2023-02-08"},{"lineNumber":89,"author":{"gitId":"chuabrenda27"},"content":"        System.out.println(marked);","lastModifiedDate":"2023-02-08"},{"lineNumber":90,"author":{"gitId":"chuabrenda27"},"content":"","lastModifiedDate":"2023-02-08"},{"lineNumber":91,"author":{"gitId":"-"},"content":"    }","lastModifiedDate":"2023-02-08"},{"lineNumber":92,"author":{"gitId":"-"},"content":"}","lastModifiedDate":"2023-02-08"}],"authorContributionMap":{"chuabrenda27":81,"-":11}}]
