[{"path":"data/tasks.txt","fileType":"txt","lines":[{"lineNumber":1,"author":{"gitId":"chuabrenda27"},"content":"T | 1 | read book","lastModifiedDate":"2023-04-22"},{"lineNumber":2,"author":{"gitId":"chuabrenda27"},"content":"D | 0 | return book | June 6th","lastModifiedDate":"2023-04-22"},{"lineNumber":3,"author":{"gitId":"chuabrenda27"},"content":"E | 0 | project meeting | Aug 6th 2-4pm","lastModifiedDate":"2023-04-22"},{"lineNumber":4,"author":{"gitId":"chuabrenda27"},"content":"T | 1 | join sports club","lastModifiedDate":"2023-04-22"}],"authorContributionMap":{"chuabrenda27":4}},{"path":"src/Duke.java","fileType":"java","lines":[{"lineNumber":1,"author":{"gitId":"chuabrenda27"},"content":"import Duke.command.Command;","lastModifiedDate":"2023-04-22"},{"lineNumber":2,"author":{"gitId":"chuabrenda27"},"content":"import Duke.dukeexception.DukeException;","lastModifiedDate":"2023-04-22"},{"lineNumber":3,"author":{"gitId":"chuabrenda27"},"content":"import Duke.storage.Storage;","lastModifiedDate":"2023-04-22"},{"lineNumber":4,"author":{"gitId":"chuabrenda27"},"content":"import Duke.parser.Parser;","lastModifiedDate":"2023-04-22"},{"lineNumber":5,"author":{"gitId":"chuabrenda27"},"content":"import Duke.tasklist.Tasklist;","lastModifiedDate":"2023-04-22"},{"lineNumber":6,"author":{"gitId":"chuabrenda27"},"content":"import Duke.ui.UI;","lastModifiedDate":"2023-04-22"},{"lineNumber":7,"author":{"gitId":"chuabrenda27"},"content":"","lastModifiedDate":"2023-04-22"},{"lineNumber":8,"author":{"gitId":"chuabrenda27"},"content":"import java.io.FileNotFoundException;","lastModifiedDate":"2023-04-22"},{"lineNumber":9,"author":{"gitId":"chuabrenda27"},"content":"","lastModifiedDate":"2023-04-22"},{"lineNumber":10,"author":{"gitId":"chuabrenda27"},"content":"public class Duke {","lastModifiedDate":"2023-04-22"},{"lineNumber":11,"author":{"gitId":"chuabrenda27"},"content":"","lastModifiedDate":"2023-04-22"},{"lineNumber":12,"author":{"gitId":"chuabrenda27"},"content":"    private Storage storage;","lastModifiedDate":"2023-04-22"},{"lineNumber":13,"author":{"gitId":"chuabrenda27"},"content":"    private Tasklist tasks;","lastModifiedDate":"2023-04-22"},{"lineNumber":14,"author":{"gitId":"chuabrenda27"},"content":"    private UI ui;","lastModifiedDate":"2023-04-22"},{"lineNumber":15,"author":{"gitId":"chuabrenda27"},"content":"","lastModifiedDate":"2023-04-22"},{"lineNumber":16,"author":{"gitId":"chuabrenda27"},"content":"    public Duke(String filePath) {","lastModifiedDate":"2023-04-22"},{"lineNumber":17,"author":{"gitId":"chuabrenda27"},"content":"        ui \u003d new UI();","lastModifiedDate":"2023-04-22"},{"lineNumber":18,"author":{"gitId":"chuabrenda27"},"content":"        storage \u003d new Storage(filePath);","lastModifiedDate":"2023-04-22"},{"lineNumber":19,"author":{"gitId":"chuabrenda27"},"content":"        try {","lastModifiedDate":"2023-04-22"},{"lineNumber":20,"author":{"gitId":"chuabrenda27"},"content":"            tasks \u003d new Tasklist(storage.load());","lastModifiedDate":"2023-04-22"},{"lineNumber":21,"author":{"gitId":"chuabrenda27"},"content":"        } catch (DukeException e) {","lastModifiedDate":"2023-04-22"},{"lineNumber":22,"author":{"gitId":"chuabrenda27"},"content":"            ui.showLoadingError();","lastModifiedDate":"2023-04-22"},{"lineNumber":23,"author":{"gitId":"chuabrenda27"},"content":"            tasks \u003d new Tasklist();","lastModifiedDate":"2023-04-22"},{"lineNumber":24,"author":{"gitId":"chuabrenda27"},"content":"        } catch (FileNotFoundException e) {","lastModifiedDate":"2023-04-22"},{"lineNumber":25,"author":{"gitId":"chuabrenda27"},"content":"            tasks \u003d new Tasklist();","lastModifiedDate":"2023-04-22"},{"lineNumber":26,"author":{"gitId":"chuabrenda27"},"content":"        }","lastModifiedDate":"2023-04-22"},{"lineNumber":27,"author":{"gitId":"chuabrenda27"},"content":"    }","lastModifiedDate":"2023-04-22"},{"lineNumber":28,"author":{"gitId":"chuabrenda27"},"content":"","lastModifiedDate":"2023-04-22"},{"lineNumber":29,"author":{"gitId":"chuabrenda27"},"content":"    public void run() {","lastModifiedDate":"2023-04-22"},{"lineNumber":30,"author":{"gitId":"chuabrenda27"},"content":"        ui.showWelcome();","lastModifiedDate":"2023-04-22"},{"lineNumber":31,"author":{"gitId":"chuabrenda27"},"content":"        tasks \u003d new Tasklist();","lastModifiedDate":"2023-04-22"},{"lineNumber":32,"author":{"gitId":"chuabrenda27"},"content":"        boolean isExit \u003d false;","lastModifiedDate":"2023-04-22"},{"lineNumber":33,"author":{"gitId":"chuabrenda27"},"content":"        while (!isExit) {","lastModifiedDate":"2023-04-22"},{"lineNumber":34,"author":{"gitId":"chuabrenda27"},"content":"            try {","lastModifiedDate":"2023-04-22"},{"lineNumber":35,"author":{"gitId":"chuabrenda27"},"content":"                String fullCommand \u003d ui.readCommand();","lastModifiedDate":"2023-04-22"},{"lineNumber":36,"author":{"gitId":"chuabrenda27"},"content":"                ui.showLine(); // show the divider line (\"_______\")","lastModifiedDate":"2023-04-22"},{"lineNumber":37,"author":{"gitId":"chuabrenda27"},"content":"                Command c \u003d Parser.parse(fullCommand);","lastModifiedDate":"2023-04-22"},{"lineNumber":38,"author":{"gitId":"chuabrenda27"},"content":"                c.execute(tasks, ui);","lastModifiedDate":"2023-04-22"},{"lineNumber":39,"author":{"gitId":"chuabrenda27"},"content":"                isExit \u003d c.isExit();","lastModifiedDate":"2023-04-22"},{"lineNumber":40,"author":{"gitId":"chuabrenda27"},"content":"            } catch (DukeException e) {","lastModifiedDate":"2023-04-22"},{"lineNumber":41,"author":{"gitId":"chuabrenda27"},"content":"                ui.showError(e.getMessage());","lastModifiedDate":"2023-04-22"},{"lineNumber":42,"author":{"gitId":"chuabrenda27"},"content":"            } finally {","lastModifiedDate":"2023-04-22"},{"lineNumber":43,"author":{"gitId":"chuabrenda27"},"content":"                ui.showLine();","lastModifiedDate":"2023-04-22"},{"lineNumber":44,"author":{"gitId":"chuabrenda27"},"content":"            }","lastModifiedDate":"2023-04-22"},{"lineNumber":45,"author":{"gitId":"chuabrenda27"},"content":"        }","lastModifiedDate":"2023-04-22"},{"lineNumber":46,"author":{"gitId":"chuabrenda27"},"content":"    }","lastModifiedDate":"2023-04-22"},{"lineNumber":47,"author":{"gitId":"chuabrenda27"},"content":"","lastModifiedDate":"2023-04-22"},{"lineNumber":48,"author":{"gitId":"chuabrenda27"},"content":"    /**","lastModifiedDate":"2023-04-22"},{"lineNumber":49,"author":{"gitId":"chuabrenda27"},"content":"     * \"data/tasks.txt\" is an optional argument when executing the program","lastModifiedDate":"2023-04-22"},{"lineNumber":50,"author":{"gitId":"chuabrenda27"},"content":"     * Duke will create the folder when it does not exist","lastModifiedDate":"2023-04-22"},{"lineNumber":51,"author":{"gitId":"chuabrenda27"},"content":"     * @param args","lastModifiedDate":"2023-04-22"},{"lineNumber":52,"author":{"gitId":"chuabrenda27"},"content":"     */","lastModifiedDate":"2023-04-22"},{"lineNumber":53,"author":{"gitId":"chuabrenda27"},"content":"    public static void main(String[] args) {","lastModifiedDate":"2023-04-22"},{"lineNumber":54,"author":{"gitId":"chuabrenda27"},"content":"        new Duke(\"Desktop/data/tasks.txt\").run();","lastModifiedDate":"2023-04-22"},{"lineNumber":55,"author":{"gitId":"chuabrenda27"},"content":"    }","lastModifiedDate":"2023-04-22"},{"lineNumber":56,"author":{"gitId":"chuabrenda27"},"content":"}","lastModifiedDate":"2023-04-22"}],"authorContributionMap":{"chuabrenda27":56}},{"path":"src/Duke/command/AddCommand.java","fileType":"java","lines":[{"lineNumber":1,"author":{"gitId":"chuabrenda27"},"content":"package Duke.command;","lastModifiedDate":"2023-04-22"},{"lineNumber":2,"author":{"gitId":"chuabrenda27"},"content":"","lastModifiedDate":"2023-04-22"},{"lineNumber":3,"author":{"gitId":"chuabrenda27"},"content":"import Duke.deadline.Deadline;","lastModifiedDate":"2023-04-22"},{"lineNumber":4,"author":{"gitId":"chuabrenda27"},"content":"import Duke.event.Event;","lastModifiedDate":"2023-04-22"},{"lineNumber":5,"author":{"gitId":"chuabrenda27"},"content":"import Duke.task.Task;","lastModifiedDate":"2023-04-22"},{"lineNumber":6,"author":{"gitId":"chuabrenda27"},"content":"import Duke.tasklist.Tasklist;","lastModifiedDate":"2023-04-22"},{"lineNumber":7,"author":{"gitId":"chuabrenda27"},"content":"import Duke.todo.ToDo;","lastModifiedDate":"2023-04-22"},{"lineNumber":8,"author":{"gitId":"chuabrenda27"},"content":"import Duke.ui.UI;","lastModifiedDate":"2023-04-22"},{"lineNumber":9,"author":{"gitId":"chuabrenda27"},"content":"","lastModifiedDate":"2023-04-22"},{"lineNumber":10,"author":{"gitId":"chuabrenda27"},"content":"import java.util.ArrayList;","lastModifiedDate":"2023-04-22"},{"lineNumber":11,"author":{"gitId":"chuabrenda27"},"content":"import java.util.List;","lastModifiedDate":"2023-04-22"},{"lineNumber":12,"author":{"gitId":"chuabrenda27"},"content":"","lastModifiedDate":"2023-04-22"},{"lineNumber":13,"author":{"gitId":"chuabrenda27"},"content":"public class AddCommand extends Command {","lastModifiedDate":"2023-04-22"},{"lineNumber":14,"author":{"gitId":"chuabrenda27"},"content":"","lastModifiedDate":"2023-04-22"},{"lineNumber":15,"author":{"gitId":"chuabrenda27"},"content":"    protected String command;","lastModifiedDate":"2023-04-22"},{"lineNumber":16,"author":{"gitId":"chuabrenda27"},"content":"    protected String description;","lastModifiedDate":"2023-04-22"},{"lineNumber":17,"author":{"gitId":"chuabrenda27"},"content":"","lastModifiedDate":"2023-04-22"},{"lineNumber":18,"author":{"gitId":"chuabrenda27"},"content":"    public AddCommand(String command, String description) {","lastModifiedDate":"2023-04-22"},{"lineNumber":19,"author":{"gitId":"chuabrenda27"},"content":"        this.command \u003d command;","lastModifiedDate":"2023-04-22"},{"lineNumber":20,"author":{"gitId":"chuabrenda27"},"content":"        this.description \u003d description;","lastModifiedDate":"2023-04-22"},{"lineNumber":21,"author":{"gitId":"chuabrenda27"},"content":"    }","lastModifiedDate":"2023-04-22"},{"lineNumber":22,"author":{"gitId":"chuabrenda27"},"content":"","lastModifiedDate":"2023-04-22"},{"lineNumber":23,"author":{"gitId":"chuabrenda27"},"content":"","lastModifiedDate":"2023-04-22"},{"lineNumber":24,"author":{"gitId":"chuabrenda27"},"content":"    @Override","lastModifiedDate":"2023-04-22"},{"lineNumber":25,"author":{"gitId":"chuabrenda27"},"content":"    public void execute(Tasklist tasks, UI ui) {","lastModifiedDate":"2023-04-22"},{"lineNumber":26,"author":{"gitId":"chuabrenda27"},"content":"","lastModifiedDate":"2023-04-22"},{"lineNumber":27,"author":{"gitId":"chuabrenda27"},"content":"        if (this.command.equals(\"todo\")) {","lastModifiedDate":"2023-04-22"},{"lineNumber":28,"author":{"gitId":"chuabrenda27"},"content":"            Task todo \u003d new ToDo(description);","lastModifiedDate":"2023-04-22"},{"lineNumber":29,"author":{"gitId":"chuabrenda27"},"content":"            System.out.println(\"Task is: \" + todo.toString());","lastModifiedDate":"2023-04-22"},{"lineNumber":30,"author":{"gitId":"chuabrenda27"},"content":"            tasks.addTasks(todo);","lastModifiedDate":"2023-04-22"},{"lineNumber":31,"author":{"gitId":"chuabrenda27"},"content":"","lastModifiedDate":"2023-04-22"},{"lineNumber":32,"author":{"gitId":"chuabrenda27"},"content":"            System.out.println(\"Got it. I\u0027ve added this task: \\n\" + todo.toString());","lastModifiedDate":"2023-04-22"},{"lineNumber":33,"author":{"gitId":"chuabrenda27"},"content":"            System.out.println(\"Now you have \" + tasks.getTasks().size() + \" task in the list.\");","lastModifiedDate":"2023-04-22"},{"lineNumber":34,"author":{"gitId":"chuabrenda27"},"content":"        }","lastModifiedDate":"2023-04-22"},{"lineNumber":35,"author":{"gitId":"chuabrenda27"},"content":"","lastModifiedDate":"2023-04-22"},{"lineNumber":36,"author":{"gitId":"chuabrenda27"},"content":"        if (this.command.equals(\"deadline\")) {","lastModifiedDate":"2023-04-22"},{"lineNumber":37,"author":{"gitId":"chuabrenda27"},"content":"","lastModifiedDate":"2023-04-22"},{"lineNumber":38,"author":{"gitId":"chuabrenda27"},"content":"            if (!description.contains(\"/by\")) {","lastModifiedDate":"2023-04-22"},{"lineNumber":39,"author":{"gitId":"chuabrenda27"},"content":"                System.out.println(\"Please re-key in the correct command\");","lastModifiedDate":"2023-04-22"},{"lineNumber":40,"author":{"gitId":"chuabrenda27"},"content":"                return;","lastModifiedDate":"2023-04-22"},{"lineNumber":41,"author":{"gitId":"chuabrenda27"},"content":"            }","lastModifiedDate":"2023-04-22"},{"lineNumber":42,"author":{"gitId":"chuabrenda27"},"content":"            if(description.startsWith(\"/by\")) {","lastModifiedDate":"2023-04-22"},{"lineNumber":43,"author":{"gitId":"chuabrenda27"},"content":"                System.out.println(\"Description cannot be empty!\");","lastModifiedDate":"2023-04-22"},{"lineNumber":44,"author":{"gitId":"chuabrenda27"},"content":"                return;","lastModifiedDate":"2023-04-22"},{"lineNumber":45,"author":{"gitId":"chuabrenda27"},"content":"            }","lastModifiedDate":"2023-04-22"},{"lineNumber":46,"author":{"gitId":"chuabrenda27"},"content":"","lastModifiedDate":"2023-04-22"},{"lineNumber":47,"author":{"gitId":"chuabrenda27"},"content":"            String[]input1 \u003d description.split(\" /by \", 2);","lastModifiedDate":"2023-04-22"},{"lineNumber":48,"author":{"gitId":"chuabrenda27"},"content":"","lastModifiedDate":"2023-04-22"},{"lineNumber":49,"author":{"gitId":"chuabrenda27"},"content":"            Task deadline \u003d new Deadline(input1[0], input1[1]);","lastModifiedDate":"2023-04-22"},{"lineNumber":50,"author":{"gitId":"chuabrenda27"},"content":"            tasks.addTasks(deadline);","lastModifiedDate":"2023-04-22"},{"lineNumber":51,"author":{"gitId":"chuabrenda27"},"content":"","lastModifiedDate":"2023-04-22"},{"lineNumber":52,"author":{"gitId":"chuabrenda27"},"content":"            System.out.println(\"Got it. I\u0027ve added this task: \\n\" + deadline.toString());","lastModifiedDate":"2023-04-22"},{"lineNumber":53,"author":{"gitId":"chuabrenda27"},"content":"            System.out.println(\"Now you have \" + tasks.getTasks().size() + \" task in the list.\");","lastModifiedDate":"2023-04-22"},{"lineNumber":54,"author":{"gitId":"chuabrenda27"},"content":"        }","lastModifiedDate":"2023-04-22"},{"lineNumber":55,"author":{"gitId":"chuabrenda27"},"content":"","lastModifiedDate":"2023-04-22"},{"lineNumber":56,"author":{"gitId":"chuabrenda27"},"content":"        if (this.command.equals(\"event\")) {","lastModifiedDate":"2023-04-22"},{"lineNumber":57,"author":{"gitId":"chuabrenda27"},"content":"            String[]input1 \u003d description.split(\" /at \", 2);","lastModifiedDate":"2023-04-22"},{"lineNumber":58,"author":{"gitId":"chuabrenda27"},"content":"","lastModifiedDate":"2023-04-22"},{"lineNumber":59,"author":{"gitId":"chuabrenda27"},"content":"            if (!description.contains(\"/at\")) {","lastModifiedDate":"2023-04-22"},{"lineNumber":60,"author":{"gitId":"chuabrenda27"},"content":"                System.out.println(\"Please re-key in the correct command\");","lastModifiedDate":"2023-04-22"},{"lineNumber":61,"author":{"gitId":"chuabrenda27"},"content":"                return;","lastModifiedDate":"2023-04-22"},{"lineNumber":62,"author":{"gitId":"chuabrenda27"},"content":"            }","lastModifiedDate":"2023-04-22"},{"lineNumber":63,"author":{"gitId":"chuabrenda27"},"content":"            if(description.startsWith(\"/at\")) {","lastModifiedDate":"2023-04-22"},{"lineNumber":64,"author":{"gitId":"chuabrenda27"},"content":"                System.out.println(\"Description cannot be empty!\");","lastModifiedDate":"2023-04-22"},{"lineNumber":65,"author":{"gitId":"chuabrenda27"},"content":"                return;","lastModifiedDate":"2023-04-22"},{"lineNumber":66,"author":{"gitId":"chuabrenda27"},"content":"            }","lastModifiedDate":"2023-04-22"},{"lineNumber":67,"author":{"gitId":"chuabrenda27"},"content":"            Task event \u003d new Event(input1[0], input1[1]);","lastModifiedDate":"2023-04-22"},{"lineNumber":68,"author":{"gitId":"chuabrenda27"},"content":"            tasks.addTasks(event);","lastModifiedDate":"2023-04-22"},{"lineNumber":69,"author":{"gitId":"chuabrenda27"},"content":"","lastModifiedDate":"2023-04-22"},{"lineNumber":70,"author":{"gitId":"chuabrenda27"},"content":"","lastModifiedDate":"2023-04-22"},{"lineNumber":71,"author":{"gitId":"chuabrenda27"},"content":"            System.out.println(\"Got it. I\u0027ve added this task: \\n\" + event.toString());","lastModifiedDate":"2023-04-22"},{"lineNumber":72,"author":{"gitId":"chuabrenda27"},"content":"            System.out.println(\"Now you have \" + tasks.getTasks().size() + \" task in the list.\");","lastModifiedDate":"2023-04-22"},{"lineNumber":73,"author":{"gitId":"chuabrenda27"},"content":"        }","lastModifiedDate":"2023-04-22"},{"lineNumber":74,"author":{"gitId":"chuabrenda27"},"content":"","lastModifiedDate":"2023-04-22"},{"lineNumber":75,"author":{"gitId":"chuabrenda27"},"content":"        if (this.command.equals(\"mark\")) {","lastModifiedDate":"2023-04-22"},{"lineNumber":76,"author":{"gitId":"chuabrenda27"},"content":"            int index \u003d Integer.parseInt(description);","lastModifiedDate":"2023-04-22"},{"lineNumber":77,"author":{"gitId":"chuabrenda27"},"content":"","lastModifiedDate":"2023-04-22"},{"lineNumber":78,"author":{"gitId":"chuabrenda27"},"content":"            if (tasks.getTasks().size() \u003c index || index \u003d\u003d 0) {","lastModifiedDate":"2023-04-22"},{"lineNumber":79,"author":{"gitId":"chuabrenda27"},"content":"                System.out.println(\"There is no such task in the list\");","lastModifiedDate":"2023-04-22"},{"lineNumber":80,"author":{"gitId":"chuabrenda27"},"content":"                return;","lastModifiedDate":"2023-04-22"},{"lineNumber":81,"author":{"gitId":"chuabrenda27"},"content":"            }","lastModifiedDate":"2023-04-22"},{"lineNumber":82,"author":{"gitId":"chuabrenda27"},"content":"","lastModifiedDate":"2023-04-22"},{"lineNumber":83,"author":{"gitId":"chuabrenda27"},"content":"            tasks.getTasks().get(index-1).markAsDone();","lastModifiedDate":"2023-04-22"},{"lineNumber":84,"author":{"gitId":"chuabrenda27"},"content":"            System.out.println(\"Nice! I\u0027ve marked this as done:\");","lastModifiedDate":"2023-04-22"},{"lineNumber":85,"author":{"gitId":"chuabrenda27"},"content":"            System.out.println(tasks.getTasks().get(index-1).toString());","lastModifiedDate":"2023-04-22"},{"lineNumber":86,"author":{"gitId":"chuabrenda27"},"content":"        }","lastModifiedDate":"2023-04-22"},{"lineNumber":87,"author":{"gitId":"chuabrenda27"},"content":"","lastModifiedDate":"2023-04-22"},{"lineNumber":88,"author":{"gitId":"chuabrenda27"},"content":"        if (this.command.equals(\"unmark\")) {","lastModifiedDate":"2023-04-22"},{"lineNumber":89,"author":{"gitId":"chuabrenda27"},"content":"            int index \u003d Integer.parseInt(description);","lastModifiedDate":"2023-04-22"},{"lineNumber":90,"author":{"gitId":"chuabrenda27"},"content":"            if (tasks.getTasks().size() \u003c index || index \u003d\u003d 0) {","lastModifiedDate":"2023-04-22"},{"lineNumber":91,"author":{"gitId":"chuabrenda27"},"content":"                System.out.println(\"There is no such task in the list\");","lastModifiedDate":"2023-04-22"},{"lineNumber":92,"author":{"gitId":"chuabrenda27"},"content":"                return;","lastModifiedDate":"2023-04-22"},{"lineNumber":93,"author":{"gitId":"chuabrenda27"},"content":"            }","lastModifiedDate":"2023-04-22"},{"lineNumber":94,"author":{"gitId":"chuabrenda27"},"content":"            tasks.getTasks().get(index-1).markAsNotDone();","lastModifiedDate":"2023-04-22"},{"lineNumber":95,"author":{"gitId":"chuabrenda27"},"content":"            System.out.println(\"OK, I\u0027ve marked this task as not done yet:\");","lastModifiedDate":"2023-04-22"},{"lineNumber":96,"author":{"gitId":"chuabrenda27"},"content":"            System.out.println(tasks.getTasks().get(index-1).toString());","lastModifiedDate":"2023-04-22"},{"lineNumber":97,"author":{"gitId":"chuabrenda27"},"content":"        }","lastModifiedDate":"2023-04-22"},{"lineNumber":98,"author":{"gitId":"chuabrenda27"},"content":"","lastModifiedDate":"2023-04-22"},{"lineNumber":99,"author":{"gitId":"chuabrenda27"},"content":"        if (this.command.equals(\"priority\")) {","lastModifiedDate":"2023-04-22"},{"lineNumber":100,"author":{"gitId":"chuabrenda27"},"content":"            int index \u003d Integer.parseInt(description);","lastModifiedDate":"2023-04-22"},{"lineNumber":101,"author":{"gitId":"chuabrenda27"},"content":"","lastModifiedDate":"2023-04-22"},{"lineNumber":102,"author":{"gitId":"chuabrenda27"},"content":"            if (tasks.getTasks().size() \u003c index || index \u003d\u003d 0) {","lastModifiedDate":"2023-04-22"},{"lineNumber":103,"author":{"gitId":"chuabrenda27"},"content":"                System.out.println(\"There is no such task in the list\");","lastModifiedDate":"2023-04-22"},{"lineNumber":104,"author":{"gitId":"chuabrenda27"},"content":"                return;","lastModifiedDate":"2023-04-22"},{"lineNumber":105,"author":{"gitId":"chuabrenda27"},"content":"            }","lastModifiedDate":"2023-04-22"},{"lineNumber":106,"author":{"gitId":"chuabrenda27"},"content":"            tasks.getTasks().get(index-1).setPriority(true);","lastModifiedDate":"2023-04-22"},{"lineNumber":107,"author":{"gitId":"chuabrenda27"},"content":"            System.out.println(\"OK, I\u0027ve marked this task as high priority:\");","lastModifiedDate":"2023-04-22"},{"lineNumber":108,"author":{"gitId":"chuabrenda27"},"content":"            System.out.println(tasks.getTasks().get(index-1).toString());","lastModifiedDate":"2023-04-22"},{"lineNumber":109,"author":{"gitId":"chuabrenda27"},"content":"        }","lastModifiedDate":"2023-04-22"},{"lineNumber":110,"author":{"gitId":"chuabrenda27"},"content":"","lastModifiedDate":"2023-04-22"},{"lineNumber":111,"author":{"gitId":"chuabrenda27"},"content":"        if (this.command.equals(\"remove-priority\")) {","lastModifiedDate":"2023-04-22"},{"lineNumber":112,"author":{"gitId":"chuabrenda27"},"content":"            int index \u003d Integer.parseInt(description);","lastModifiedDate":"2023-04-22"},{"lineNumber":113,"author":{"gitId":"chuabrenda27"},"content":"","lastModifiedDate":"2023-04-22"},{"lineNumber":114,"author":{"gitId":"chuabrenda27"},"content":"            if (tasks.getTasks().size() \u003c index || index \u003d\u003d 0) {","lastModifiedDate":"2023-04-22"},{"lineNumber":115,"author":{"gitId":"chuabrenda27"},"content":"                System.out.println(\"There is no such task in the list\");","lastModifiedDate":"2023-04-22"},{"lineNumber":116,"author":{"gitId":"chuabrenda27"},"content":"                return;","lastModifiedDate":"2023-04-22"},{"lineNumber":117,"author":{"gitId":"chuabrenda27"},"content":"            }","lastModifiedDate":"2023-04-22"},{"lineNumber":118,"author":{"gitId":"chuabrenda27"},"content":"","lastModifiedDate":"2023-04-22"},{"lineNumber":119,"author":{"gitId":"chuabrenda27"},"content":"            tasks.getTasks().get(index-1).setPriority(false);","lastModifiedDate":"2023-04-22"},{"lineNumber":120,"author":{"gitId":"chuabrenda27"},"content":"            System.out.println(\"OK, I\u0027ve removed this task as a high priority:\");","lastModifiedDate":"2023-04-22"},{"lineNumber":121,"author":{"gitId":"chuabrenda27"},"content":"            System.out.println(tasks.getTasks().get(index-1).toString());","lastModifiedDate":"2023-04-22"},{"lineNumber":122,"author":{"gitId":"chuabrenda27"},"content":"        }","lastModifiedDate":"2023-04-22"},{"lineNumber":123,"author":{"gitId":"chuabrenda27"},"content":"","lastModifiedDate":"2023-04-22"},{"lineNumber":124,"author":{"gitId":"chuabrenda27"},"content":"        if (this.command.equals(\"find\")) {","lastModifiedDate":"2023-04-22"},{"lineNumber":125,"author":{"gitId":"chuabrenda27"},"content":"            List\u003cTask\u003e list \u003d new ArrayList\u003c\u003e();","lastModifiedDate":"2023-04-22"},{"lineNumber":126,"author":{"gitId":"chuabrenda27"},"content":"","lastModifiedDate":"2023-04-22"},{"lineNumber":127,"author":{"gitId":"chuabrenda27"},"content":"            description \u003d description.toLowerCase();","lastModifiedDate":"2023-04-22"},{"lineNumber":128,"author":{"gitId":"chuabrenda27"},"content":"","lastModifiedDate":"2023-04-22"},{"lineNumber":129,"author":{"gitId":"chuabrenda27"},"content":"            for (Task t : tasks.getTasks()) {","lastModifiedDate":"2023-04-22"},{"lineNumber":130,"author":{"gitId":"chuabrenda27"},"content":"                if (t.getDescription().contains(description)) {","lastModifiedDate":"2023-04-22"},{"lineNumber":131,"author":{"gitId":"chuabrenda27"},"content":"                    list.add(t);","lastModifiedDate":"2023-04-22"},{"lineNumber":132,"author":{"gitId":"chuabrenda27"},"content":"                }","lastModifiedDate":"2023-04-22"},{"lineNumber":133,"author":{"gitId":"chuabrenda27"},"content":"            }","lastModifiedDate":"2023-04-22"},{"lineNumber":134,"author":{"gitId":"chuabrenda27"},"content":"","lastModifiedDate":"2023-04-22"},{"lineNumber":135,"author":{"gitId":"chuabrenda27"},"content":"            System.out.println(\"Here are the matching tasks in your list:\");","lastModifiedDate":"2023-04-22"},{"lineNumber":136,"author":{"gitId":"chuabrenda27"},"content":"            for (int i \u003d 0; i \u003c list.size(); i++ ){","lastModifiedDate":"2023-04-22"},{"lineNumber":137,"author":{"gitId":"chuabrenda27"},"content":"                System.out.println(i+1 + \". \" + list.get(i).toString());","lastModifiedDate":"2023-04-22"},{"lineNumber":138,"author":{"gitId":"chuabrenda27"},"content":"            }","lastModifiedDate":"2023-04-22"},{"lineNumber":139,"author":{"gitId":"chuabrenda27"},"content":"        }","lastModifiedDate":"2023-04-22"},{"lineNumber":140,"author":{"gitId":"chuabrenda27"},"content":"    }","lastModifiedDate":"2023-04-22"},{"lineNumber":141,"author":{"gitId":"chuabrenda27"},"content":"}","lastModifiedDate":"2023-04-22"}],"authorContributionMap":{"chuabrenda27":141}},{"path":"src/Duke/command/Command.java","fileType":"java","lines":[{"lineNumber":1,"author":{"gitId":"chuabrenda27"},"content":"package Duke.command;","lastModifiedDate":"2023-04-22"},{"lineNumber":2,"author":{"gitId":"chuabrenda27"},"content":"","lastModifiedDate":"2023-04-22"},{"lineNumber":3,"author":{"gitId":"chuabrenda27"},"content":"import Duke.tasklist.Tasklist;","lastModifiedDate":"2023-04-22"},{"lineNumber":4,"author":{"gitId":"chuabrenda27"},"content":"import Duke.storage.Storage;","lastModifiedDate":"2023-04-22"},{"lineNumber":5,"author":{"gitId":"chuabrenda27"},"content":"import Duke.ui.UI;","lastModifiedDate":"2023-04-22"},{"lineNumber":6,"author":{"gitId":"chuabrenda27"},"content":"","lastModifiedDate":"2023-04-22"},{"lineNumber":7,"author":{"gitId":"chuabrenda27"},"content":"public abstract class Command {","lastModifiedDate":"2023-04-22"},{"lineNumber":8,"author":{"gitId":"chuabrenda27"},"content":"","lastModifiedDate":"2023-04-22"},{"lineNumber":9,"author":{"gitId":"chuabrenda27"},"content":"    protected boolean isExit \u003d false;","lastModifiedDate":"2023-04-22"},{"lineNumber":10,"author":{"gitId":"chuabrenda27"},"content":"    protected Tasklist tasks;","lastModifiedDate":"2023-04-22"},{"lineNumber":11,"author":{"gitId":"chuabrenda27"},"content":"    protected Storage storage;","lastModifiedDate":"2023-04-22"},{"lineNumber":12,"author":{"gitId":"chuabrenda27"},"content":"    protected UI ui;","lastModifiedDate":"2023-04-22"},{"lineNumber":13,"author":{"gitId":"chuabrenda27"},"content":"","lastModifiedDate":"2023-04-22"},{"lineNumber":14,"author":{"gitId":"chuabrenda27"},"content":"    public abstract void execute(Tasklist tasks, UI ui);","lastModifiedDate":"2023-04-22"},{"lineNumber":15,"author":{"gitId":"chuabrenda27"},"content":"","lastModifiedDate":"2023-04-22"},{"lineNumber":16,"author":{"gitId":"chuabrenda27"},"content":"    public boolean isExit() {","lastModifiedDate":"2023-04-22"},{"lineNumber":17,"author":{"gitId":"chuabrenda27"},"content":"        return this.isExit;","lastModifiedDate":"2023-04-22"},{"lineNumber":18,"author":{"gitId":"chuabrenda27"},"content":"    }","lastModifiedDate":"2023-04-22"},{"lineNumber":19,"author":{"gitId":"chuabrenda27"},"content":"}","lastModifiedDate":"2023-04-22"}],"authorContributionMap":{"chuabrenda27":19}},{"path":"src/Duke/command/DeleteCommand.java","fileType":"java","lines":[{"lineNumber":1,"author":{"gitId":"chuabrenda27"},"content":"package Duke.command;","lastModifiedDate":"2023-04-22"},{"lineNumber":2,"author":{"gitId":"chuabrenda27"},"content":"","lastModifiedDate":"2023-04-22"},{"lineNumber":3,"author":{"gitId":"chuabrenda27"},"content":"import Duke.task.Task;","lastModifiedDate":"2023-04-22"},{"lineNumber":4,"author":{"gitId":"chuabrenda27"},"content":"import Duke.tasklist.Tasklist;","lastModifiedDate":"2023-04-22"},{"lineNumber":5,"author":{"gitId":"chuabrenda27"},"content":"import Duke.ui.UI;","lastModifiedDate":"2023-04-22"},{"lineNumber":6,"author":{"gitId":"chuabrenda27"},"content":"","lastModifiedDate":"2023-04-22"},{"lineNumber":7,"author":{"gitId":"chuabrenda27"},"content":"public class DeleteCommand extends Command {","lastModifiedDate":"2023-04-22"},{"lineNumber":8,"author":{"gitId":"chuabrenda27"},"content":"","lastModifiedDate":"2023-04-22"},{"lineNumber":9,"author":{"gitId":"chuabrenda27"},"content":"    protected int indexToBeDeleted;","lastModifiedDate":"2023-04-22"},{"lineNumber":10,"author":{"gitId":"chuabrenda27"},"content":"","lastModifiedDate":"2023-04-22"},{"lineNumber":11,"author":{"gitId":"chuabrenda27"},"content":"    public DeleteCommand(int indexToBeDeleted) {","lastModifiedDate":"2023-04-22"},{"lineNumber":12,"author":{"gitId":"chuabrenda27"},"content":"        this.indexToBeDeleted \u003d indexToBeDeleted;","lastModifiedDate":"2023-04-22"},{"lineNumber":13,"author":{"gitId":"chuabrenda27"},"content":"    }","lastModifiedDate":"2023-04-22"},{"lineNumber":14,"author":{"gitId":"chuabrenda27"},"content":"","lastModifiedDate":"2023-04-22"},{"lineNumber":15,"author":{"gitId":"chuabrenda27"},"content":"    @Override","lastModifiedDate":"2023-04-22"},{"lineNumber":16,"author":{"gitId":"chuabrenda27"},"content":"    public void execute(Tasklist tasks, UI ui) {","lastModifiedDate":"2023-04-22"},{"lineNumber":17,"author":{"gitId":"chuabrenda27"},"content":"        Task deletedTask \u003d tasks.getTasks().get(indexToBeDeleted);","lastModifiedDate":"2023-04-22"},{"lineNumber":18,"author":{"gitId":"chuabrenda27"},"content":"","lastModifiedDate":"2023-04-22"},{"lineNumber":19,"author":{"gitId":"chuabrenda27"},"content":"        tasks.getTasks().remove(this.indexToBeDeleted);","lastModifiedDate":"2023-04-22"},{"lineNumber":20,"author":{"gitId":"chuabrenda27"},"content":"","lastModifiedDate":"2023-04-22"},{"lineNumber":21,"author":{"gitId":"chuabrenda27"},"content":"        System.out.println(\"Noted. I\u0027ve removed this task:\");","lastModifiedDate":"2023-04-22"},{"lineNumber":22,"author":{"gitId":"chuabrenda27"},"content":"        System.out.println(deletedTask.toString());","lastModifiedDate":"2023-04-22"},{"lineNumber":23,"author":{"gitId":"chuabrenda27"},"content":"        System.out.println(\"Now you have \" + tasks.getTasks().size() + \" task in the list.\");","lastModifiedDate":"2023-04-22"},{"lineNumber":24,"author":{"gitId":"chuabrenda27"},"content":"    }","lastModifiedDate":"2023-04-22"},{"lineNumber":25,"author":{"gitId":"chuabrenda27"},"content":"}","lastModifiedDate":"2023-04-22"}],"authorContributionMap":{"chuabrenda27":25}},{"path":"src/Duke/command/ExitCommand.java","fileType":"java","lines":[{"lineNumber":1,"author":{"gitId":"chuabrenda27"},"content":"package Duke.command;","lastModifiedDate":"2023-04-22"},{"lineNumber":2,"author":{"gitId":"chuabrenda27"},"content":"","lastModifiedDate":"2023-04-22"},{"lineNumber":3,"author":{"gitId":"chuabrenda27"},"content":"import Duke.tasklist.Tasklist;","lastModifiedDate":"2023-04-22"},{"lineNumber":4,"author":{"gitId":"chuabrenda27"},"content":"import Duke.ui.UI;","lastModifiedDate":"2023-04-22"},{"lineNumber":5,"author":{"gitId":"chuabrenda27"},"content":"","lastModifiedDate":"2023-04-22"},{"lineNumber":6,"author":{"gitId":"chuabrenda27"},"content":"public class ExitCommand extends Command {","lastModifiedDate":"2023-04-22"},{"lineNumber":7,"author":{"gitId":"chuabrenda27"},"content":"","lastModifiedDate":"2023-04-22"},{"lineNumber":8,"author":{"gitId":"chuabrenda27"},"content":"    public ExitCommand() {","lastModifiedDate":"2023-04-22"},{"lineNumber":9,"author":{"gitId":"chuabrenda27"},"content":"","lastModifiedDate":"2023-04-22"},{"lineNumber":10,"author":{"gitId":"chuabrenda27"},"content":"    }","lastModifiedDate":"2023-04-22"},{"lineNumber":11,"author":{"gitId":"chuabrenda27"},"content":"","lastModifiedDate":"2023-04-22"},{"lineNumber":12,"author":{"gitId":"chuabrenda27"},"content":"    @Override","lastModifiedDate":"2023-04-22"},{"lineNumber":13,"author":{"gitId":"chuabrenda27"},"content":"    public void execute(Tasklist tasks, UI ui) {","lastModifiedDate":"2023-04-22"},{"lineNumber":14,"author":{"gitId":"chuabrenda27"},"content":"        System.out.println(\"Bye. Hope to see you again soon!\");","lastModifiedDate":"2023-04-22"},{"lineNumber":15,"author":{"gitId":"chuabrenda27"},"content":"        this.isExit \u003d true;","lastModifiedDate":"2023-04-22"},{"lineNumber":16,"author":{"gitId":"chuabrenda27"},"content":"    }","lastModifiedDate":"2023-04-22"},{"lineNumber":17,"author":{"gitId":"chuabrenda27"},"content":"","lastModifiedDate":"2023-04-22"},{"lineNumber":18,"author":{"gitId":"chuabrenda27"},"content":"    @Override","lastModifiedDate":"2023-04-22"},{"lineNumber":19,"author":{"gitId":"chuabrenda27"},"content":"    public boolean isExit() {","lastModifiedDate":"2023-04-22"},{"lineNumber":20,"author":{"gitId":"chuabrenda27"},"content":"        return isExit; // if Exit, return true","lastModifiedDate":"2023-04-22"},{"lineNumber":21,"author":{"gitId":"chuabrenda27"},"content":"    }","lastModifiedDate":"2023-04-22"},{"lineNumber":22,"author":{"gitId":"chuabrenda27"},"content":"}","lastModifiedDate":"2023-04-22"}],"authorContributionMap":{"chuabrenda27":22}},{"path":"src/Duke/command/ListCommand.java","fileType":"java","lines":[{"lineNumber":1,"author":{"gitId":"chuabrenda27"},"content":"package Duke.command;","lastModifiedDate":"2023-04-22"},{"lineNumber":2,"author":{"gitId":"chuabrenda27"},"content":"","lastModifiedDate":"2023-04-22"},{"lineNumber":3,"author":{"gitId":"chuabrenda27"},"content":"import Duke.tasklist.Tasklist;","lastModifiedDate":"2023-04-22"},{"lineNumber":4,"author":{"gitId":"chuabrenda27"},"content":"import Duke.ui.UI;","lastModifiedDate":"2023-04-22"},{"lineNumber":5,"author":{"gitId":"chuabrenda27"},"content":"","lastModifiedDate":"2023-04-22"},{"lineNumber":6,"author":{"gitId":"chuabrenda27"},"content":"public class ListCommand extends Command {","lastModifiedDate":"2023-04-22"},{"lineNumber":7,"author":{"gitId":"chuabrenda27"},"content":"","lastModifiedDate":"2023-04-22"},{"lineNumber":8,"author":{"gitId":"chuabrenda27"},"content":"    public ListCommand() {","lastModifiedDate":"2023-04-22"},{"lineNumber":9,"author":{"gitId":"chuabrenda27"},"content":"","lastModifiedDate":"2023-04-22"},{"lineNumber":10,"author":{"gitId":"chuabrenda27"},"content":"    }","lastModifiedDate":"2023-04-22"},{"lineNumber":11,"author":{"gitId":"chuabrenda27"},"content":"","lastModifiedDate":"2023-04-22"},{"lineNumber":12,"author":{"gitId":"chuabrenda27"},"content":"    @Override","lastModifiedDate":"2023-04-22"},{"lineNumber":13,"author":{"gitId":"chuabrenda27"},"content":"    public void execute(Tasklist tasks, UI ui) {","lastModifiedDate":"2023-04-22"},{"lineNumber":14,"author":{"gitId":"chuabrenda27"},"content":"        System.out.println(\"Here are the tasks in your list:\");","lastModifiedDate":"2023-04-22"},{"lineNumber":15,"author":{"gitId":"chuabrenda27"},"content":"        for (int i \u003d 0; i \u003c tasks.getTasks().size(); i++ ){","lastModifiedDate":"2023-04-22"},{"lineNumber":16,"author":{"gitId":"chuabrenda27"},"content":"            System.out.println(i+1 + \". \" + tasks.getTasks().get(i).toString());","lastModifiedDate":"2023-04-22"},{"lineNumber":17,"author":{"gitId":"chuabrenda27"},"content":"        }","lastModifiedDate":"2023-04-22"},{"lineNumber":18,"author":{"gitId":"chuabrenda27"},"content":"    }","lastModifiedDate":"2023-04-22"},{"lineNumber":19,"author":{"gitId":"chuabrenda27"},"content":"}","lastModifiedDate":"2023-04-22"}],"authorContributionMap":{"chuabrenda27":19}},{"path":"src/Duke/command/SaveCommand.java","fileType":"java","lines":[{"lineNumber":1,"author":{"gitId":"chuabrenda27"},"content":"package Duke.command;","lastModifiedDate":"2023-04-22"},{"lineNumber":2,"author":{"gitId":"chuabrenda27"},"content":"","lastModifiedDate":"2023-04-22"},{"lineNumber":3,"author":{"gitId":"chuabrenda27"},"content":"import Duke.storage.Storage;","lastModifiedDate":"2023-04-22"},{"lineNumber":4,"author":{"gitId":"chuabrenda27"},"content":"import Duke.task.Task;","lastModifiedDate":"2023-04-22"},{"lineNumber":5,"author":{"gitId":"chuabrenda27"},"content":"import Duke.tasklist.Tasklist;","lastModifiedDate":"2023-04-22"},{"lineNumber":6,"author":{"gitId":"chuabrenda27"},"content":"import Duke.ui.UI;","lastModifiedDate":"2023-04-22"},{"lineNumber":7,"author":{"gitId":"chuabrenda27"},"content":"","lastModifiedDate":"2023-04-22"},{"lineNumber":8,"author":{"gitId":"chuabrenda27"},"content":"import java.io.FileWriter;","lastModifiedDate":"2023-04-22"},{"lineNumber":9,"author":{"gitId":"chuabrenda27"},"content":"import java.io.IOException;","lastModifiedDate":"2023-04-22"},{"lineNumber":10,"author":{"gitId":"chuabrenda27"},"content":"","lastModifiedDate":"2023-04-22"},{"lineNumber":11,"author":{"gitId":"chuabrenda27"},"content":"public class SaveCommand extends Command {","lastModifiedDate":"2023-04-22"},{"lineNumber":12,"author":{"gitId":"chuabrenda27"},"content":"","lastModifiedDate":"2023-04-22"},{"lineNumber":13,"author":{"gitId":"chuabrenda27"},"content":"    public SaveCommand() {","lastModifiedDate":"2023-04-22"},{"lineNumber":14,"author":{"gitId":"chuabrenda27"},"content":"","lastModifiedDate":"2023-04-22"},{"lineNumber":15,"author":{"gitId":"chuabrenda27"},"content":"    }","lastModifiedDate":"2023-04-22"},{"lineNumber":16,"author":{"gitId":"chuabrenda27"},"content":"","lastModifiedDate":"2023-04-22"},{"lineNumber":17,"author":{"gitId":"chuabrenda27"},"content":"    /**","lastModifiedDate":"2023-04-22"},{"lineNumber":18,"author":{"gitId":"chuabrenda27"},"content":"     * To save the tasks in the list into a text file","lastModifiedDate":"2023-04-22"},{"lineNumber":19,"author":{"gitId":"chuabrenda27"},"content":"     * @param tasks existing task in the list","lastModifiedDate":"2023-04-22"},{"lineNumber":20,"author":{"gitId":"chuabrenda27"},"content":"     * @param ui to display out the messages to the user","lastModifiedDate":"2023-04-22"},{"lineNumber":21,"author":{"gitId":"chuabrenda27"},"content":"     * @param storage which stores the file","lastModifiedDate":"2023-04-22"},{"lineNumber":22,"author":{"gitId":"chuabrenda27"},"content":"     */","lastModifiedDate":"2023-04-22"},{"lineNumber":23,"author":{"gitId":"chuabrenda27"},"content":"    @Override","lastModifiedDate":"2023-04-22"},{"lineNumber":24,"author":{"gitId":"chuabrenda27"},"content":"    public void execute(Tasklist tasks, UI ui) {","lastModifiedDate":"2023-04-22"},{"lineNumber":25,"author":{"gitId":"chuabrenda27"},"content":"        try{","lastModifiedDate":"2023-04-22"},{"lineNumber":26,"author":{"gitId":"chuabrenda27"},"content":"            FileWriter myObj \u003d new FileWriter(storage.getFile());","lastModifiedDate":"2023-04-22"},{"lineNumber":27,"author":{"gitId":"chuabrenda27"},"content":"            for(Task t : tasks.getTasks()) {","lastModifiedDate":"2023-04-22"},{"lineNumber":28,"author":{"gitId":"chuabrenda27"},"content":"                myObj.write(t.toFileString());","lastModifiedDate":"2023-04-22"},{"lineNumber":29,"author":{"gitId":"chuabrenda27"},"content":"                myObj.write(\"\\n\");","lastModifiedDate":"2023-04-22"},{"lineNumber":30,"author":{"gitId":"chuabrenda27"},"content":"            }","lastModifiedDate":"2023-04-22"},{"lineNumber":31,"author":{"gitId":"chuabrenda27"},"content":"            myObj.close();","lastModifiedDate":"2023-04-22"},{"lineNumber":32,"author":{"gitId":"chuabrenda27"},"content":"            System.out.println(\"Noted. I\u0027ve saved \" + tasks.getTasks().size() + \" tasks\");","lastModifiedDate":"2023-04-22"},{"lineNumber":33,"author":{"gitId":"chuabrenda27"},"content":"            System.out.println(\"File saved successfully.\");","lastModifiedDate":"2023-04-22"},{"lineNumber":34,"author":{"gitId":"chuabrenda27"},"content":"        } catch (IOException e) {","lastModifiedDate":"2023-04-22"},{"lineNumber":35,"author":{"gitId":"chuabrenda27"},"content":"            System.out.println(\"An error occurred upon reading file.\");","lastModifiedDate":"2023-04-22"},{"lineNumber":36,"author":{"gitId":"chuabrenda27"},"content":"        }","lastModifiedDate":"2023-04-22"},{"lineNumber":37,"author":{"gitId":"chuabrenda27"},"content":"    }","lastModifiedDate":"2023-04-22"},{"lineNumber":38,"author":{"gitId":"chuabrenda27"},"content":"}","lastModifiedDate":"2023-04-22"}],"authorContributionMap":{"chuabrenda27":38}},{"path":"src/Duke/deadline/Deadline.java","fileType":"java","lines":[{"lineNumber":1,"author":{"gitId":"chuabrenda27"},"content":"package Duke.deadline;","lastModifiedDate":"2023-04-22"},{"lineNumber":2,"author":{"gitId":"chuabrenda27"},"content":"","lastModifiedDate":"2023-04-22"},{"lineNumber":3,"author":{"gitId":"chuabrenda27"},"content":"import Duke.task.Task;","lastModifiedDate":"2023-04-22"},{"lineNumber":4,"author":{"gitId":"chuabrenda27"},"content":"","lastModifiedDate":"2023-04-22"},{"lineNumber":5,"author":{"gitId":"chuabrenda27"},"content":"public class Deadline extends Task {","lastModifiedDate":"2023-04-22"},{"lineNumber":6,"author":{"gitId":"chuabrenda27"},"content":"    protected String by;","lastModifiedDate":"2023-04-22"},{"lineNumber":7,"author":{"gitId":"chuabrenda27"},"content":"","lastModifiedDate":"2023-04-22"},{"lineNumber":8,"author":{"gitId":"chuabrenda27"},"content":"    public Deadline(String description, String by) {","lastModifiedDate":"2023-04-22"},{"lineNumber":9,"author":{"gitId":"chuabrenda27"},"content":"        super(description);","lastModifiedDate":"2023-04-22"},{"lineNumber":10,"author":{"gitId":"chuabrenda27"},"content":"        this.by \u003d by;","lastModifiedDate":"2023-04-22"},{"lineNumber":11,"author":{"gitId":"chuabrenda27"},"content":"    }","lastModifiedDate":"2023-04-22"},{"lineNumber":12,"author":{"gitId":"chuabrenda27"},"content":"","lastModifiedDate":"2023-04-22"},{"lineNumber":13,"author":{"gitId":"chuabrenda27"},"content":"    @Override","lastModifiedDate":"2023-04-22"},{"lineNumber":14,"author":{"gitId":"chuabrenda27"},"content":"    public String toString() {","lastModifiedDate":"2023-04-22"},{"lineNumber":15,"author":{"gitId":"chuabrenda27"},"content":"        return \"[D]\" + super.toString() + \" (by: \" + by + \")\";","lastModifiedDate":"2023-04-22"},{"lineNumber":16,"author":{"gitId":"chuabrenda27"},"content":"    }","lastModifiedDate":"2023-04-22"},{"lineNumber":17,"author":{"gitId":"chuabrenda27"},"content":"","lastModifiedDate":"2023-04-22"},{"lineNumber":18,"author":{"gitId":"chuabrenda27"},"content":"    @Override","lastModifiedDate":"2023-04-22"},{"lineNumber":19,"author":{"gitId":"chuabrenda27"},"content":"    public String toFileString() {","lastModifiedDate":"2023-04-22"},{"lineNumber":20,"author":{"gitId":"chuabrenda27"},"content":"        int markAsDone \u003d super.isDone() ? 1 : 0;","lastModifiedDate":"2023-04-22"},{"lineNumber":21,"author":{"gitId":"chuabrenda27"},"content":"        char isPriority \u003d super.isPriority() ? \u0027P\u0027 : \u0027N\u0027;","lastModifiedDate":"2023-04-22"},{"lineNumber":22,"author":{"gitId":"chuabrenda27"},"content":"        return \"D|\" + markAsDone + \"|\" + super.getDescription() + \"|\" + by + \"|\" + isPriority;","lastModifiedDate":"2023-04-22"},{"lineNumber":23,"author":{"gitId":"chuabrenda27"},"content":"    }","lastModifiedDate":"2023-04-22"},{"lineNumber":24,"author":{"gitId":"chuabrenda27"},"content":"}","lastModifiedDate":"2023-04-22"}],"authorContributionMap":{"chuabrenda27":24}},{"path":"src/Duke/dukeexception/DukeException.java","fileType":"java","lines":[{"lineNumber":1,"author":{"gitId":"chuabrenda27"},"content":"package Duke.dukeexception;","lastModifiedDate":"2023-04-22"},{"lineNumber":2,"author":{"gitId":"chuabrenda27"},"content":"","lastModifiedDate":"2023-04-22"},{"lineNumber":3,"author":{"gitId":"chuabrenda27"},"content":"public class DukeException extends Exception {","lastModifiedDate":"2023-04-22"},{"lineNumber":4,"author":{"gitId":"chuabrenda27"},"content":"    public DukeException() {","lastModifiedDate":"2023-04-22"},{"lineNumber":5,"author":{"gitId":"chuabrenda27"},"content":"    }","lastModifiedDate":"2023-04-22"},{"lineNumber":6,"author":{"gitId":"chuabrenda27"},"content":"","lastModifiedDate":"2023-04-22"},{"lineNumber":7,"author":{"gitId":"chuabrenda27"},"content":"    public DukeException(String s) {","lastModifiedDate":"2023-04-22"},{"lineNumber":8,"author":{"gitId":"chuabrenda27"},"content":"        System.err.println(s);","lastModifiedDate":"2023-04-22"},{"lineNumber":9,"author":{"gitId":"chuabrenda27"},"content":"    }","lastModifiedDate":"2023-04-22"},{"lineNumber":10,"author":{"gitId":"chuabrenda27"},"content":"}","lastModifiedDate":"2023-04-22"}],"authorContributionMap":{"chuabrenda27":10}},{"path":"src/Duke/event/Event.java","fileType":"java","lines":[{"lineNumber":1,"author":{"gitId":"chuabrenda27"},"content":"package Duke.event;","lastModifiedDate":"2023-04-22"},{"lineNumber":2,"author":{"gitId":"chuabrenda27"},"content":"","lastModifiedDate":"2023-04-22"},{"lineNumber":3,"author":{"gitId":"chuabrenda27"},"content":"import Duke.task.Task;","lastModifiedDate":"2023-04-22"},{"lineNumber":4,"author":{"gitId":"chuabrenda27"},"content":"","lastModifiedDate":"2023-04-22"},{"lineNumber":5,"author":{"gitId":"chuabrenda27"},"content":"public class Event extends Task {","lastModifiedDate":"2023-04-22"},{"lineNumber":6,"author":{"gitId":"chuabrenda27"},"content":"    protected String by;","lastModifiedDate":"2023-04-22"},{"lineNumber":7,"author":{"gitId":"chuabrenda27"},"content":"","lastModifiedDate":"2023-04-22"},{"lineNumber":8,"author":{"gitId":"chuabrenda27"},"content":"    public Event(String description, String by) {","lastModifiedDate":"2023-04-22"},{"lineNumber":9,"author":{"gitId":"chuabrenda27"},"content":"        super(description);","lastModifiedDate":"2023-04-22"},{"lineNumber":10,"author":{"gitId":"chuabrenda27"},"content":"        this.by \u003d by;","lastModifiedDate":"2023-04-22"},{"lineNumber":11,"author":{"gitId":"chuabrenda27"},"content":"    }","lastModifiedDate":"2023-04-22"},{"lineNumber":12,"author":{"gitId":"chuabrenda27"},"content":"","lastModifiedDate":"2023-04-22"},{"lineNumber":13,"author":{"gitId":"chuabrenda27"},"content":"    @Override","lastModifiedDate":"2023-04-22"},{"lineNumber":14,"author":{"gitId":"chuabrenda27"},"content":"    public String toString() {","lastModifiedDate":"2023-04-22"},{"lineNumber":15,"author":{"gitId":"chuabrenda27"},"content":"        return \"[E]\" + super.toString() + \" (at: \" + by + \")\";","lastModifiedDate":"2023-04-22"},{"lineNumber":16,"author":{"gitId":"chuabrenda27"},"content":"    }","lastModifiedDate":"2023-04-22"},{"lineNumber":17,"author":{"gitId":"chuabrenda27"},"content":"","lastModifiedDate":"2023-04-22"},{"lineNumber":18,"author":{"gitId":"chuabrenda27"},"content":"    @Override","lastModifiedDate":"2023-04-22"},{"lineNumber":19,"author":{"gitId":"chuabrenda27"},"content":"    public String toFileString() {","lastModifiedDate":"2023-04-22"},{"lineNumber":20,"author":{"gitId":"chuabrenda27"},"content":"        int markAsDone \u003d super.isDone() ? 1 : 0;","lastModifiedDate":"2023-04-22"},{"lineNumber":21,"author":{"gitId":"chuabrenda27"},"content":"        char isPriority \u003d super.isPriority() ? \u0027P\u0027 : \u0027N\u0027;","lastModifiedDate":"2023-04-22"},{"lineNumber":22,"author":{"gitId":"chuabrenda27"},"content":"        return \"E|\" + markAsDone + \"|\" + super.getDescription() + \"|\" + by + \"|\" + isPriority;","lastModifiedDate":"2023-04-22"},{"lineNumber":23,"author":{"gitId":"chuabrenda27"},"content":"    }","lastModifiedDate":"2023-04-22"},{"lineNumber":24,"author":{"gitId":"chuabrenda27"},"content":"}","lastModifiedDate":"2023-04-22"}],"authorContributionMap":{"chuabrenda27":24}},{"path":"src/Duke/parser/Parser.java","fileType":"java","lines":[{"lineNumber":1,"author":{"gitId":"chuabrenda27"},"content":"package Duke.parser;","lastModifiedDate":"2023-04-22"},{"lineNumber":2,"author":{"gitId":"chuabrenda27"},"content":"","lastModifiedDate":"2023-04-22"},{"lineNumber":3,"author":{"gitId":"chuabrenda27"},"content":"import Duke.command.*;","lastModifiedDate":"2023-04-22"},{"lineNumber":4,"author":{"gitId":"chuabrenda27"},"content":"import Duke.dukeexception.DukeException;","lastModifiedDate":"2023-04-22"},{"lineNumber":5,"author":{"gitId":"chuabrenda27"},"content":"","lastModifiedDate":"2023-04-22"},{"lineNumber":6,"author":{"gitId":"chuabrenda27"},"content":"public class Parser {","lastModifiedDate":"2023-04-22"},{"lineNumber":7,"author":{"gitId":"chuabrenda27"},"content":"","lastModifiedDate":"2023-04-22"},{"lineNumber":8,"author":{"gitId":"chuabrenda27"},"content":"    private static final String LIST \u003d \"list\";","lastModifiedDate":"2023-04-22"},{"lineNumber":9,"author":{"gitId":"chuabrenda27"},"content":"    private static final String BYE \u003d \"bye\";","lastModifiedDate":"2023-04-22"},{"lineNumber":10,"author":{"gitId":"chuabrenda27"},"content":"    private static final String DELETE \u003d \"delete\";","lastModifiedDate":"2023-04-22"},{"lineNumber":11,"author":{"gitId":"chuabrenda27"},"content":"    private static final String SAVE \u003d \"save\";","lastModifiedDate":"2023-04-22"},{"lineNumber":12,"author":{"gitId":"chuabrenda27"},"content":"","lastModifiedDate":"2023-04-22"},{"lineNumber":13,"author":{"gitId":"chuabrenda27"},"content":"    public Parser() {","lastModifiedDate":"2023-04-22"},{"lineNumber":14,"author":{"gitId":"chuabrenda27"},"content":"","lastModifiedDate":"2023-04-22"},{"lineNumber":15,"author":{"gitId":"chuabrenda27"},"content":"    }","lastModifiedDate":"2023-04-22"},{"lineNumber":16,"author":{"gitId":"chuabrenda27"},"content":"","lastModifiedDate":"2023-04-22"},{"lineNumber":17,"author":{"gitId":"chuabrenda27"},"content":"    /**","lastModifiedDate":"2023-04-22"},{"lineNumber":18,"author":{"gitId":"chuabrenda27"},"content":"     * Read user\u0027s input comand and call the respective function constructor","lastModifiedDate":"2023-04-22"},{"lineNumber":19,"author":{"gitId":"chuabrenda27"},"content":"     * @param instruction of the user command","lastModifiedDate":"2023-04-22"},{"lineNumber":20,"author":{"gitId":"chuabrenda27"},"content":"     * @return the command object","lastModifiedDate":"2023-04-22"},{"lineNumber":21,"author":{"gitId":"chuabrenda27"},"content":"     */","lastModifiedDate":"2023-04-22"},{"lineNumber":22,"author":{"gitId":"chuabrenda27"},"content":"    public static Command parse(String instruction) throws DukeException {","lastModifiedDate":"2023-04-22"},{"lineNumber":23,"author":{"gitId":"chuabrenda27"},"content":"        String[] arr \u003d instruction.split(\" \", 2);","lastModifiedDate":"2023-04-22"},{"lineNumber":24,"author":{"gitId":"chuabrenda27"},"content":"        String command \u003d arr[0];","lastModifiedDate":"2023-04-22"},{"lineNumber":25,"author":{"gitId":"chuabrenda27"},"content":"        try {","lastModifiedDate":"2023-04-22"},{"lineNumber":26,"author":{"gitId":"chuabrenda27"},"content":"            switch (command) {","lastModifiedDate":"2023-04-22"},{"lineNumber":27,"author":{"gitId":"chuabrenda27"},"content":"                case LIST:","lastModifiedDate":"2023-04-22"},{"lineNumber":28,"author":{"gitId":"chuabrenda27"},"content":"                    return new ListCommand();","lastModifiedDate":"2023-04-22"},{"lineNumber":29,"author":{"gitId":"chuabrenda27"},"content":"                case BYE:","lastModifiedDate":"2023-04-22"},{"lineNumber":30,"author":{"gitId":"chuabrenda27"},"content":"                    return new ExitCommand();","lastModifiedDate":"2023-04-22"},{"lineNumber":31,"author":{"gitId":"chuabrenda27"},"content":"                case SAVE:","lastModifiedDate":"2023-04-22"},{"lineNumber":32,"author":{"gitId":"chuabrenda27"},"content":"                    return new SaveCommand();","lastModifiedDate":"2023-04-22"},{"lineNumber":33,"author":{"gitId":"chuabrenda27"},"content":"                case DELETE:","lastModifiedDate":"2023-04-22"},{"lineNumber":34,"author":{"gitId":"chuabrenda27"},"content":"                    return new DeleteCommand(Integer.parseInt(arr[1]) - 1);","lastModifiedDate":"2023-04-22"},{"lineNumber":35,"author":{"gitId":"chuabrenda27"},"content":"                default:","lastModifiedDate":"2023-04-22"},{"lineNumber":36,"author":{"gitId":"chuabrenda27"},"content":"                    if (arr[1].isEmpty()){","lastModifiedDate":"2023-04-22"},{"lineNumber":37,"author":{"gitId":"chuabrenda27"},"content":"                        throw new DukeException();","lastModifiedDate":"2023-04-22"},{"lineNumber":38,"author":{"gitId":"chuabrenda27"},"content":"                    }","lastModifiedDate":"2023-04-22"},{"lineNumber":39,"author":{"gitId":"chuabrenda27"},"content":"                    return new AddCommand(command, arr[1]);","lastModifiedDate":"2023-04-22"},{"lineNumber":40,"author":{"gitId":"chuabrenda27"},"content":"            }","lastModifiedDate":"2023-04-22"},{"lineNumber":41,"author":{"gitId":"chuabrenda27"},"content":"        } catch (IndexOutOfBoundsException e) {","lastModifiedDate":"2023-04-22"},{"lineNumber":42,"author":{"gitId":"chuabrenda27"},"content":"            throw new DukeException(\"Please provide commands in the format: \u003ccommand type\u003e \u003ctask details\u003e\");","lastModifiedDate":"2023-04-22"},{"lineNumber":43,"author":{"gitId":"chuabrenda27"},"content":"        }","lastModifiedDate":"2023-04-22"},{"lineNumber":44,"author":{"gitId":"chuabrenda27"},"content":"    }","lastModifiedDate":"2023-04-22"},{"lineNumber":45,"author":{"gitId":"chuabrenda27"},"content":"}","lastModifiedDate":"2023-04-22"}],"authorContributionMap":{"chuabrenda27":45}},{"path":"src/Duke/storage/Storage.java","fileType":"java","lines":[{"lineNumber":1,"author":{"gitId":"chuabrenda27"},"content":"package Duke.storage;","lastModifiedDate":"2023-04-22"},{"lineNumber":2,"author":{"gitId":"chuabrenda27"},"content":"","lastModifiedDate":"2023-04-22"},{"lineNumber":3,"author":{"gitId":"chuabrenda27"},"content":"import Duke.deadline.Deadline;","lastModifiedDate":"2023-04-22"},{"lineNumber":4,"author":{"gitId":"chuabrenda27"},"content":"import Duke.dukeexception.DukeException;","lastModifiedDate":"2023-04-22"},{"lineNumber":5,"author":{"gitId":"chuabrenda27"},"content":"import Duke.event.Event;","lastModifiedDate":"2023-04-22"},{"lineNumber":6,"author":{"gitId":"chuabrenda27"},"content":"import Duke.task.Task;","lastModifiedDate":"2023-04-22"},{"lineNumber":7,"author":{"gitId":"chuabrenda27"},"content":"import Duke.todo.ToDo;","lastModifiedDate":"2023-04-22"},{"lineNumber":8,"author":{"gitId":"chuabrenda27"},"content":"","lastModifiedDate":"2023-04-22"},{"lineNumber":9,"author":{"gitId":"chuabrenda27"},"content":"import java.io.File;","lastModifiedDate":"2023-04-22"},{"lineNumber":10,"author":{"gitId":"chuabrenda27"},"content":"import java.io.FileNotFoundException;","lastModifiedDate":"2023-04-22"},{"lineNumber":11,"author":{"gitId":"chuabrenda27"},"content":"import java.util.ArrayList;","lastModifiedDate":"2023-04-22"},{"lineNumber":12,"author":{"gitId":"chuabrenda27"},"content":"import java.util.List;","lastModifiedDate":"2023-04-22"},{"lineNumber":13,"author":{"gitId":"chuabrenda27"},"content":"import java.util.Scanner;","lastModifiedDate":"2023-04-22"},{"lineNumber":14,"author":{"gitId":"chuabrenda27"},"content":"","lastModifiedDate":"2023-04-22"},{"lineNumber":15,"author":{"gitId":"chuabrenda27"},"content":"public class Storage {","lastModifiedDate":"2023-04-22"},{"lineNumber":16,"author":{"gitId":"chuabrenda27"},"content":"","lastModifiedDate":"2023-04-22"},{"lineNumber":17,"author":{"gitId":"chuabrenda27"},"content":"    protected File file;","lastModifiedDate":"2023-04-22"},{"lineNumber":18,"author":{"gitId":"chuabrenda27"},"content":"","lastModifiedDate":"2023-04-22"},{"lineNumber":19,"author":{"gitId":"chuabrenda27"},"content":"    public Storage(String filepath) {","lastModifiedDate":"2023-04-22"},{"lineNumber":20,"author":{"gitId":"chuabrenda27"},"content":"        this.file \u003d new File(filepath);","lastModifiedDate":"2023-04-22"},{"lineNumber":21,"author":{"gitId":"chuabrenda27"},"content":"    }","lastModifiedDate":"2023-04-22"},{"lineNumber":22,"author":{"gitId":"chuabrenda27"},"content":"","lastModifiedDate":"2023-04-22"},{"lineNumber":23,"author":{"gitId":"chuabrenda27"},"content":"    /**","lastModifiedDate":"2023-04-22"},{"lineNumber":24,"author":{"gitId":"chuabrenda27"},"content":"     * To load the existing file and store into the tasklist","lastModifiedDate":"2023-04-22"},{"lineNumber":25,"author":{"gitId":"chuabrenda27"},"content":"     * @return a list of tasks","lastModifiedDate":"2023-04-22"},{"lineNumber":26,"author":{"gitId":"chuabrenda27"},"content":"     */","lastModifiedDate":"2023-04-22"},{"lineNumber":27,"author":{"gitId":"chuabrenda27"},"content":"    public List\u003cTask\u003e load() throws DukeException, FileNotFoundException {","lastModifiedDate":"2023-04-22"},{"lineNumber":28,"author":{"gitId":"chuabrenda27"},"content":"        List\u003cTask\u003e taskList \u003d new ArrayList\u003c\u003e();","lastModifiedDate":"2023-04-22"},{"lineNumber":29,"author":{"gitId":"chuabrenda27"},"content":"        // Read the file","lastModifiedDate":"2023-04-22"},{"lineNumber":30,"author":{"gitId":"chuabrenda27"},"content":"        Scanner myReader \u003d new Scanner(file);","lastModifiedDate":"2023-04-22"},{"lineNumber":31,"author":{"gitId":"chuabrenda27"},"content":"        while (myReader.hasNextLine()) {","lastModifiedDate":"2023-04-22"},{"lineNumber":32,"author":{"gitId":"chuabrenda27"},"content":"            String line \u003d myReader.nextLine();","lastModifiedDate":"2023-04-22"},{"lineNumber":33,"author":{"gitId":"chuabrenda27"},"content":"            String[] lineList \u003d line.split(\"\\\\|\");","lastModifiedDate":"2023-04-22"},{"lineNumber":34,"author":{"gitId":"chuabrenda27"},"content":"","lastModifiedDate":"2023-04-22"},{"lineNumber":35,"author":{"gitId":"chuabrenda27"},"content":"            if (lineList[0].equals(\"T\")) {","lastModifiedDate":"2023-04-22"},{"lineNumber":36,"author":{"gitId":"chuabrenda27"},"content":"                Task todo \u003d new ToDo(lineList[2]);","lastModifiedDate":"2023-04-22"},{"lineNumber":37,"author":{"gitId":"chuabrenda27"},"content":"                if (lineList[1].equals(\"1\")) {","lastModifiedDate":"2023-04-22"},{"lineNumber":38,"author":{"gitId":"chuabrenda27"},"content":"                    todo.markAsDone();","lastModifiedDate":"2023-04-22"},{"lineNumber":39,"author":{"gitId":"chuabrenda27"},"content":"                } else {","lastModifiedDate":"2023-04-22"},{"lineNumber":40,"author":{"gitId":"chuabrenda27"},"content":"                    todo.markAsNotDone();","lastModifiedDate":"2023-04-22"},{"lineNumber":41,"author":{"gitId":"chuabrenda27"},"content":"                }","lastModifiedDate":"2023-04-22"},{"lineNumber":42,"author":{"gitId":"chuabrenda27"},"content":"","lastModifiedDate":"2023-04-22"},{"lineNumber":43,"author":{"gitId":"chuabrenda27"},"content":"                if (lineList[3].equals(\"P\")) {","lastModifiedDate":"2023-04-22"},{"lineNumber":44,"author":{"gitId":"chuabrenda27"},"content":"                    todo.setPriority(true);","lastModifiedDate":"2023-04-22"},{"lineNumber":45,"author":{"gitId":"chuabrenda27"},"content":"                } else {","lastModifiedDate":"2023-04-22"},{"lineNumber":46,"author":{"gitId":"chuabrenda27"},"content":"                    todo.setPriority(false);","lastModifiedDate":"2023-04-22"},{"lineNumber":47,"author":{"gitId":"chuabrenda27"},"content":"                }","lastModifiedDate":"2023-04-22"},{"lineNumber":48,"author":{"gitId":"chuabrenda27"},"content":"                taskList.add(todo);","lastModifiedDate":"2023-04-22"},{"lineNumber":49,"author":{"gitId":"chuabrenda27"},"content":"            } else if (lineList[0].equals(\"D\")) {","lastModifiedDate":"2023-04-22"},{"lineNumber":50,"author":{"gitId":"chuabrenda27"},"content":"                Task deadline \u003d new Deadline(lineList[2], lineList[3]);","lastModifiedDate":"2023-04-22"},{"lineNumber":51,"author":{"gitId":"chuabrenda27"},"content":"                if (lineList[1].equals(\"1\")) {","lastModifiedDate":"2023-04-22"},{"lineNumber":52,"author":{"gitId":"chuabrenda27"},"content":"                    deadline.markAsDone();","lastModifiedDate":"2023-04-22"},{"lineNumber":53,"author":{"gitId":"chuabrenda27"},"content":"                } else {","lastModifiedDate":"2023-04-22"},{"lineNumber":54,"author":{"gitId":"chuabrenda27"},"content":"                    deadline.markAsNotDone();","lastModifiedDate":"2023-04-22"},{"lineNumber":55,"author":{"gitId":"chuabrenda27"},"content":"                }","lastModifiedDate":"2023-04-22"},{"lineNumber":56,"author":{"gitId":"chuabrenda27"},"content":"","lastModifiedDate":"2023-04-22"},{"lineNumber":57,"author":{"gitId":"chuabrenda27"},"content":"                if (lineList[4].equals(\"P\")) {","lastModifiedDate":"2023-04-22"},{"lineNumber":58,"author":{"gitId":"chuabrenda27"},"content":"                    deadline.setPriority(true);","lastModifiedDate":"2023-04-22"},{"lineNumber":59,"author":{"gitId":"chuabrenda27"},"content":"                } else {","lastModifiedDate":"2023-04-22"},{"lineNumber":60,"author":{"gitId":"chuabrenda27"},"content":"                    deadline.setPriority(false);","lastModifiedDate":"2023-04-22"},{"lineNumber":61,"author":{"gitId":"chuabrenda27"},"content":"                }","lastModifiedDate":"2023-04-22"},{"lineNumber":62,"author":{"gitId":"chuabrenda27"},"content":"                taskList.add(deadline);","lastModifiedDate":"2023-04-22"},{"lineNumber":63,"author":{"gitId":"chuabrenda27"},"content":"            } else if (lineList[0].equals(\"E\")) {","lastModifiedDate":"2023-04-22"},{"lineNumber":64,"author":{"gitId":"chuabrenda27"},"content":"                Task event \u003d new Event(lineList[2], lineList[3]);","lastModifiedDate":"2023-04-22"},{"lineNumber":65,"author":{"gitId":"chuabrenda27"},"content":"                if (lineList[1].equals(\"1\")) {","lastModifiedDate":"2023-04-22"},{"lineNumber":66,"author":{"gitId":"chuabrenda27"},"content":"                    event.markAsDone();","lastModifiedDate":"2023-04-22"},{"lineNumber":67,"author":{"gitId":"chuabrenda27"},"content":"                } else {","lastModifiedDate":"2023-04-22"},{"lineNumber":68,"author":{"gitId":"chuabrenda27"},"content":"                    event.markAsNotDone();","lastModifiedDate":"2023-04-22"},{"lineNumber":69,"author":{"gitId":"chuabrenda27"},"content":"                }","lastModifiedDate":"2023-04-22"},{"lineNumber":70,"author":{"gitId":"chuabrenda27"},"content":"","lastModifiedDate":"2023-04-22"},{"lineNumber":71,"author":{"gitId":"chuabrenda27"},"content":"                if (lineList[4].equals(\"P\")) {","lastModifiedDate":"2023-04-22"},{"lineNumber":72,"author":{"gitId":"chuabrenda27"},"content":"                    event.setPriority(true);","lastModifiedDate":"2023-04-22"},{"lineNumber":73,"author":{"gitId":"chuabrenda27"},"content":"                } else {","lastModifiedDate":"2023-04-22"},{"lineNumber":74,"author":{"gitId":"chuabrenda27"},"content":"                    event.setPriority(false);","lastModifiedDate":"2023-04-22"},{"lineNumber":75,"author":{"gitId":"chuabrenda27"},"content":"                }","lastModifiedDate":"2023-04-22"},{"lineNumber":76,"author":{"gitId":"chuabrenda27"},"content":"                taskList.add(event);","lastModifiedDate":"2023-04-22"},{"lineNumber":77,"author":{"gitId":"chuabrenda27"},"content":"            }","lastModifiedDate":"2023-04-22"},{"lineNumber":78,"author":{"gitId":"chuabrenda27"},"content":"        }","lastModifiedDate":"2023-04-22"},{"lineNumber":79,"author":{"gitId":"chuabrenda27"},"content":"        myReader.close();","lastModifiedDate":"2023-04-22"},{"lineNumber":80,"author":{"gitId":"chuabrenda27"},"content":"","lastModifiedDate":"2023-04-22"},{"lineNumber":81,"author":{"gitId":"chuabrenda27"},"content":"        return taskList;","lastModifiedDate":"2023-04-22"},{"lineNumber":82,"author":{"gitId":"chuabrenda27"},"content":"    }","lastModifiedDate":"2023-04-22"},{"lineNumber":83,"author":{"gitId":"chuabrenda27"},"content":"","lastModifiedDate":"2023-04-22"},{"lineNumber":84,"author":{"gitId":"chuabrenda27"},"content":"    public File getFile() {","lastModifiedDate":"2023-04-22"},{"lineNumber":85,"author":{"gitId":"chuabrenda27"},"content":"        return file;","lastModifiedDate":"2023-04-22"},{"lineNumber":86,"author":{"gitId":"chuabrenda27"},"content":"    }","lastModifiedDate":"2023-04-22"},{"lineNumber":87,"author":{"gitId":"chuabrenda27"},"content":"","lastModifiedDate":"2023-04-22"},{"lineNumber":88,"author":{"gitId":"chuabrenda27"},"content":"    public void setFile(File file) {","lastModifiedDate":"2023-04-22"},{"lineNumber":89,"author":{"gitId":"chuabrenda27"},"content":"        this.file \u003d file;","lastModifiedDate":"2023-04-22"},{"lineNumber":90,"author":{"gitId":"chuabrenda27"},"content":"    }","lastModifiedDate":"2023-04-22"},{"lineNumber":91,"author":{"gitId":"chuabrenda27"},"content":"}","lastModifiedDate":"2023-04-22"}],"authorContributionMap":{"chuabrenda27":91}},{"path":"src/Duke/task/Task.java","fileType":"java","lines":[{"lineNumber":1,"author":{"gitId":"chuabrenda27"},"content":"package Duke.task;","lastModifiedDate":"2023-04-22"},{"lineNumber":2,"author":{"gitId":"chuabrenda27"},"content":"","lastModifiedDate":"2023-04-22"},{"lineNumber":3,"author":{"gitId":"chuabrenda27"},"content":"public abstract class Task {","lastModifiedDate":"2023-04-22"},{"lineNumber":4,"author":{"gitId":"chuabrenda27"},"content":"    protected String description;","lastModifiedDate":"2023-04-22"},{"lineNumber":5,"author":{"gitId":"chuabrenda27"},"content":"    protected boolean isDone;","lastModifiedDate":"2023-04-22"},{"lineNumber":6,"author":{"gitId":"chuabrenda27"},"content":"    protected boolean isPriority;","lastModifiedDate":"2023-04-22"},{"lineNumber":7,"author":{"gitId":"chuabrenda27"},"content":"","lastModifiedDate":"2023-04-22"},{"lineNumber":8,"author":{"gitId":"chuabrenda27"},"content":"    public Task(String description) {","lastModifiedDate":"2023-04-22"},{"lineNumber":9,"author":{"gitId":"chuabrenda27"},"content":"        this.description \u003d description;","lastModifiedDate":"2023-04-22"},{"lineNumber":10,"author":{"gitId":"chuabrenda27"},"content":"        this.isDone \u003d false;","lastModifiedDate":"2023-04-22"},{"lineNumber":11,"author":{"gitId":"chuabrenda27"},"content":"    }","lastModifiedDate":"2023-04-22"},{"lineNumber":12,"author":{"gitId":"chuabrenda27"},"content":"    public String getIsDone() {","lastModifiedDate":"2023-04-22"},{"lineNumber":13,"author":{"gitId":"chuabrenda27"},"content":"        return (isDone ? \"X\" : \" \"); ","lastModifiedDate":"2023-04-22"},{"lineNumber":14,"author":{"gitId":"chuabrenda27"},"content":"    }","lastModifiedDate":"2023-04-22"},{"lineNumber":15,"author":{"gitId":"chuabrenda27"},"content":"    public void markAsDone() {","lastModifiedDate":"2023-04-22"},{"lineNumber":16,"author":{"gitId":"chuabrenda27"},"content":"        this.isDone \u003d true;","lastModifiedDate":"2023-04-22"},{"lineNumber":17,"author":{"gitId":"chuabrenda27"},"content":"    }","lastModifiedDate":"2023-04-22"},{"lineNumber":18,"author":{"gitId":"chuabrenda27"},"content":"    public void markAsNotDone() {","lastModifiedDate":"2023-04-22"},{"lineNumber":19,"author":{"gitId":"chuabrenda27"},"content":"        this.isDone \u003d false;","lastModifiedDate":"2023-04-22"},{"lineNumber":20,"author":{"gitId":"chuabrenda27"},"content":"    }","lastModifiedDate":"2023-04-22"},{"lineNumber":21,"author":{"gitId":"chuabrenda27"},"content":"    public String getDescription() {","lastModifiedDate":"2023-04-22"},{"lineNumber":22,"author":{"gitId":"chuabrenda27"},"content":"        return description;","lastModifiedDate":"2023-04-22"},{"lineNumber":23,"author":{"gitId":"chuabrenda27"},"content":"    }","lastModifiedDate":"2023-04-22"},{"lineNumber":24,"author":{"gitId":"chuabrenda27"},"content":"    public void setDescription(String description) {","lastModifiedDate":"2023-04-22"},{"lineNumber":25,"author":{"gitId":"chuabrenda27"},"content":"        this.description \u003d description;","lastModifiedDate":"2023-04-22"},{"lineNumber":26,"author":{"gitId":"chuabrenda27"},"content":"    }","lastModifiedDate":"2023-04-22"},{"lineNumber":27,"author":{"gitId":"chuabrenda27"},"content":"    public boolean isDone() {","lastModifiedDate":"2023-04-22"},{"lineNumber":28,"author":{"gitId":"chuabrenda27"},"content":"        return isDone;","lastModifiedDate":"2023-04-22"},{"lineNumber":29,"author":{"gitId":"chuabrenda27"},"content":"    }","lastModifiedDate":"2023-04-22"},{"lineNumber":30,"author":{"gitId":"chuabrenda27"},"content":"    public void setDone(boolean done) {","lastModifiedDate":"2023-04-22"},{"lineNumber":31,"author":{"gitId":"chuabrenda27"},"content":"        isDone \u003d done;","lastModifiedDate":"2023-04-22"},{"lineNumber":32,"author":{"gitId":"chuabrenda27"},"content":"    }","lastModifiedDate":"2023-04-22"},{"lineNumber":33,"author":{"gitId":"chuabrenda27"},"content":"    public boolean isPriority() {","lastModifiedDate":"2023-04-22"},{"lineNumber":34,"author":{"gitId":"chuabrenda27"},"content":"        return isPriority;","lastModifiedDate":"2023-04-22"},{"lineNumber":35,"author":{"gitId":"chuabrenda27"},"content":"    }","lastModifiedDate":"2023-04-22"},{"lineNumber":36,"author":{"gitId":"chuabrenda27"},"content":"    public void setPriority(boolean priority) {","lastModifiedDate":"2023-04-22"},{"lineNumber":37,"author":{"gitId":"chuabrenda27"},"content":"        isPriority \u003d priority;","lastModifiedDate":"2023-04-22"},{"lineNumber":38,"author":{"gitId":"chuabrenda27"},"content":"    }","lastModifiedDate":"2023-04-22"},{"lineNumber":39,"author":{"gitId":"chuabrenda27"},"content":"    public String toString() {","lastModifiedDate":"2023-04-22"},{"lineNumber":40,"author":{"gitId":"chuabrenda27"},"content":"        String isPriority \u003d \"\";","lastModifiedDate":"2023-04-22"},{"lineNumber":41,"author":{"gitId":"chuabrenda27"},"content":"        if (this.isPriority) {","lastModifiedDate":"2023-04-22"},{"lineNumber":42,"author":{"gitId":"chuabrenda27"},"content":"            isPriority \u003d \"High Priority!!\";","lastModifiedDate":"2023-04-22"},{"lineNumber":43,"author":{"gitId":"chuabrenda27"},"content":"        }","lastModifiedDate":"2023-04-22"},{"lineNumber":44,"author":{"gitId":"chuabrenda27"},"content":"        return \"[\"+getIsDone()+\"] \" + getDescription() + isPriority;","lastModifiedDate":"2023-04-22"},{"lineNumber":45,"author":{"gitId":"chuabrenda27"},"content":"    }","lastModifiedDate":"2023-04-22"},{"lineNumber":46,"author":{"gitId":"chuabrenda27"},"content":"","lastModifiedDate":"2023-04-22"},{"lineNumber":47,"author":{"gitId":"chuabrenda27"},"content":"    public abstract String toFileString();","lastModifiedDate":"2023-04-22"},{"lineNumber":48,"author":{"gitId":"chuabrenda27"},"content":"}","lastModifiedDate":"2023-04-22"}],"authorContributionMap":{"chuabrenda27":48}},{"path":"src/Duke/tasklist/Tasklist.java","fileType":"java","lines":[{"lineNumber":1,"author":{"gitId":"chuabrenda27"},"content":"package Duke.tasklist;","lastModifiedDate":"2023-04-22"},{"lineNumber":2,"author":{"gitId":"chuabrenda27"},"content":"","lastModifiedDate":"2023-04-22"},{"lineNumber":3,"author":{"gitId":"chuabrenda27"},"content":"import Duke.task.Task;","lastModifiedDate":"2023-04-22"},{"lineNumber":4,"author":{"gitId":"chuabrenda27"},"content":"import java.util.List;","lastModifiedDate":"2023-04-22"},{"lineNumber":5,"author":{"gitId":"chuabrenda27"},"content":"","lastModifiedDate":"2023-04-22"},{"lineNumber":6,"author":{"gitId":"chuabrenda27"},"content":"public class Tasklist {","lastModifiedDate":"2023-04-22"},{"lineNumber":7,"author":{"gitId":"chuabrenda27"},"content":"    protected List\u003cTask\u003e tasks;","lastModifiedDate":"2023-04-22"},{"lineNumber":8,"author":{"gitId":"chuabrenda27"},"content":"","lastModifiedDate":"2023-04-22"},{"lineNumber":9,"author":{"gitId":"chuabrenda27"},"content":"    public Tasklist() {","lastModifiedDate":"2023-04-22"},{"lineNumber":10,"author":{"gitId":"chuabrenda27"},"content":"    }","lastModifiedDate":"2023-04-22"},{"lineNumber":11,"author":{"gitId":"chuabrenda27"},"content":"    public Tasklist(List\u003cTask\u003e tasks) {","lastModifiedDate":"2023-04-22"},{"lineNumber":12,"author":{"gitId":"chuabrenda27"},"content":"","lastModifiedDate":"2023-04-22"},{"lineNumber":13,"author":{"gitId":"chuabrenda27"},"content":"        this.tasks \u003d tasks;","lastModifiedDate":"2023-04-22"},{"lineNumber":14,"author":{"gitId":"chuabrenda27"},"content":"    }","lastModifiedDate":"2023-04-22"},{"lineNumber":15,"author":{"gitId":"chuabrenda27"},"content":"    public List\u003cTask\u003e getTasks() {","lastModifiedDate":"2023-04-22"},{"lineNumber":16,"author":{"gitId":"chuabrenda27"},"content":"","lastModifiedDate":"2023-04-22"},{"lineNumber":17,"author":{"gitId":"chuabrenda27"},"content":"        return tasks;","lastModifiedDate":"2023-04-22"},{"lineNumber":18,"author":{"gitId":"chuabrenda27"},"content":"    }","lastModifiedDate":"2023-04-22"},{"lineNumber":19,"author":{"gitId":"chuabrenda27"},"content":"    public void setTasks(List\u003cTask\u003e tasks) {","lastModifiedDate":"2023-04-22"},{"lineNumber":20,"author":{"gitId":"chuabrenda27"},"content":"","lastModifiedDate":"2023-04-22"},{"lineNumber":21,"author":{"gitId":"chuabrenda27"},"content":"        this.tasks \u003d tasks;","lastModifiedDate":"2023-04-22"},{"lineNumber":22,"author":{"gitId":"chuabrenda27"},"content":"    }","lastModifiedDate":"2023-04-22"},{"lineNumber":23,"author":{"gitId":"chuabrenda27"},"content":"    public void addTasks(Task t) {","lastModifiedDate":"2023-04-22"},{"lineNumber":24,"author":{"gitId":"chuabrenda27"},"content":"        tasks.add(t);","lastModifiedDate":"2023-04-22"},{"lineNumber":25,"author":{"gitId":"chuabrenda27"},"content":"    }","lastModifiedDate":"2023-04-22"},{"lineNumber":26,"author":{"gitId":"chuabrenda27"},"content":"}","lastModifiedDate":"2023-04-22"}],"authorContributionMap":{"chuabrenda27":26}},{"path":"src/Duke/todo/ToDo.java","fileType":"java","lines":[{"lineNumber":1,"author":{"gitId":"chuabrenda27"},"content":"package Duke.todo;","lastModifiedDate":"2023-04-22"},{"lineNumber":2,"author":{"gitId":"chuabrenda27"},"content":"","lastModifiedDate":"2023-04-22"},{"lineNumber":3,"author":{"gitId":"chuabrenda27"},"content":"import Duke.task.Task;","lastModifiedDate":"2023-04-22"},{"lineNumber":4,"author":{"gitId":"chuabrenda27"},"content":"","lastModifiedDate":"2023-04-22"},{"lineNumber":5,"author":{"gitId":"chuabrenda27"},"content":"public class ToDo extends Task {","lastModifiedDate":"2023-04-22"},{"lineNumber":6,"author":{"gitId":"chuabrenda27"},"content":"","lastModifiedDate":"2023-04-22"},{"lineNumber":7,"author":{"gitId":"chuabrenda27"},"content":"    public ToDo(String description) {","lastModifiedDate":"2023-04-22"},{"lineNumber":8,"author":{"gitId":"chuabrenda27"},"content":"        super(description);","lastModifiedDate":"2023-04-22"},{"lineNumber":9,"author":{"gitId":"chuabrenda27"},"content":"    }","lastModifiedDate":"2023-04-22"},{"lineNumber":10,"author":{"gitId":"chuabrenda27"},"content":"","lastModifiedDate":"2023-04-22"},{"lineNumber":11,"author":{"gitId":"chuabrenda27"},"content":"    @Override","lastModifiedDate":"2023-04-22"},{"lineNumber":12,"author":{"gitId":"chuabrenda27"},"content":"    public String toString() {","lastModifiedDate":"2023-04-22"},{"lineNumber":13,"author":{"gitId":"chuabrenda27"},"content":"        return \"[T]\" + super.toString();","lastModifiedDate":"2023-04-22"},{"lineNumber":14,"author":{"gitId":"chuabrenda27"},"content":"    }","lastModifiedDate":"2023-04-22"},{"lineNumber":15,"author":{"gitId":"chuabrenda27"},"content":"","lastModifiedDate":"2023-04-22"},{"lineNumber":16,"author":{"gitId":"chuabrenda27"},"content":"    @Override","lastModifiedDate":"2023-04-22"},{"lineNumber":17,"author":{"gitId":"chuabrenda27"},"content":"    public String toFileString() {","lastModifiedDate":"2023-04-22"},{"lineNumber":18,"author":{"gitId":"chuabrenda27"},"content":"        int markAsDone \u003d super.isDone() ? 1 : 0;","lastModifiedDate":"2023-04-22"},{"lineNumber":19,"author":{"gitId":"chuabrenda27"},"content":"        char isPriority \u003d super.isPriority() ? \u0027P\u0027 : \u0027N\u0027;","lastModifiedDate":"2023-04-22"},{"lineNumber":20,"author":{"gitId":"chuabrenda27"},"content":"        return \"T|\" + markAsDone + \"|\" + super.getDescription() + \"|\" + isPriority;","lastModifiedDate":"2023-04-22"},{"lineNumber":21,"author":{"gitId":"chuabrenda27"},"content":"    }","lastModifiedDate":"2023-04-22"},{"lineNumber":22,"author":{"gitId":"chuabrenda27"},"content":"}","lastModifiedDate":"2023-04-22"}],"authorContributionMap":{"chuabrenda27":22}},{"path":"src/Duke/ui/UI.java","fileType":"java","lines":[{"lineNumber":1,"author":{"gitId":"chuabrenda27"},"content":"package Duke.ui;","lastModifiedDate":"2023-04-22"},{"lineNumber":2,"author":{"gitId":"chuabrenda27"},"content":"","lastModifiedDate":"2023-04-22"},{"lineNumber":3,"author":{"gitId":"chuabrenda27"},"content":"import java.util.Scanner;","lastModifiedDate":"2023-04-22"},{"lineNumber":4,"author":{"gitId":"chuabrenda27"},"content":"","lastModifiedDate":"2023-04-22"},{"lineNumber":5,"author":{"gitId":"chuabrenda27"},"content":"public class UI {","lastModifiedDate":"2023-04-22"},{"lineNumber":6,"author":{"gitId":"chuabrenda27"},"content":"","lastModifiedDate":"2023-04-22"},{"lineNumber":7,"author":{"gitId":"chuabrenda27"},"content":"    private String logo \u003d \" ____        _        \\n\"","lastModifiedDate":"2023-04-22"},{"lineNumber":8,"author":{"gitId":"chuabrenda27"},"content":"            + \"|  _ \\\\ _   _| | _____ \\n\"","lastModifiedDate":"2023-04-22"},{"lineNumber":9,"author":{"gitId":"chuabrenda27"},"content":"            + \"| | | | | | | |/ / _ \\\\\\n\"","lastModifiedDate":"2023-04-22"},{"lineNumber":10,"author":{"gitId":"chuabrenda27"},"content":"            + \"| |_| | |_| |   \u003c  __/\\n\"","lastModifiedDate":"2023-04-22"},{"lineNumber":11,"author":{"gitId":"chuabrenda27"},"content":"            + \"|____/ \\\\__,_|_|\\\\_\\\\___|\\n\";","lastModifiedDate":"2023-04-22"},{"lineNumber":12,"author":{"gitId":"chuabrenda27"},"content":"","lastModifiedDate":"2023-04-22"},{"lineNumber":13,"author":{"gitId":"chuabrenda27"},"content":"    private String commandlist \u003d \"Here are the commands you can type: \\n\"","lastModifiedDate":"2023-04-22"},{"lineNumber":14,"author":{"gitId":"chuabrenda27"},"content":"            + \"1. Add Todo Task [e.g. todo read a book]\\n\"","lastModifiedDate":"2023-04-22"},{"lineNumber":15,"author":{"gitId":"chuabrenda27"},"content":"            + \"2. Add Deadline Task [e.g. deadline submit project /by 11 March 2022 2359]\\n\"","lastModifiedDate":"2023-04-22"},{"lineNumber":16,"author":{"gitId":"chuabrenda27"},"content":"            + \"3. Add Event [e.g. event attend class /at 2 March 2022 7pm]\\n\"","lastModifiedDate":"2023-04-22"},{"lineNumber":17,"author":{"gitId":"chuabrenda27"},"content":"            + \"4. To check what is in the list [e.g. list]\\n\"","lastModifiedDate":"2023-04-22"},{"lineNumber":18,"author":{"gitId":"chuabrenda27"},"content":"            + \"5. To mark task as done [e.g. mark 1]\\n\"","lastModifiedDate":"2023-04-22"},{"lineNumber":19,"author":{"gitId":"chuabrenda27"},"content":"            + \"6. To unmark task as done [e.g. unmark 1]\\n\"","lastModifiedDate":"2023-04-22"},{"lineNumber":20,"author":{"gitId":"chuabrenda27"},"content":"            + \"7. Set Priority for task [e.g. priority 1]\\n\"","lastModifiedDate":"2023-04-22"},{"lineNumber":21,"author":{"gitId":"chuabrenda27"},"content":"            + \"8. Remove Priority for task [e.g. remove-priority 1]\\n\"","lastModifiedDate":"2023-04-22"},{"lineNumber":22,"author":{"gitId":"chuabrenda27"},"content":"            + \"9. To save list [e.g. save]\\n\"","lastModifiedDate":"2023-04-22"},{"lineNumber":23,"author":{"gitId":"chuabrenda27"},"content":"            + \"10. To delete task [e.g. delete 1]\\n\"","lastModifiedDate":"2023-04-22"},{"lineNumber":24,"author":{"gitId":"chuabrenda27"},"content":"            + \"11. To end program [e.g. bye]\\n\";;","lastModifiedDate":"2023-04-22"},{"lineNumber":25,"author":{"gitId":"chuabrenda27"},"content":"","lastModifiedDate":"2023-04-22"},{"lineNumber":26,"author":{"gitId":"chuabrenda27"},"content":"    public void showWelcome() {","lastModifiedDate":"2023-04-22"},{"lineNumber":27,"author":{"gitId":"chuabrenda27"},"content":"        System.out.println(\"Hello from\\n\" + logo);","lastModifiedDate":"2023-04-22"},{"lineNumber":28,"author":{"gitId":"chuabrenda27"},"content":"        System.out.println(\"________________________________\\n\");","lastModifiedDate":"2023-04-22"},{"lineNumber":29,"author":{"gitId":"chuabrenda27"},"content":"        System.out.println(\"Hello I\u0027m Duke\\nWhat can I help you with?\");","lastModifiedDate":"2023-04-22"},{"lineNumber":30,"author":{"gitId":"chuabrenda27"},"content":"        System.out.println(\"________________________________\\n\");","lastModifiedDate":"2023-04-22"},{"lineNumber":31,"author":{"gitId":"chuabrenda27"},"content":"        System.out.println(commandlist);","lastModifiedDate":"2023-04-22"},{"lineNumber":32,"author":{"gitId":"chuabrenda27"},"content":"    }","lastModifiedDate":"2023-04-22"},{"lineNumber":33,"author":{"gitId":"chuabrenda27"},"content":"","lastModifiedDate":"2023-04-22"},{"lineNumber":34,"author":{"gitId":"chuabrenda27"},"content":"    public void showLine() {","lastModifiedDate":"2023-04-22"},{"lineNumber":35,"author":{"gitId":"chuabrenda27"},"content":"        System.out.println(\"________________________________\");","lastModifiedDate":"2023-04-22"},{"lineNumber":36,"author":{"gitId":"chuabrenda27"},"content":"    }","lastModifiedDate":"2023-04-22"},{"lineNumber":37,"author":{"gitId":"chuabrenda27"},"content":"","lastModifiedDate":"2023-04-22"},{"lineNumber":38,"author":{"gitId":"chuabrenda27"},"content":"    public String readCommand() {","lastModifiedDate":"2023-04-22"},{"lineNumber":39,"author":{"gitId":"chuabrenda27"},"content":"        System.out.println(\"Insert Command here: \");","lastModifiedDate":"2023-04-22"},{"lineNumber":40,"author":{"gitId":"chuabrenda27"},"content":"        Scanner in \u003d new Scanner(System.in);","lastModifiedDate":"2023-04-22"},{"lineNumber":41,"author":{"gitId":"chuabrenda27"},"content":"        String command;","lastModifiedDate":"2023-04-22"},{"lineNumber":42,"author":{"gitId":"chuabrenda27"},"content":"        command \u003d in.nextLine();","lastModifiedDate":"2023-04-22"},{"lineNumber":43,"author":{"gitId":"chuabrenda27"},"content":"","lastModifiedDate":"2023-04-22"},{"lineNumber":44,"author":{"gitId":"chuabrenda27"},"content":"        return command;","lastModifiedDate":"2023-04-22"},{"lineNumber":45,"author":{"gitId":"chuabrenda27"},"content":"    }","lastModifiedDate":"2023-04-22"},{"lineNumber":46,"author":{"gitId":"chuabrenda27"},"content":"","lastModifiedDate":"2023-04-22"},{"lineNumber":47,"author":{"gitId":"chuabrenda27"},"content":"    public void showError(String errorMsg) {","lastModifiedDate":"2023-04-22"},{"lineNumber":48,"author":{"gitId":"chuabrenda27"},"content":"        System.err.println(\"Please try again!\");","lastModifiedDate":"2023-04-22"},{"lineNumber":49,"author":{"gitId":"chuabrenda27"},"content":"    }","lastModifiedDate":"2023-04-22"},{"lineNumber":50,"author":{"gitId":"chuabrenda27"},"content":"","lastModifiedDate":"2023-04-22"},{"lineNumber":51,"author":{"gitId":"chuabrenda27"},"content":"    public void showLoadingError() {","lastModifiedDate":"2023-04-22"},{"lineNumber":52,"author":{"gitId":"chuabrenda27"},"content":"        System.err.println(\"Please try again\");","lastModifiedDate":"2023-04-22"},{"lineNumber":53,"author":{"gitId":"chuabrenda27"},"content":"    }","lastModifiedDate":"2023-04-22"},{"lineNumber":54,"author":{"gitId":"chuabrenda27"},"content":"}","lastModifiedDate":"2023-04-22"}],"authorContributionMap":{"chuabrenda27":54}}]
