{"authorDailyContributionsMap":{"chuabrenda27":[{"date":"2023-04-22","commitResults":[{"hash":"c4c27fc801384064cd9986a2ada0bae636a9b0f4","isMergeCommit":false,"messageTitle":"Final code for Project","messageBody":"","fileTypesAndContributionMap":{"txt":{"insertions":4,"deletions":0},"java":{"insertions":664,"deletions":0}}}]}]},"authorFileTypeContributionMap":{"chuabrenda27":{"java":664,"md":0,"fxml":0,"sh":0,"bat":0,"gradle":0,"txt":4}},"authorContributionVariance":{"chuabrenda27":4249.359},"authorDisplayNameMap":{"chuabrenda27":"CHUA..ENDA"}}
