{"authorDailyContributionsMap":{"chuabrenda27":[{"date":"2023-01-25","commitResults":[{"hash":"4a10043019019433f7741a569d37c01cfad9393d","messageTitle":"Testing Commit","messageBody":"","fileTypesAndContributionMap":{"java":{"insertions":1,"deletions":0}}},{"hash":"98f2496e59e4960fbd769535e1fbdb46dca4af10","messageTitle":"Week 3 - Level 1","messageBody":"","fileTypesAndContributionMap":{"java":{"insertions":28,"deletions":2}}}]},{"date":"2023-01-26","commitResults":[{"hash":"dfaab096bd78421a0cbde684741c5e23bd563288","messageTitle":"Week 3 - Level 2","messageBody":"","fileTypesAndContributionMap":{"java":{"insertions":38,"deletions":21}}}]},{"date":"2023-02-08","commitResults":[{"hash":"c5e9ebe4524e47cb7526e3e2d5cba72678c2ec36","messageTitle":"Level 3 - Mark as Done","messageBody":"","fileTypesAndContributionMap":{"java":{"insertions":46,"deletions":16}}},{"hash":"b03d0dcd3f970997fe79b27df0b8aeb933b023da","messageTitle":"Level 3 - Mark as Done","messageBody":"","fileTypesAndContributionMap":{"java":{"insertions":53,"deletions":45}}}]}]},"authorFileTypeContributionMap":{"chuabrenda27":{"java":81,"md":0,"fxml":0,"sh":0,"bat":0,"gradle":0,"txt":0}},"authorContributionVariance":{"chuabrenda27":904.0605},"authorDisplayNameMap":{"chuabrenda27":"CHUA..ENDA"}}
