[{"path":"data/src/Main.java","fileType":"java","lines":[{"lineNumber":1,"author":{"gitId":"yuhanyuhan"},"content":"public class Main {","lastModifiedDate":"2023-04-14"},{"lineNumber":2,"author":{"gitId":"yuhanyuhan"},"content":"    public static void main(String[] args) {","lastModifiedDate":"2023-04-14"},{"lineNumber":3,"author":{"gitId":"yuhanyuhan"},"content":"        System.out.println(\"Hello world!\");","lastModifiedDate":"2023-04-14"},{"lineNumber":4,"author":{"gitId":"yuhanyuhan"},"content":"    }","lastModifiedDate":"2023-04-14"},{"lineNumber":5,"author":{"gitId":"yuhanyuhan"},"content":"}","lastModifiedDate":"2023-04-14"}],"authorContributionMap":{"yuhanyuhan":5}},{"path":"src/main/java/Deadline.java","fileType":"java","lines":[{"lineNumber":1,"author":{"gitId":"yuhanyuhan"},"content":"public class Deadline extends Task {","lastModifiedDate":"2023-04-10"},{"lineNumber":2,"author":{"gitId":"yuhanyuhan"},"content":"","lastModifiedDate":"2023-04-10"},{"lineNumber":3,"author":{"gitId":"yuhanyuhan"},"content":"    protected String by;","lastModifiedDate":"2023-04-10"},{"lineNumber":4,"author":{"gitId":"yuhanyuhan"},"content":"","lastModifiedDate":"2023-04-10"},{"lineNumber":5,"author":{"gitId":"yuhanyuhan"},"content":"    public Deadline(String description, String by) {","lastModifiedDate":"2023-04-10"},{"lineNumber":6,"author":{"gitId":"yuhanyuhan"},"content":"        super(description);","lastModifiedDate":"2023-04-10"},{"lineNumber":7,"author":{"gitId":"yuhanyuhan"},"content":"        this.by \u003d by;","lastModifiedDate":"2023-04-10"},{"lineNumber":8,"author":{"gitId":"yuhanyuhan"},"content":"    }","lastModifiedDate":"2023-04-10"},{"lineNumber":9,"author":{"gitId":"yuhanyuhan"},"content":"","lastModifiedDate":"2023-04-10"},{"lineNumber":10,"author":{"gitId":"yuhanyuhan"},"content":"    @Override","lastModifiedDate":"2023-04-10"},{"lineNumber":11,"author":{"gitId":"yuhanyuhan"},"content":"    public String toString() {","lastModifiedDate":"2023-04-10"},{"lineNumber":12,"author":{"gitId":"yuhanyuhan"},"content":"        return \"[D]\" + getDescription() + \" (by: \" + by + \")\";","lastModifiedDate":"2023-04-11"},{"lineNumber":13,"author":{"gitId":"yuhanyuhan"},"content":"    }","lastModifiedDate":"2023-04-10"},{"lineNumber":14,"author":{"gitId":"yuhanyuhan"},"content":"}","lastModifiedDate":"2023-04-10"}],"authorContributionMap":{"yuhanyuhan":14}},{"path":"src/main/java/Duke.java","fileType":"java","lines":[{"lineNumber":1,"author":{"gitId":"yuhanyuhan"},"content":"import java.io.FileNotFoundException;","lastModifiedDate":"2023-04-14"},{"lineNumber":2,"author":{"gitId":"yuhanyuhan"},"content":"","lastModifiedDate":"2023-04-14"},{"lineNumber":3,"author":{"gitId":"yuhanyuhan"},"content":"import java.util.ArrayList;","lastModifiedDate":"2023-02-19"},{"lineNumber":4,"author":{"gitId":"yuhanyuhan"},"content":"import java.util.Arrays;","lastModifiedDate":"2023-04-10"},{"lineNumber":5,"author":{"gitId":"yuhanyuhan"},"content":"import java.util.Scanner;","lastModifiedDate":"2023-02-19"},{"lineNumber":6,"author":{"gitId":"yuhanyuhan"},"content":"","lastModifiedDate":"2023-02-19"},{"lineNumber":7,"author":{"gitId":"-"},"content":"public class Duke {","lastModifiedDate":"2019-07-29"},{"lineNumber":8,"author":{"gitId":"-"},"content":"    public static void main(String[] args) {","lastModifiedDate":"2023-04-14"},{"lineNumber":9,"author":{"gitId":"yuhanyuhan"},"content":"        System.out.println(\"Hello! I\u0027m Duke\\n\" + \"What can I do for you?\");","lastModifiedDate":"2023-02-19"},{"lineNumber":10,"author":{"gitId":"yuhanyuhan"},"content":"","lastModifiedDate":"2023-04-14"},{"lineNumber":11,"author":{"gitId":"yuhanyuhan"},"content":"        ArrayList\u003cString\u003e current_task \u003d null;","lastModifiedDate":"2023-04-14"},{"lineNumber":12,"author":{"gitId":"yuhanyuhan"},"content":"        try {","lastModifiedDate":"2023-04-14"},{"lineNumber":13,"author":{"gitId":"yuhanyuhan"},"content":"            Storage storage \u003d new Storage();","lastModifiedDate":"2023-04-14"},{"lineNumber":14,"author":{"gitId":"yuhanyuhan"},"content":"            current_task \u003d storage.ReadFile(\"src/main/task.txt\");","lastModifiedDate":"2023-04-14"},{"lineNumber":15,"author":{"gitId":"yuhanyuhan"},"content":"        } catch (FileNotFoundException e) {","lastModifiedDate":"2023-04-14"},{"lineNumber":16,"author":{"gitId":"yuhanyuhan"},"content":"            e.printStackTrace();","lastModifiedDate":"2023-04-14"},{"lineNumber":17,"author":{"gitId":"yuhanyuhan"},"content":"        }","lastModifiedDate":"2023-04-14"},{"lineNumber":18,"author":{"gitId":"yuhanyuhan"},"content":"","lastModifiedDate":"2023-04-14"},{"lineNumber":19,"author":{"gitId":"yuhanyuhan"},"content":"        Scanner scanner \u003d new Scanner(System.in);","lastModifiedDate":"2023-02-19"},{"lineNumber":20,"author":{"gitId":"yuhanyuhan"},"content":"","lastModifiedDate":"2023-04-14"},{"lineNumber":21,"author":{"gitId":"yuhanyuhan"},"content":"        // create an array of task","lastModifiedDate":"2023-04-08"},{"lineNumber":22,"author":{"gitId":"yuhanyuhan"},"content":"        ArrayList\u003cTask\u003e list_of_task \u003d new ArrayList\u003cTask\u003e();","lastModifiedDate":"2023-04-08"},{"lineNumber":23,"author":{"gitId":"yuhanyuhan"},"content":"","lastModifiedDate":"2023-02-19"},{"lineNumber":24,"author":{"gitId":"yuhanyuhan"},"content":"        while (scanner.hasNext()) {","lastModifiedDate":"2023-02-19"},{"lineNumber":25,"author":{"gitId":"yuhanyuhan"},"content":"            String input \u003d scanner.nextLine();","lastModifiedDate":"2023-02-19"},{"lineNumber":26,"author":{"gitId":"yuhanyuhan"},"content":"            if (input.isEmpty()) continue;","lastModifiedDate":"2023-04-11"},{"lineNumber":27,"author":{"gitId":"yuhanyuhan"},"content":"            String[] strArr \u003d input.split(\" \");","lastModifiedDate":"2023-04-10"},{"lineNumber":28,"author":{"gitId":"yuhanyuhan"},"content":"","lastModifiedDate":"2023-04-08"},{"lineNumber":29,"author":{"gitId":"yuhanyuhan"},"content":"            try {","lastModifiedDate":"2023-04-12"},{"lineNumber":30,"author":{"gitId":"yuhanyuhan"},"content":"                if (!input.contains(\"list\")","lastModifiedDate":"2023-04-10"},{"lineNumber":31,"author":{"gitId":"yuhanyuhan"},"content":"                        \u0026\u0026 !input.contains(\"bye\")","lastModifiedDate":"2023-04-10"},{"lineNumber":32,"author":{"gitId":"yuhanyuhan"},"content":"                        \u0026\u0026 !input.contains(\"mark\")","lastModifiedDate":"2023-04-10"},{"lineNumber":33,"author":{"gitId":"yuhanyuhan"},"content":"                        \u0026\u0026 !input.contains(\"unmark\")","lastModifiedDate":"2023-04-10"},{"lineNumber":34,"author":{"gitId":"yuhanyuhan"},"content":"                        \u0026\u0026 !input.contains(\"delete\")","lastModifiedDate":"2023-04-12"},{"lineNumber":35,"author":{"gitId":"yuhanyuhan"},"content":"                        \u0026\u0026 !input.contains(\"todo\")","lastModifiedDate":"2023-04-10"},{"lineNumber":36,"author":{"gitId":"yuhanyuhan"},"content":"                        \u0026\u0026 !input.contains(\"deadline\")","lastModifiedDate":"2023-04-11"},{"lineNumber":37,"author":{"gitId":"yuhanyuhan"},"content":"                        \u0026\u0026 !input.contains(\"event\")","lastModifiedDate":"2023-04-11"},{"lineNumber":38,"author":{"gitId":"yuhanyuhan"},"content":"                ) {","lastModifiedDate":"2023-04-10"},{"lineNumber":39,"author":{"gitId":"yuhanyuhan"},"content":"                    throw new DukeException(\"☹ OOPS!!! I\u0027m sorry, but I don\u0027t know what that means :-(\");","lastModifiedDate":"2023-04-12"},{"lineNumber":40,"author":{"gitId":"yuhanyuhan"},"content":"                }","lastModifiedDate":"2023-04-12"},{"lineNumber":41,"author":{"gitId":"yuhanyuhan"},"content":"","lastModifiedDate":"2023-04-12"},{"lineNumber":42,"author":{"gitId":"yuhanyuhan"},"content":"                if ((strArr.length \u003d\u003d 1) \u0026\u0026 (strArr[0].contains(\"todo\"))) {","lastModifiedDate":"2023-04-12"},{"lineNumber":43,"author":{"gitId":"yuhanyuhan"},"content":"                    throw new DukeException(\"☹ OOPS!!! The description of a todo cannot be empty.\");","lastModifiedDate":"2023-04-12"},{"lineNumber":44,"author":{"gitId":"yuhanyuhan"},"content":"                }","lastModifiedDate":"2023-04-08"},{"lineNumber":45,"author":{"gitId":"yuhanyuhan"},"content":"","lastModifiedDate":"2023-04-08"},{"lineNumber":46,"author":{"gitId":"yuhanyuhan"},"content":"                if (input.matches(\"event(.*)\")) {","lastModifiedDate":"2023-04-11"},{"lineNumber":47,"author":{"gitId":"yuhanyuhan"},"content":"                    // find by/","lastModifiedDate":"2023-04-11"},{"lineNumber":48,"author":{"gitId":"yuhanyuhan"},"content":"                    int from \u003d 0, to \u003d 0;","lastModifiedDate":"2023-04-11"},{"lineNumber":49,"author":{"gitId":"yuhanyuhan"},"content":"                    String from_time \u003d \"/from\", to_time \u003d \"/to\";","lastModifiedDate":"2023-04-11"},{"lineNumber":50,"author":{"gitId":"yuhanyuhan"},"content":"","lastModifiedDate":"2023-04-11"},{"lineNumber":51,"author":{"gitId":"yuhanyuhan"},"content":"                    for (int i \u003d 0; i \u003c input.length(); i++) {","lastModifiedDate":"2023-04-11"},{"lineNumber":52,"author":{"gitId":"yuhanyuhan"},"content":"                        if (from_time.equals(strArr[i])) {","lastModifiedDate":"2023-04-11"},{"lineNumber":53,"author":{"gitId":"yuhanyuhan"},"content":"                            from \u003d i;","lastModifiedDate":"2023-04-11"},{"lineNumber":54,"author":{"gitId":"yuhanyuhan"},"content":"                            break;","lastModifiedDate":"2023-04-11"},{"lineNumber":55,"author":{"gitId":"yuhanyuhan"},"content":"                        }","lastModifiedDate":"2023-04-11"},{"lineNumber":56,"author":{"gitId":"yuhanyuhan"},"content":"                    }","lastModifiedDate":"2023-04-11"},{"lineNumber":57,"author":{"gitId":"yuhanyuhan"},"content":"","lastModifiedDate":"2023-04-11"},{"lineNumber":58,"author":{"gitId":"yuhanyuhan"},"content":"                    for (int j \u003d 0; j \u003c input.length(); j++) {","lastModifiedDate":"2023-04-11"},{"lineNumber":59,"author":{"gitId":"yuhanyuhan"},"content":"                        if (to_time.equals(strArr[j])) {","lastModifiedDate":"2023-04-11"},{"lineNumber":60,"author":{"gitId":"yuhanyuhan"},"content":"                            to \u003d j;","lastModifiedDate":"2023-04-11"},{"lineNumber":61,"author":{"gitId":"yuhanyuhan"},"content":"                            break;","lastModifiedDate":"2023-04-11"},{"lineNumber":62,"author":{"gitId":"yuhanyuhan"},"content":"                        }","lastModifiedDate":"2023-04-11"},{"lineNumber":63,"author":{"gitId":"yuhanyuhan"},"content":"                    }","lastModifiedDate":"2023-04-11"},{"lineNumber":64,"author":{"gitId":"yuhanyuhan"},"content":"","lastModifiedDate":"2023-04-11"},{"lineNumber":65,"author":{"gitId":"yuhanyuhan"},"content":"                    String[] taskArray \u003d Arrays.copyOfRange(strArr, 1, from);","lastModifiedDate":"2023-04-11"},{"lineNumber":66,"author":{"gitId":"yuhanyuhan"},"content":"                    String[] from_timingArray \u003d Arrays.copyOfRange(strArr, from + 1, to);","lastModifiedDate":"2023-04-11"},{"lineNumber":67,"author":{"gitId":"yuhanyuhan"},"content":"                    String[] to_timingArray \u003d Arrays.copyOfRange(strArr, to + 1, strArr.length);","lastModifiedDate":"2023-04-11"},{"lineNumber":68,"author":{"gitId":"yuhanyuhan"},"content":"","lastModifiedDate":"2023-04-11"},{"lineNumber":69,"author":{"gitId":"yuhanyuhan"},"content":"                    String task \u003d String.join(\" \", taskArray);","lastModifiedDate":"2023-04-11"},{"lineNumber":70,"author":{"gitId":"yuhanyuhan"},"content":"                    String from_timing \u003d String.join(\" \", from_timingArray);","lastModifiedDate":"2023-04-11"},{"lineNumber":71,"author":{"gitId":"yuhanyuhan"},"content":"                    String to_timing \u003d String.join(\" \", to_timingArray);","lastModifiedDate":"2023-04-11"},{"lineNumber":72,"author":{"gitId":"yuhanyuhan"},"content":"","lastModifiedDate":"2023-04-11"},{"lineNumber":73,"author":{"gitId":"yuhanyuhan"},"content":"                    Event event \u003d new Event(task, from_timing, to_timing);","lastModifiedDate":"2023-04-11"},{"lineNumber":74,"author":{"gitId":"yuhanyuhan"},"content":"","lastModifiedDate":"2023-04-15"},{"lineNumber":75,"author":{"gitId":"yuhanyuhan"},"content":"                    try {","lastModifiedDate":"2023-04-15"},{"lineNumber":76,"author":{"gitId":"yuhanyuhan"},"content":"                        Storage todo \u003d new Storage();","lastModifiedDate":"2023-04-15"},{"lineNumber":77,"author":{"gitId":"yuhanyuhan"},"content":"                        todo.WriteFile(event.toString());","lastModifiedDate":"2023-04-15"},{"lineNumber":78,"author":{"gitId":"yuhanyuhan"},"content":"                    } catch (Exception e) {","lastModifiedDate":"2023-04-15"},{"lineNumber":79,"author":{"gitId":"yuhanyuhan"},"content":"                        e.printStackTrace();","lastModifiedDate":"2023-04-15"},{"lineNumber":80,"author":{"gitId":"yuhanyuhan"},"content":"                    }","lastModifiedDate":"2023-04-15"},{"lineNumber":81,"author":{"gitId":"yuhanyuhan"},"content":"","lastModifiedDate":"2023-04-15"},{"lineNumber":82,"author":{"gitId":"yuhanyuhan"},"content":"                    list_of_task.add(event);","lastModifiedDate":"2023-04-11"},{"lineNumber":83,"author":{"gitId":"yuhanyuhan"},"content":"","lastModifiedDate":"2023-04-11"},{"lineNumber":84,"author":{"gitId":"yuhanyuhan"},"content":"                    System.out.println(\"Got it. I\u0027ve added this task:\\n\" + event.toString());","lastModifiedDate":"2023-04-11"},{"lineNumber":85,"author":{"gitId":"yuhanyuhan"},"content":"                    System.out.println(String.format(\"Now you have %s tasks in the list.\", current_task.size() + 1));","lastModifiedDate":"2023-04-15"},{"lineNumber":86,"author":{"gitId":"yuhanyuhan"},"content":"                }","lastModifiedDate":"2023-04-11"},{"lineNumber":87,"author":{"gitId":"yuhanyuhan"},"content":"","lastModifiedDate":"2023-04-11"},{"lineNumber":88,"author":{"gitId":"yuhanyuhan"},"content":"                if (input.matches(\"deadline(.*)\")) {","lastModifiedDate":"2023-04-11"},{"lineNumber":89,"author":{"gitId":"yuhanyuhan"},"content":"                    // find by/","lastModifiedDate":"2023-04-11"},{"lineNumber":90,"author":{"gitId":"yuhanyuhan"},"content":"                    int stop \u003d 0;","lastModifiedDate":"2023-04-11"},{"lineNumber":91,"author":{"gitId":"yuhanyuhan"},"content":"                    String found \u003d \"/by\";","lastModifiedDate":"2023-04-11"},{"lineNumber":92,"author":{"gitId":"yuhanyuhan"},"content":"","lastModifiedDate":"2023-04-11"},{"lineNumber":93,"author":{"gitId":"yuhanyuhan"},"content":"                    for (int i \u003d 0; i \u003c input.length(); i++) {","lastModifiedDate":"2023-04-11"},{"lineNumber":94,"author":{"gitId":"yuhanyuhan"},"content":"                        if (found.equals(strArr[i])) {","lastModifiedDate":"2023-04-11"},{"lineNumber":95,"author":{"gitId":"yuhanyuhan"},"content":"                            stop \u003d i;","lastModifiedDate":"2023-04-11"},{"lineNumber":96,"author":{"gitId":"yuhanyuhan"},"content":"                            break;","lastModifiedDate":"2023-04-11"},{"lineNumber":97,"author":{"gitId":"yuhanyuhan"},"content":"                        }","lastModifiedDate":"2023-04-11"},{"lineNumber":98,"author":{"gitId":"yuhanyuhan"},"content":"                    }","lastModifiedDate":"2023-04-11"},{"lineNumber":99,"author":{"gitId":"yuhanyuhan"},"content":"                    String[] taskArray \u003d Arrays.copyOfRange(strArr, 1, stop);","lastModifiedDate":"2023-04-11"},{"lineNumber":100,"author":{"gitId":"yuhanyuhan"},"content":"                    String[] timingArray \u003d Arrays.copyOfRange(strArr, stop + 1, strArr.length);","lastModifiedDate":"2023-04-11"},{"lineNumber":101,"author":{"gitId":"yuhanyuhan"},"content":"","lastModifiedDate":"2023-04-11"},{"lineNumber":102,"author":{"gitId":"yuhanyuhan"},"content":"                    String task \u003d String.join(\" \", taskArray);","lastModifiedDate":"2023-04-11"},{"lineNumber":103,"author":{"gitId":"yuhanyuhan"},"content":"                    String timing \u003d String.join(\" \", timingArray);","lastModifiedDate":"2023-04-11"},{"lineNumber":104,"author":{"gitId":"yuhanyuhan"},"content":"","lastModifiedDate":"2023-04-11"},{"lineNumber":105,"author":{"gitId":"yuhanyuhan"},"content":"                    Deadline deadline \u003d new Deadline(task, timing);","lastModifiedDate":"2023-04-11"},{"lineNumber":106,"author":{"gitId":"yuhanyuhan"},"content":"","lastModifiedDate":"2023-04-15"},{"lineNumber":107,"author":{"gitId":"yuhanyuhan"},"content":"                    try {","lastModifiedDate":"2023-04-15"},{"lineNumber":108,"author":{"gitId":"yuhanyuhan"},"content":"                        Storage todo \u003d new Storage();","lastModifiedDate":"2023-04-15"},{"lineNumber":109,"author":{"gitId":"yuhanyuhan"},"content":"                        todo.WriteFile(deadline.toString());","lastModifiedDate":"2023-04-15"},{"lineNumber":110,"author":{"gitId":"yuhanyuhan"},"content":"                    } catch (Exception e) {","lastModifiedDate":"2023-04-15"},{"lineNumber":111,"author":{"gitId":"yuhanyuhan"},"content":"                        e.printStackTrace();","lastModifiedDate":"2023-04-15"},{"lineNumber":112,"author":{"gitId":"yuhanyuhan"},"content":"                    }","lastModifiedDate":"2023-04-15"},{"lineNumber":113,"author":{"gitId":"yuhanyuhan"},"content":"","lastModifiedDate":"2023-04-15"},{"lineNumber":114,"author":{"gitId":"yuhanyuhan"},"content":"                    list_of_task.add(deadline);","lastModifiedDate":"2023-04-11"},{"lineNumber":115,"author":{"gitId":"yuhanyuhan"},"content":"                    System.out.println(\"Got it. I\u0027ve added this task:\\n\" + deadline.toString());","lastModifiedDate":"2023-04-11"},{"lineNumber":116,"author":{"gitId":"yuhanyuhan"},"content":"                    System.out.println(String.format(\"Now you have %s tasks in the list.\", current_task.size() + 1 ));","lastModifiedDate":"2023-04-15"},{"lineNumber":117,"author":{"gitId":"yuhanyuhan"},"content":"                }","lastModifiedDate":"2023-04-11"},{"lineNumber":118,"author":{"gitId":"yuhanyuhan"},"content":"","lastModifiedDate":"2023-04-11"},{"lineNumber":119,"author":{"gitId":"yuhanyuhan"},"content":"                if (input.matches(\"todo(.*)\")) {","lastModifiedDate":"2023-04-10"},{"lineNumber":120,"author":{"gitId":"yuhanyuhan"},"content":"","lastModifiedDate":"2023-04-14"},{"lineNumber":121,"author":{"gitId":"yuhanyuhan"},"content":"                    String[] modifiedArray \u003d Arrays.copyOfRange(strArr, 1, strArr.length);","lastModifiedDate":"2023-04-10"},{"lineNumber":122,"author":{"gitId":"yuhanyuhan"},"content":"                    String joinedString \u003d String.join(\" \", modifiedArray);","lastModifiedDate":"2023-04-10"},{"lineNumber":123,"author":{"gitId":"yuhanyuhan"},"content":"","lastModifiedDate":"2023-04-10"},{"lineNumber":124,"author":{"gitId":"yuhanyuhan"},"content":"                    Todo to_do_task \u003d new Todo(joinedString);","lastModifiedDate":"2023-04-10"},{"lineNumber":125,"author":{"gitId":"yuhanyuhan"},"content":"","lastModifiedDate":"2023-04-14"},{"lineNumber":126,"author":{"gitId":"yuhanyuhan"},"content":"                    try {","lastModifiedDate":"2023-04-14"},{"lineNumber":127,"author":{"gitId":"yuhanyuhan"},"content":"                        Storage todo \u003d new Storage();","lastModifiedDate":"2023-04-14"},{"lineNumber":128,"author":{"gitId":"yuhanyuhan"},"content":"                        todo.WriteFile(to_do_task.toString());","lastModifiedDate":"2023-04-14"},{"lineNumber":129,"author":{"gitId":"yuhanyuhan"},"content":"                    } catch (Exception e) {","lastModifiedDate":"2023-04-14"},{"lineNumber":130,"author":{"gitId":"yuhanyuhan"},"content":"                        e.printStackTrace();","lastModifiedDate":"2023-04-14"},{"lineNumber":131,"author":{"gitId":"yuhanyuhan"},"content":"                    }","lastModifiedDate":"2023-04-14"},{"lineNumber":132,"author":{"gitId":"yuhanyuhan"},"content":"","lastModifiedDate":"2023-04-14"},{"lineNumber":133,"author":{"gitId":"yuhanyuhan"},"content":"                    list_of_task.add(to_do_task);","lastModifiedDate":"2023-04-10"},{"lineNumber":134,"author":{"gitId":"yuhanyuhan"},"content":"","lastModifiedDate":"2023-04-14"},{"lineNumber":135,"author":{"gitId":"yuhanyuhan"},"content":"                    System.out.println(\"Got it. I\u0027ve added this task:\\n\" + to_do_task.toString());","lastModifiedDate":"2023-04-11"},{"lineNumber":136,"author":{"gitId":"yuhanyuhan"},"content":"                    System.out.println(String.format(\"Now you have %s tasks in the list.\", current_task.size() + 1));","lastModifiedDate":"2023-04-15"},{"lineNumber":137,"author":{"gitId":"yuhanyuhan"},"content":"                }","lastModifiedDate":"2023-04-10"},{"lineNumber":138,"author":{"gitId":"yuhanyuhan"},"content":"","lastModifiedDate":"2023-04-10"},{"lineNumber":139,"author":{"gitId":"yuhanyuhan"},"content":"","lastModifiedDate":"2023-04-12"},{"lineNumber":140,"author":{"gitId":"yuhanyuhan"},"content":"                if (input.matches(\"mark(.*)\")) {","lastModifiedDate":"2023-04-08"},{"lineNumber":141,"author":{"gitId":"yuhanyuhan"},"content":"                    String num_input \u003d input.replaceAll(\"\\\\D+\", \"\");","lastModifiedDate":"2023-04-08"},{"lineNumber":142,"author":{"gitId":"yuhanyuhan"},"content":"                    int i \u003d Integer.parseInt(num_input);","lastModifiedDate":"2023-04-08"},{"lineNumber":143,"author":{"gitId":"yuhanyuhan"},"content":"","lastModifiedDate":"2023-04-08"},{"lineNumber":144,"author":{"gitId":"yuhanyuhan"},"content":"                    if (i \u003e current_task.size()) continue;","lastModifiedDate":"2023-04-15"},{"lineNumber":145,"author":{"gitId":"yuhanyuhan"},"content":"                    list_of_task.get(i - 1).markDone();","lastModifiedDate":"2023-04-08"},{"lineNumber":146,"author":{"gitId":"yuhanyuhan"},"content":"","lastModifiedDate":"2023-04-08"},{"lineNumber":147,"author":{"gitId":"yuhanyuhan"},"content":"//                    try {","lastModifiedDate":"2023-04-15"},{"lineNumber":148,"author":{"gitId":"yuhanyuhan"},"content":"//                        Storage todo \u003d new Storage();","lastModifiedDate":"2023-04-15"},{"lineNumber":149,"author":{"gitId":"yuhanyuhan"},"content":"//                        todo.RewriteFile(\"[ ]\", \"x\");","lastModifiedDate":"2023-04-15"},{"lineNumber":150,"author":{"gitId":"yuhanyuhan"},"content":"//                    } catch (Exception e) {","lastModifiedDate":"2023-04-15"},{"lineNumber":151,"author":{"gitId":"yuhanyuhan"},"content":"//                        e.printStackTrace();","lastModifiedDate":"2023-04-15"},{"lineNumber":152,"author":{"gitId":"yuhanyuhan"},"content":"//                    }","lastModifiedDate":"2023-04-15"},{"lineNumber":153,"author":{"gitId":"yuhanyuhan"},"content":"","lastModifiedDate":"2023-04-15"},{"lineNumber":154,"author":{"gitId":"yuhanyuhan"},"content":"                    System.out.println(\"Nice! I\u0027ve marked this task as done: \");","lastModifiedDate":"2023-04-08"},{"lineNumber":155,"author":{"gitId":"yuhanyuhan"},"content":"                    System.out.println(list_of_task.get(i - 1).getDescription());","lastModifiedDate":"2023-04-08"},{"lineNumber":156,"author":{"gitId":"yuhanyuhan"},"content":"                }","lastModifiedDate":"2023-04-08"},{"lineNumber":157,"author":{"gitId":"yuhanyuhan"},"content":"","lastModifiedDate":"2023-04-08"},{"lineNumber":158,"author":{"gitId":"yuhanyuhan"},"content":"                if (input.matches(\"unmark(.*)\")) {","lastModifiedDate":"2023-04-08"},{"lineNumber":159,"author":{"gitId":"yuhanyuhan"},"content":"                    String num_input \u003d input.replaceAll(\"\\\\D+\", \"\");","lastModifiedDate":"2023-04-08"},{"lineNumber":160,"author":{"gitId":"yuhanyuhan"},"content":"                    int i \u003d Integer.parseInt(num_input);","lastModifiedDate":"2023-04-08"},{"lineNumber":161,"author":{"gitId":"yuhanyuhan"},"content":"","lastModifiedDate":"2023-04-08"},{"lineNumber":162,"author":{"gitId":"yuhanyuhan"},"content":"                    if (i \u003e list_of_task.size()) continue;","lastModifiedDate":"2023-04-08"},{"lineNumber":163,"author":{"gitId":"yuhanyuhan"},"content":"                    list_of_task.get(i - 1).markUnDone();","lastModifiedDate":"2023-04-08"},{"lineNumber":164,"author":{"gitId":"yuhanyuhan"},"content":"","lastModifiedDate":"2023-04-08"},{"lineNumber":165,"author":{"gitId":"yuhanyuhan"},"content":"                    System.out.println(\"OK, I\u0027ve marked this task as not done yet: \");","lastModifiedDate":"2023-04-08"},{"lineNumber":166,"author":{"gitId":"yuhanyuhan"},"content":"                    System.out.println(list_of_task.get(i - 1).getDescription());","lastModifiedDate":"2023-04-08"},{"lineNumber":167,"author":{"gitId":"yuhanyuhan"},"content":"                }","lastModifiedDate":"2023-02-19"},{"lineNumber":168,"author":{"gitId":"yuhanyuhan"},"content":"","lastModifiedDate":"2023-02-19"},{"lineNumber":169,"author":{"gitId":"yuhanyuhan"},"content":"                if (input.matches(\"delete(.*)\")) {","lastModifiedDate":"2023-04-12"},{"lineNumber":170,"author":{"gitId":"yuhanyuhan"},"content":"                    String num_input \u003d input.replaceAll(\"\\\\D+\", \"\");","lastModifiedDate":"2023-04-12"},{"lineNumber":171,"author":{"gitId":"yuhanyuhan"},"content":"                    int i \u003d Integer.parseInt(num_input);","lastModifiedDate":"2023-04-12"},{"lineNumber":172,"author":{"gitId":"yuhanyuhan"},"content":"","lastModifiedDate":"2023-04-12"},{"lineNumber":173,"author":{"gitId":"yuhanyuhan"},"content":"                    if (i \u003e current_task.size()) continue;","lastModifiedDate":"2023-04-15"},{"lineNumber":174,"author":{"gitId":"yuhanyuhan"},"content":"                    System.out.println(\"Noted. I\u0027ve removed this task:\");","lastModifiedDate":"2023-04-12"},{"lineNumber":175,"author":{"gitId":"yuhanyuhan"},"content":"                    System.out.println(current_task.get(i - 1).toString());","lastModifiedDate":"2023-04-15"},{"lineNumber":176,"author":{"gitId":"yuhanyuhan"},"content":"                    current_task.remove(i - 1);","lastModifiedDate":"2023-04-15"},{"lineNumber":177,"author":{"gitId":"yuhanyuhan"},"content":"","lastModifiedDate":"2023-04-12"},{"lineNumber":178,"author":{"gitId":"yuhanyuhan"},"content":"                    if (!list_of_task.isEmpty())","lastModifiedDate":"2023-04-14"},{"lineNumber":179,"author":{"gitId":"yuhanyuhan"},"content":"                        System.out.println(String.format(\"Now you have %s tasks in the list.\", current_task.size()));","lastModifiedDate":"2023-04-15"},{"lineNumber":180,"author":{"gitId":"yuhanyuhan"},"content":"                }","lastModifiedDate":"2023-04-12"},{"lineNumber":181,"author":{"gitId":"yuhanyuhan"},"content":"","lastModifiedDate":"2023-04-12"},{"lineNumber":182,"author":{"gitId":"yuhanyuhan"},"content":"                if (input.equals(\"list\")) {","lastModifiedDate":"2023-02-19"},{"lineNumber":183,"author":{"gitId":"yuhanyuhan"},"content":"                    if (current_task.isEmpty()) continue;","lastModifiedDate":"2023-04-15"},{"lineNumber":184,"author":{"gitId":"yuhanyuhan"},"content":"                    System.out.println(\"Here are the tasks in your list: \");","lastModifiedDate":"2023-04-08"},{"lineNumber":185,"author":{"gitId":"yuhanyuhan"},"content":"","lastModifiedDate":"2023-04-15"},{"lineNumber":186,"author":{"gitId":"yuhanyuhan"},"content":"                    try {","lastModifiedDate":"2023-04-15"},{"lineNumber":187,"author":{"gitId":"yuhanyuhan"},"content":"                        Storage storage \u003d new Storage();","lastModifiedDate":"2023-04-15"},{"lineNumber":188,"author":{"gitId":"yuhanyuhan"},"content":"                        current_task \u003d storage.ReadFile(\"src/main/task.txt\");","lastModifiedDate":"2023-04-15"},{"lineNumber":189,"author":{"gitId":"yuhanyuhan"},"content":"                    } catch (FileNotFoundException e) {","lastModifiedDate":"2023-04-15"},{"lineNumber":190,"author":{"gitId":"yuhanyuhan"},"content":"                        e.printStackTrace();","lastModifiedDate":"2023-04-15"},{"lineNumber":191,"author":{"gitId":"yuhanyuhan"},"content":"                    }","lastModifiedDate":"2023-04-15"},{"lineNumber":192,"author":{"gitId":"yuhanyuhan"},"content":"","lastModifiedDate":"2023-04-15"},{"lineNumber":193,"author":{"gitId":"yuhanyuhan"},"content":"                    for (int index \u003d 0; index \u003c current_task.size(); index++) {","lastModifiedDate":"2023-04-15"},{"lineNumber":194,"author":{"gitId":"yuhanyuhan"},"content":"                        System.out.println((index + 1) + \". \" + current_task.get(index).toString());","lastModifiedDate":"2023-04-15"},{"lineNumber":195,"author":{"gitId":"yuhanyuhan"},"content":"                    }","lastModifiedDate":"2023-02-19"},{"lineNumber":196,"author":{"gitId":"yuhanyuhan"},"content":"                }","lastModifiedDate":"2023-02-19"},{"lineNumber":197,"author":{"gitId":"yuhanyuhan"},"content":"","lastModifiedDate":"2023-02-19"},{"lineNumber":198,"author":{"gitId":"yuhanyuhan"},"content":"                if (input.equals(\"bye\")) {","lastModifiedDate":"2023-02-19"},{"lineNumber":199,"author":{"gitId":"yuhanyuhan"},"content":"                    System.out.println(\"Bye. Hope to see you again soon!\\n\");","lastModifiedDate":"2023-02-19"},{"lineNumber":200,"author":{"gitId":"yuhanyuhan"},"content":"                    break;","lastModifiedDate":"2023-02-19"},{"lineNumber":201,"author":{"gitId":"-"},"content":"                }","lastModifiedDate":"2019-07-29"},{"lineNumber":202,"author":{"gitId":"yuhanyuhan"},"content":"","lastModifiedDate":"2023-04-08"},{"lineNumber":203,"author":{"gitId":"yuhanyuhan"},"content":"            } catch (DukeException e) {","lastModifiedDate":"2023-04-12"},{"lineNumber":204,"author":{"gitId":"yuhanyuhan"},"content":"                System.out.println(e);","lastModifiedDate":"2023-04-12"},{"lineNumber":205,"author":{"gitId":"yuhanyuhan"},"content":"            }","lastModifiedDate":"2023-04-12"},{"lineNumber":206,"author":{"gitId":"-"},"content":"        }","lastModifiedDate":"2019-07-29"},{"lineNumber":207,"author":{"gitId":"yuhanyuhan"},"content":"        scanner.close();","lastModifiedDate":"2023-02-19"},{"lineNumber":208,"author":{"gitId":"-"},"content":"    }","lastModifiedDate":"2023-02-19"},{"lineNumber":209,"author":{"gitId":"yuhanyuhan"},"content":"}","lastModifiedDate":"2023-02-19"}],"authorContributionMap":{"yuhanyuhan":204,"-":5}},{"path":"src/main/java/DukeException.java","fileType":"java","lines":[{"lineNumber":1,"author":{"gitId":"yuhanyuhan"},"content":"public class DukeException extends Exception {","lastModifiedDate":"2023-04-12"},{"lineNumber":2,"author":{"gitId":"yuhanyuhan"},"content":"","lastModifiedDate":"2023-04-12"},{"lineNumber":3,"author":{"gitId":"yuhanyuhan"},"content":"    public DukeException(String errorMessage) {","lastModifiedDate":"2023-04-12"},{"lineNumber":4,"author":{"gitId":"yuhanyuhan"},"content":"        super(errorMessage);","lastModifiedDate":"2023-04-12"},{"lineNumber":5,"author":{"gitId":"yuhanyuhan"},"content":"    }","lastModifiedDate":"2023-04-12"},{"lineNumber":6,"author":{"gitId":"yuhanyuhan"},"content":"","lastModifiedDate":"2023-04-12"},{"lineNumber":7,"author":{"gitId":"yuhanyuhan"},"content":"","lastModifiedDate":"2023-04-12"},{"lineNumber":8,"author":{"gitId":"yuhanyuhan"},"content":"","lastModifiedDate":"2023-04-12"},{"lineNumber":9,"author":{"gitId":"yuhanyuhan"},"content":"}","lastModifiedDate":"2023-04-12"}],"authorContributionMap":{"yuhanyuhan":9}},{"path":"src/main/java/Event.java","fileType":"java","lines":[{"lineNumber":1,"author":{"gitId":"yuhanyuhan"},"content":"public class Event extends Task {","lastModifiedDate":"2023-04-11"},{"lineNumber":2,"author":{"gitId":"yuhanyuhan"},"content":"","lastModifiedDate":"2023-04-11"},{"lineNumber":3,"author":{"gitId":"yuhanyuhan"},"content":"    protected String from;","lastModifiedDate":"2023-04-11"},{"lineNumber":4,"author":{"gitId":"yuhanyuhan"},"content":"    protected String to;","lastModifiedDate":"2023-04-11"},{"lineNumber":5,"author":{"gitId":"yuhanyuhan"},"content":"","lastModifiedDate":"2023-04-11"},{"lineNumber":6,"author":{"gitId":"yuhanyuhan"},"content":"    public Event(String description, String from, String to) {","lastModifiedDate":"2023-04-11"},{"lineNumber":7,"author":{"gitId":"yuhanyuhan"},"content":"        super(description);","lastModifiedDate":"2023-04-11"},{"lineNumber":8,"author":{"gitId":"yuhanyuhan"},"content":"        this.from \u003d from;","lastModifiedDate":"2023-04-11"},{"lineNumber":9,"author":{"gitId":"yuhanyuhan"},"content":"        this.to \u003d to;","lastModifiedDate":"2023-04-11"},{"lineNumber":10,"author":{"gitId":"yuhanyuhan"},"content":"    }","lastModifiedDate":"2023-04-11"},{"lineNumber":11,"author":{"gitId":"yuhanyuhan"},"content":"","lastModifiedDate":"2023-04-11"},{"lineNumber":12,"author":{"gitId":"yuhanyuhan"},"content":"    @Override","lastModifiedDate":"2023-04-11"},{"lineNumber":13,"author":{"gitId":"yuhanyuhan"},"content":"    public String toString() {","lastModifiedDate":"2023-04-11"},{"lineNumber":14,"author":{"gitId":"yuhanyuhan"},"content":"        return \"[E]\" + getDescription() + \" (by: \" + from + \" to: \" + to + \")\";","lastModifiedDate":"2023-04-11"},{"lineNumber":15,"author":{"gitId":"yuhanyuhan"},"content":"    }","lastModifiedDate":"2023-04-11"},{"lineNumber":16,"author":{"gitId":"yuhanyuhan"},"content":"}","lastModifiedDate":"2023-04-11"}],"authorContributionMap":{"yuhanyuhan":16}},{"path":"src/main/java/Storage.java","fileType":"java","lines":[{"lineNumber":1,"author":{"gitId":"yuhanyuhan"},"content":"import java.io.*;","lastModifiedDate":"2023-04-14"},{"lineNumber":2,"author":{"gitId":"yuhanyuhan"},"content":"import java.util.ArrayList;","lastModifiedDate":"2023-04-14"},{"lineNumber":3,"author":{"gitId":"yuhanyuhan"},"content":"import java.util.Scanner;","lastModifiedDate":"2023-04-14"},{"lineNumber":4,"author":{"gitId":"yuhanyuhan"},"content":"","lastModifiedDate":"2023-04-14"},{"lineNumber":5,"author":{"gitId":"yuhanyuhan"},"content":"public class Storage {","lastModifiedDate":"2023-04-14"},{"lineNumber":6,"author":{"gitId":"yuhanyuhan"},"content":"    public static ArrayList\u003cString\u003e ReadFile(String datapath) throws FileNotFoundException {","lastModifiedDate":"2023-04-14"},{"lineNumber":7,"author":{"gitId":"yuhanyuhan"},"content":"        try {","lastModifiedDate":"2023-04-14"},{"lineNumber":8,"author":{"gitId":"yuhanyuhan"},"content":"            File myObj \u003d new File(datapath);","lastModifiedDate":"2023-04-14"},{"lineNumber":9,"author":{"gitId":"yuhanyuhan"},"content":"            Scanner myReader \u003d new Scanner(myObj);","lastModifiedDate":"2023-04-14"},{"lineNumber":10,"author":{"gitId":"yuhanyuhan"},"content":"            ArrayList\u003cString\u003e list \u003d new ArrayList\u003cString\u003e();","lastModifiedDate":"2023-04-14"},{"lineNumber":11,"author":{"gitId":"yuhanyuhan"},"content":"","lastModifiedDate":"2023-04-14"},{"lineNumber":12,"author":{"gitId":"yuhanyuhan"},"content":"            while (myReader.hasNextLine()){","lastModifiedDate":"2023-04-14"},{"lineNumber":13,"author":{"gitId":"yuhanyuhan"},"content":"                list.add(myReader.nextLine());","lastModifiedDate":"2023-04-14"},{"lineNumber":14,"author":{"gitId":"yuhanyuhan"},"content":"            }","lastModifiedDate":"2023-04-14"},{"lineNumber":15,"author":{"gitId":"yuhanyuhan"},"content":"","lastModifiedDate":"2023-04-14"},{"lineNumber":16,"author":{"gitId":"yuhanyuhan"},"content":"            myReader.close();","lastModifiedDate":"2023-04-14"},{"lineNumber":17,"author":{"gitId":"yuhanyuhan"},"content":"            return list;","lastModifiedDate":"2023-04-14"},{"lineNumber":18,"author":{"gitId":"yuhanyuhan"},"content":"        } catch (FileNotFoundException e) {","lastModifiedDate":"2023-04-14"},{"lineNumber":19,"author":{"gitId":"yuhanyuhan"},"content":"            System.out.println(\"An error occurred.\");","lastModifiedDate":"2023-04-14"},{"lineNumber":20,"author":{"gitId":"yuhanyuhan"},"content":"            e.printStackTrace();","lastModifiedDate":"2023-04-14"},{"lineNumber":21,"author":{"gitId":"yuhanyuhan"},"content":"        }","lastModifiedDate":"2023-04-14"},{"lineNumber":22,"author":{"gitId":"yuhanyuhan"},"content":"        return null;","lastModifiedDate":"2023-04-14"},{"lineNumber":23,"author":{"gitId":"yuhanyuhan"},"content":"    }","lastModifiedDate":"2023-04-14"},{"lineNumber":24,"author":{"gitId":"yuhanyuhan"},"content":"","lastModifiedDate":"2023-04-14"},{"lineNumber":25,"author":{"gitId":"yuhanyuhan"},"content":"    private static final String newLine \u003d System.getProperty(\"line.separator\");","lastModifiedDate":"2023-04-14"},{"lineNumber":26,"author":{"gitId":"yuhanyuhan"},"content":"","lastModifiedDate":"2023-04-14"},{"lineNumber":27,"author":{"gitId":"yuhanyuhan"},"content":"    public static void WriteFile(String msg) throws IOException {","lastModifiedDate":"2023-04-14"},{"lineNumber":28,"author":{"gitId":"yuhanyuhan"},"content":"        String fileName \u003d \"src/main/task.txt\";","lastModifiedDate":"2023-04-14"},{"lineNumber":29,"author":{"gitId":"yuhanyuhan"},"content":"        PrintWriter printWriter \u003d null;","lastModifiedDate":"2023-04-14"},{"lineNumber":30,"author":{"gitId":"yuhanyuhan"},"content":"        File file \u003d new File(fileName);","lastModifiedDate":"2023-04-14"},{"lineNumber":31,"author":{"gitId":"yuhanyuhan"},"content":"","lastModifiedDate":"2023-04-14"},{"lineNumber":32,"author":{"gitId":"yuhanyuhan"},"content":"        try {","lastModifiedDate":"2023-04-14"},{"lineNumber":33,"author":{"gitId":"yuhanyuhan"},"content":"            if (!file.exists()) file.createNewFile();","lastModifiedDate":"2023-04-14"},{"lineNumber":34,"author":{"gitId":"yuhanyuhan"},"content":"            printWriter \u003d new PrintWriter(new FileOutputStream(fileName, true));","lastModifiedDate":"2023-04-14"},{"lineNumber":35,"author":{"gitId":"yuhanyuhan"},"content":"            printWriter.write(newLine + msg);","lastModifiedDate":"2023-04-14"},{"lineNumber":36,"author":{"gitId":"yuhanyuhan"},"content":"        } catch (IOException ioex) {","lastModifiedDate":"2023-04-14"},{"lineNumber":37,"author":{"gitId":"yuhanyuhan"},"content":"            ioex.printStackTrace();","lastModifiedDate":"2023-04-14"},{"lineNumber":38,"author":{"gitId":"yuhanyuhan"},"content":"        } finally {","lastModifiedDate":"2023-04-14"},{"lineNumber":39,"author":{"gitId":"yuhanyuhan"},"content":"            if (printWriter !\u003d null) {","lastModifiedDate":"2023-04-14"},{"lineNumber":40,"author":{"gitId":"yuhanyuhan"},"content":"                printWriter.flush();","lastModifiedDate":"2023-04-14"},{"lineNumber":41,"author":{"gitId":"yuhanyuhan"},"content":"                printWriter.close();","lastModifiedDate":"2023-04-14"},{"lineNumber":42,"author":{"gitId":"yuhanyuhan"},"content":"            }","lastModifiedDate":"2023-04-14"},{"lineNumber":43,"author":{"gitId":"yuhanyuhan"},"content":"        }","lastModifiedDate":"2023-04-14"},{"lineNumber":44,"author":{"gitId":"yuhanyuhan"},"content":"    }","lastModifiedDate":"2023-04-14"},{"lineNumber":45,"author":{"gitId":"yuhanyuhan"},"content":"","lastModifiedDate":"2023-04-15"},{"lineNumber":46,"author":{"gitId":"yuhanyuhan"},"content":"    public static void RewriteFile (String stringToReplace, String replaceWith) throws IOException {","lastModifiedDate":"2023-04-15"},{"lineNumber":47,"author":{"gitId":"yuhanyuhan"},"content":"        {","lastModifiedDate":"2023-04-15"},{"lineNumber":48,"author":{"gitId":"yuhanyuhan"},"content":"            String fileName \u003d \"src/main/task.txt\";","lastModifiedDate":"2023-04-15"},{"lineNumber":49,"author":{"gitId":"yuhanyuhan"},"content":"            String oldContent \u003d \"\";","lastModifiedDate":"2023-04-15"},{"lineNumber":50,"author":{"gitId":"yuhanyuhan"},"content":"            BufferedReader reader \u003d null;","lastModifiedDate":"2023-04-15"},{"lineNumber":51,"author":{"gitId":"yuhanyuhan"},"content":"            FileWriter writer \u003d null;","lastModifiedDate":"2023-04-15"},{"lineNumber":52,"author":{"gitId":"yuhanyuhan"},"content":"","lastModifiedDate":"2023-04-15"},{"lineNumber":53,"author":{"gitId":"yuhanyuhan"},"content":"            try {","lastModifiedDate":"2023-04-15"},{"lineNumber":54,"author":{"gitId":"yuhanyuhan"},"content":"                reader \u003d new BufferedReader(new FileReader(fileName));","lastModifiedDate":"2023-04-15"},{"lineNumber":55,"author":{"gitId":"yuhanyuhan"},"content":"                //Reading all the lines of input text file into oldContent","lastModifiedDate":"2023-04-15"},{"lineNumber":56,"author":{"gitId":"yuhanyuhan"},"content":"                String line \u003d reader.readLine();","lastModifiedDate":"2023-04-15"},{"lineNumber":57,"author":{"gitId":"yuhanyuhan"},"content":"","lastModifiedDate":"2023-04-15"},{"lineNumber":58,"author":{"gitId":"yuhanyuhan"},"content":"                while (line !\u003d null) {","lastModifiedDate":"2023-04-15"},{"lineNumber":59,"author":{"gitId":"yuhanyuhan"},"content":"                    oldContent \u003d oldContent + line + System.lineSeparator();","lastModifiedDate":"2023-04-15"},{"lineNumber":60,"author":{"gitId":"yuhanyuhan"},"content":"                    line \u003d reader.readLine();","lastModifiedDate":"2023-04-15"},{"lineNumber":61,"author":{"gitId":"yuhanyuhan"},"content":"                }","lastModifiedDate":"2023-04-15"},{"lineNumber":62,"author":{"gitId":"yuhanyuhan"},"content":"","lastModifiedDate":"2023-04-15"},{"lineNumber":63,"author":{"gitId":"yuhanyuhan"},"content":"                //Replacing oldString with newString in the oldContent","lastModifiedDate":"2023-04-15"},{"lineNumber":64,"author":{"gitId":"yuhanyuhan"},"content":"                String newContent \u003d oldContent.replaceAll(stringToReplace, replaceWith);","lastModifiedDate":"2023-04-15"},{"lineNumber":65,"author":{"gitId":"yuhanyuhan"},"content":"                //Rewriting the input text file with newContent","lastModifiedDate":"2023-04-15"},{"lineNumber":66,"author":{"gitId":"yuhanyuhan"},"content":"                writer \u003d new FileWriter(fileName);","lastModifiedDate":"2023-04-15"},{"lineNumber":67,"author":{"gitId":"yuhanyuhan"},"content":"                writer.write(newContent);","lastModifiedDate":"2023-04-15"},{"lineNumber":68,"author":{"gitId":"yuhanyuhan"},"content":"            } catch (IOException e) {","lastModifiedDate":"2023-04-15"},{"lineNumber":69,"author":{"gitId":"yuhanyuhan"},"content":"                e.printStackTrace();","lastModifiedDate":"2023-04-15"},{"lineNumber":70,"author":{"gitId":"yuhanyuhan"},"content":"            } finally {","lastModifiedDate":"2023-04-15"},{"lineNumber":71,"author":{"gitId":"yuhanyuhan"},"content":"                try {","lastModifiedDate":"2023-04-15"},{"lineNumber":72,"author":{"gitId":"yuhanyuhan"},"content":"                    reader.close();","lastModifiedDate":"2023-04-15"},{"lineNumber":73,"author":{"gitId":"yuhanyuhan"},"content":"                    writer.close();","lastModifiedDate":"2023-04-15"},{"lineNumber":74,"author":{"gitId":"yuhanyuhan"},"content":"                } catch (IOException e) {","lastModifiedDate":"2023-04-15"},{"lineNumber":75,"author":{"gitId":"yuhanyuhan"},"content":"                    e.printStackTrace();","lastModifiedDate":"2023-04-15"},{"lineNumber":76,"author":{"gitId":"yuhanyuhan"},"content":"                }","lastModifiedDate":"2023-04-15"},{"lineNumber":77,"author":{"gitId":"yuhanyuhan"},"content":"            }","lastModifiedDate":"2023-04-15"},{"lineNumber":78,"author":{"gitId":"yuhanyuhan"},"content":"        }","lastModifiedDate":"2023-04-15"},{"lineNumber":79,"author":{"gitId":"yuhanyuhan"},"content":"    }","lastModifiedDate":"2023-04-15"},{"lineNumber":80,"author":{"gitId":"yuhanyuhan"},"content":"","lastModifiedDate":"2023-04-15"},{"lineNumber":81,"author":{"gitId":"yuhanyuhan"},"content":"    }","lastModifiedDate":"2023-04-14"}],"authorContributionMap":{"yuhanyuhan":81}},{"path":"src/main/java/Task.java","fileType":"java","lines":[{"lineNumber":1,"author":{"gitId":"yuhanyuhan"},"content":"import java.util.ArrayList;","lastModifiedDate":"2023-04-08"},{"lineNumber":2,"author":{"gitId":"yuhanyuhan"},"content":"","lastModifiedDate":"2023-04-08"},{"lineNumber":3,"author":{"gitId":"yuhanyuhan"},"content":"public class Task {","lastModifiedDate":"2023-04-08"},{"lineNumber":4,"author":{"gitId":"yuhanyuhan"},"content":"    protected String description;","lastModifiedDate":"2023-04-08"},{"lineNumber":5,"author":{"gitId":"yuhanyuhan"},"content":"    protected boolean isDone;","lastModifiedDate":"2023-04-08"},{"lineNumber":6,"author":{"gitId":"yuhanyuhan"},"content":"","lastModifiedDate":"2023-04-08"},{"lineNumber":7,"author":{"gitId":"yuhanyuhan"},"content":"    ArrayList\u003cString\u003e task \u003d new ArrayList();","lastModifiedDate":"2023-04-08"},{"lineNumber":8,"author":{"gitId":"yuhanyuhan"},"content":"","lastModifiedDate":"2023-04-08"},{"lineNumber":9,"author":{"gitId":"yuhanyuhan"},"content":"    public Task(String description) {","lastModifiedDate":"2023-04-08"},{"lineNumber":10,"author":{"gitId":"yuhanyuhan"},"content":"        this.description \u003d description;","lastModifiedDate":"2023-04-08"},{"lineNumber":11,"author":{"gitId":"yuhanyuhan"},"content":"        this.isDone \u003d false;","lastModifiedDate":"2023-04-08"},{"lineNumber":12,"author":{"gitId":"yuhanyuhan"},"content":"    }","lastModifiedDate":"2023-04-08"},{"lineNumber":13,"author":{"gitId":"yuhanyuhan"},"content":"    public void markDone() {","lastModifiedDate":"2023-04-08"},{"lineNumber":14,"author":{"gitId":"yuhanyuhan"},"content":"        if (isDone) return;","lastModifiedDate":"2023-04-08"},{"lineNumber":15,"author":{"gitId":"yuhanyuhan"},"content":"        this.isDone \u003d true;","lastModifiedDate":"2023-04-08"},{"lineNumber":16,"author":{"gitId":"yuhanyuhan"},"content":"    }","lastModifiedDate":"2023-04-08"},{"lineNumber":17,"author":{"gitId":"yuhanyuhan"},"content":"","lastModifiedDate":"2023-04-08"},{"lineNumber":18,"author":{"gitId":"yuhanyuhan"},"content":"    public void markUnDone() {","lastModifiedDate":"2023-04-08"},{"lineNumber":19,"author":{"gitId":"yuhanyuhan"},"content":"        if (!isDone) return;","lastModifiedDate":"2023-04-08"},{"lineNumber":20,"author":{"gitId":"yuhanyuhan"},"content":"        this.isDone \u003d false;","lastModifiedDate":"2023-04-08"},{"lineNumber":21,"author":{"gitId":"yuhanyuhan"},"content":"    }","lastModifiedDate":"2023-04-08"},{"lineNumber":22,"author":{"gitId":"yuhanyuhan"},"content":"","lastModifiedDate":"2023-04-08"},{"lineNumber":23,"author":{"gitId":"yuhanyuhan"},"content":"    public String getStatusIcon() {","lastModifiedDate":"2023-04-08"},{"lineNumber":24,"author":{"gitId":"yuhanyuhan"},"content":"        return (isDone ? \"[X]\" : \"[ ]\"); // mark done task with X","lastModifiedDate":"2023-04-10"},{"lineNumber":25,"author":{"gitId":"yuhanyuhan"},"content":"    }","lastModifiedDate":"2023-04-08"},{"lineNumber":26,"author":{"gitId":"yuhanyuhan"},"content":"","lastModifiedDate":"2023-04-08"},{"lineNumber":27,"author":{"gitId":"yuhanyuhan"},"content":"    public String getDescription() {","lastModifiedDate":"2023-04-08"},{"lineNumber":28,"author":{"gitId":"yuhanyuhan"},"content":"        return \"\" + getStatusIcon() + this.description;","lastModifiedDate":"2023-04-10"},{"lineNumber":29,"author":{"gitId":"yuhanyuhan"},"content":"    }","lastModifiedDate":"2023-04-08"},{"lineNumber":30,"author":{"gitId":"yuhanyuhan"},"content":"}","lastModifiedDate":"2023-04-08"}],"authorContributionMap":{"yuhanyuhan":30}},{"path":"src/main/java/Todo.java","fileType":"java","lines":[{"lineNumber":1,"author":{"gitId":"yuhanyuhan"},"content":"public class Todo extends Task {","lastModifiedDate":"2023-04-10"},{"lineNumber":2,"author":{"gitId":"yuhanyuhan"},"content":"","lastModifiedDate":"2023-04-10"},{"lineNumber":3,"author":{"gitId":"yuhanyuhan"},"content":"    public Todo(String description) {","lastModifiedDate":"2023-04-10"},{"lineNumber":4,"author":{"gitId":"yuhanyuhan"},"content":"        super(description);","lastModifiedDate":"2023-04-10"},{"lineNumber":5,"author":{"gitId":"yuhanyuhan"},"content":"    }","lastModifiedDate":"2023-04-10"},{"lineNumber":6,"author":{"gitId":"yuhanyuhan"},"content":"","lastModifiedDate":"2023-04-10"},{"lineNumber":7,"author":{"gitId":"yuhanyuhan"},"content":"    @Override","lastModifiedDate":"2023-04-10"},{"lineNumber":8,"author":{"gitId":"yuhanyuhan"},"content":"    public String toString() {","lastModifiedDate":"2023-04-10"},{"lineNumber":9,"author":{"gitId":"yuhanyuhan"},"content":"        return \"[T]\" + getDescription();","lastModifiedDate":"2023-04-11"},{"lineNumber":10,"author":{"gitId":"yuhanyuhan"},"content":"    }","lastModifiedDate":"2023-04-10"},{"lineNumber":11,"author":{"gitId":"yuhanyuhan"},"content":"}","lastModifiedDate":"2023-04-10"}],"authorContributionMap":{"yuhanyuhan":11}},{"path":"src/main/task-replace.txt","fileType":"txt","lines":[{"lineNumber":1,"author":{"gitId":"yuhanyuhan"},"content":"[T][ ]hi hi","lastModifiedDate":"2023-04-15"},{"lineNumber":2,"author":{"gitId":"yuhanyuhan"},"content":"[T][ ]list adding","lastModifiedDate":"2023-04-15"},{"lineNumber":3,"author":{"gitId":"yuhanyuhan"},"content":"[D][ ]cancel (bx: 10pm)","lastModifiedDate":"2023-04-15"},{"lineNumber":4,"author":{"gitId":"yuhanyuhan"},"content":"[T][ ]hi hi","lastModifiedDate":"2023-04-15"},{"lineNumber":5,"author":{"gitId":"yuhanyuhan"},"content":"[T][ ]bxebxe","lastModifiedDate":"2023-04-15"},{"lineNumber":6,"author":{"gitId":"yuhanyuhan"},"content":"[T][ ]hi","lastModifiedDate":"2023-04-15"}],"authorContributionMap":{"yuhanyuhan":6}},{"path":"src/main/task.txt","fileType":"txt","lines":[{"lineNumber":1,"author":{"gitId":"yuhanyuhan"},"content":"[T][[x]]hi[x]hi","lastModifiedDate":"2023-04-15"},{"lineNumber":2,"author":{"gitId":"yuhanyuhan"},"content":"[T][[x]]list[x]adding","lastModifiedDate":"2023-04-15"},{"lineNumber":3,"author":{"gitId":"yuhanyuhan"},"content":"[D][[x]]cancel[x](by:[x]10pm)","lastModifiedDate":"2023-04-15"},{"lineNumber":4,"author":{"gitId":"yuhanyuhan"},"content":"[T][[x]]hi[x]hi","lastModifiedDate":"2023-04-15"},{"lineNumber":5,"author":{"gitId":"yuhanyuhan"},"content":"[T][[x]]byebye","lastModifiedDate":"2023-04-15"},{"lineNumber":6,"author":{"gitId":"yuhanyuhan"},"content":"[T][[x]]hi","lastModifiedDate":"2023-04-15"},{"lineNumber":7,"author":{"gitId":"yuhanyuhan"},"content":"[T][[x]]hi[x]hi","lastModifiedDate":"2023-04-15"}],"authorContributionMap":{"yuhanyuhan":7}}]
