[{"path":"src/main/java/Deadline.java","fileType":"java","lines":[{"lineNumber":1,"author":{"gitId":"yuhanyuhan"},"content":"public class Deadline extends Task {","lastModifiedDate":"2023-04-10"},{"lineNumber":2,"author":{"gitId":"yuhanyuhan"},"content":"","lastModifiedDate":"2023-04-10"},{"lineNumber":3,"author":{"gitId":"yuhanyuhan"},"content":"    protected String by;","lastModifiedDate":"2023-04-10"},{"lineNumber":4,"author":{"gitId":"yuhanyuhan"},"content":"","lastModifiedDate":"2023-04-10"},{"lineNumber":5,"author":{"gitId":"yuhanyuhan"},"content":"    public Deadline(String description, String by) {","lastModifiedDate":"2023-04-10"},{"lineNumber":6,"author":{"gitId":"yuhanyuhan"},"content":"        super(description);","lastModifiedDate":"2023-04-10"},{"lineNumber":7,"author":{"gitId":"yuhanyuhan"},"content":"        this.by \u003d by;","lastModifiedDate":"2023-04-10"},{"lineNumber":8,"author":{"gitId":"yuhanyuhan"},"content":"    }","lastModifiedDate":"2023-04-10"},{"lineNumber":9,"author":{"gitId":"yuhanyuhan"},"content":"","lastModifiedDate":"2023-04-10"},{"lineNumber":10,"author":{"gitId":"yuhanyuhan"},"content":"    @Override","lastModifiedDate":"2023-04-10"},{"lineNumber":11,"author":{"gitId":"yuhanyuhan"},"content":"    public String toString() {","lastModifiedDate":"2023-04-10"},{"lineNumber":12,"author":{"gitId":"yuhanyuhan"},"content":"        return \"[D]\" + getDescription() + \" (by: \" + by + \")\";","lastModifiedDate":"2023-04-11"},{"lineNumber":13,"author":{"gitId":"yuhanyuhan"},"content":"    }","lastModifiedDate":"2023-04-10"},{"lineNumber":14,"author":{"gitId":"yuhanyuhan"},"content":"}","lastModifiedDate":"2023-04-10"}],"authorContributionMap":{"yuhanyuhan":14}},{"path":"src/main/java/Duke.java","fileType":"java","lines":[{"lineNumber":1,"author":{"gitId":"yuhanyuhan"},"content":"import java.util.ArrayList;","lastModifiedDate":"2023-02-19"},{"lineNumber":2,"author":{"gitId":"yuhanyuhan"},"content":"import java.util.Arrays;","lastModifiedDate":"2023-04-10"},{"lineNumber":3,"author":{"gitId":"yuhanyuhan"},"content":"import java.util.Scanner;","lastModifiedDate":"2023-02-19"},{"lineNumber":4,"author":{"gitId":"yuhanyuhan"},"content":"","lastModifiedDate":"2023-02-19"},{"lineNumber":5,"author":{"gitId":"-"},"content":"public class Duke {","lastModifiedDate":"2019-07-29"},{"lineNumber":6,"author":{"gitId":"yuhanyuhan"},"content":"    public static void main(String[] args) throws DukeException {","lastModifiedDate":"2023-04-12"},{"lineNumber":7,"author":{"gitId":"yuhanyuhan"},"content":"        System.out.println(\"Hello! I\u0027m Duke\\n\" + \"What can I do for you?\");","lastModifiedDate":"2023-02-19"},{"lineNumber":8,"author":{"gitId":"yuhanyuhan"},"content":"        Scanner scanner \u003d new Scanner(System.in);","lastModifiedDate":"2023-02-19"},{"lineNumber":9,"author":{"gitId":"yuhanyuhan"},"content":"        // create an array of task","lastModifiedDate":"2023-04-08"},{"lineNumber":10,"author":{"gitId":"yuhanyuhan"},"content":"        ArrayList\u003cTask\u003e list_of_task \u003d new ArrayList\u003cTask\u003e();","lastModifiedDate":"2023-04-08"},{"lineNumber":11,"author":{"gitId":"yuhanyuhan"},"content":"","lastModifiedDate":"2023-02-19"},{"lineNumber":12,"author":{"gitId":"yuhanyuhan"},"content":"        while (scanner.hasNext()) {","lastModifiedDate":"2023-02-19"},{"lineNumber":13,"author":{"gitId":"yuhanyuhan"},"content":"            String input \u003d scanner.nextLine();","lastModifiedDate":"2023-02-19"},{"lineNumber":14,"author":{"gitId":"yuhanyuhan"},"content":"            if (input.isEmpty()) continue;","lastModifiedDate":"2023-04-11"},{"lineNumber":15,"author":{"gitId":"yuhanyuhan"},"content":"            String[] strArr \u003d input.split(\" \");","lastModifiedDate":"2023-04-10"},{"lineNumber":16,"author":{"gitId":"yuhanyuhan"},"content":"","lastModifiedDate":"2023-04-08"},{"lineNumber":17,"author":{"gitId":"yuhanyuhan"},"content":"            try {","lastModifiedDate":"2023-04-12"},{"lineNumber":18,"author":{"gitId":"yuhanyuhan"},"content":"                if (!input.contains(\"list\")","lastModifiedDate":"2023-04-10"},{"lineNumber":19,"author":{"gitId":"yuhanyuhan"},"content":"                        \u0026\u0026 !input.contains(\"bye\")","lastModifiedDate":"2023-04-10"},{"lineNumber":20,"author":{"gitId":"yuhanyuhan"},"content":"                        \u0026\u0026 !input.contains(\"mark\")","lastModifiedDate":"2023-04-10"},{"lineNumber":21,"author":{"gitId":"yuhanyuhan"},"content":"                        \u0026\u0026 !input.contains(\"unmark\")","lastModifiedDate":"2023-04-10"},{"lineNumber":22,"author":{"gitId":"yuhanyuhan"},"content":"                        \u0026\u0026 !input.contains(\"delete\")","lastModifiedDate":"2023-04-12"},{"lineNumber":23,"author":{"gitId":"yuhanyuhan"},"content":"                        \u0026\u0026 !input.contains(\"todo\")","lastModifiedDate":"2023-04-10"},{"lineNumber":24,"author":{"gitId":"yuhanyuhan"},"content":"                        \u0026\u0026 !input.contains(\"deadline\")","lastModifiedDate":"2023-04-11"},{"lineNumber":25,"author":{"gitId":"yuhanyuhan"},"content":"                        \u0026\u0026 !input.contains(\"event\")","lastModifiedDate":"2023-04-11"},{"lineNumber":26,"author":{"gitId":"yuhanyuhan"},"content":"                ) {","lastModifiedDate":"2023-04-10"},{"lineNumber":27,"author":{"gitId":"yuhanyuhan"},"content":"                    throw new DukeException(\"☹ OOPS!!! I\u0027m sorry, but I don\u0027t know what that means :-(\");","lastModifiedDate":"2023-04-12"},{"lineNumber":28,"author":{"gitId":"yuhanyuhan"},"content":"                }","lastModifiedDate":"2023-04-12"},{"lineNumber":29,"author":{"gitId":"yuhanyuhan"},"content":"","lastModifiedDate":"2023-04-12"},{"lineNumber":30,"author":{"gitId":"yuhanyuhan"},"content":"                if ((strArr.length \u003d\u003d 1) \u0026\u0026 (strArr[0].contains(\"todo\"))) {","lastModifiedDate":"2023-04-12"},{"lineNumber":31,"author":{"gitId":"yuhanyuhan"},"content":"                    throw new DukeException(\"☹ OOPS!!! The description of a todo cannot be empty.\");","lastModifiedDate":"2023-04-12"},{"lineNumber":32,"author":{"gitId":"yuhanyuhan"},"content":"                }","lastModifiedDate":"2023-04-08"},{"lineNumber":33,"author":{"gitId":"yuhanyuhan"},"content":"","lastModifiedDate":"2023-04-08"},{"lineNumber":34,"author":{"gitId":"yuhanyuhan"},"content":"                if (input.matches(\"event(.*)\")) {","lastModifiedDate":"2023-04-11"},{"lineNumber":35,"author":{"gitId":"yuhanyuhan"},"content":"                    // find by/","lastModifiedDate":"2023-04-11"},{"lineNumber":36,"author":{"gitId":"yuhanyuhan"},"content":"                    int from \u003d 0, to \u003d 0;","lastModifiedDate":"2023-04-11"},{"lineNumber":37,"author":{"gitId":"yuhanyuhan"},"content":"                    String from_time \u003d \"/from\", to_time \u003d \"/to\";","lastModifiedDate":"2023-04-11"},{"lineNumber":38,"author":{"gitId":"yuhanyuhan"},"content":"","lastModifiedDate":"2023-04-11"},{"lineNumber":39,"author":{"gitId":"yuhanyuhan"},"content":"                    for (int i \u003d 0; i \u003c input.length(); i++) {","lastModifiedDate":"2023-04-11"},{"lineNumber":40,"author":{"gitId":"yuhanyuhan"},"content":"                        if (from_time.equals(strArr[i])) {","lastModifiedDate":"2023-04-11"},{"lineNumber":41,"author":{"gitId":"yuhanyuhan"},"content":"                            from \u003d i;","lastModifiedDate":"2023-04-11"},{"lineNumber":42,"author":{"gitId":"yuhanyuhan"},"content":"                            break;","lastModifiedDate":"2023-04-11"},{"lineNumber":43,"author":{"gitId":"yuhanyuhan"},"content":"                        }","lastModifiedDate":"2023-04-11"},{"lineNumber":44,"author":{"gitId":"yuhanyuhan"},"content":"                    }","lastModifiedDate":"2023-04-11"},{"lineNumber":45,"author":{"gitId":"yuhanyuhan"},"content":"","lastModifiedDate":"2023-04-11"},{"lineNumber":46,"author":{"gitId":"yuhanyuhan"},"content":"                    for (int j \u003d 0; j \u003c input.length(); j++) {","lastModifiedDate":"2023-04-11"},{"lineNumber":47,"author":{"gitId":"yuhanyuhan"},"content":"                        if (to_time.equals(strArr[j])) {","lastModifiedDate":"2023-04-11"},{"lineNumber":48,"author":{"gitId":"yuhanyuhan"},"content":"                            to \u003d j;","lastModifiedDate":"2023-04-11"},{"lineNumber":49,"author":{"gitId":"yuhanyuhan"},"content":"                            break;","lastModifiedDate":"2023-04-11"},{"lineNumber":50,"author":{"gitId":"yuhanyuhan"},"content":"                        }","lastModifiedDate":"2023-04-11"},{"lineNumber":51,"author":{"gitId":"yuhanyuhan"},"content":"                    }","lastModifiedDate":"2023-04-11"},{"lineNumber":52,"author":{"gitId":"yuhanyuhan"},"content":"","lastModifiedDate":"2023-04-11"},{"lineNumber":53,"author":{"gitId":"yuhanyuhan"},"content":"                    String[] taskArray \u003d Arrays.copyOfRange(strArr, 1, from);","lastModifiedDate":"2023-04-11"},{"lineNumber":54,"author":{"gitId":"yuhanyuhan"},"content":"                    String[] from_timingArray \u003d Arrays.copyOfRange(strArr, from + 1, to);","lastModifiedDate":"2023-04-11"},{"lineNumber":55,"author":{"gitId":"yuhanyuhan"},"content":"                    String[] to_timingArray \u003d Arrays.copyOfRange(strArr, to + 1, strArr.length);","lastModifiedDate":"2023-04-11"},{"lineNumber":56,"author":{"gitId":"yuhanyuhan"},"content":"","lastModifiedDate":"2023-04-11"},{"lineNumber":57,"author":{"gitId":"yuhanyuhan"},"content":"                    String task \u003d String.join(\" \", taskArray);","lastModifiedDate":"2023-04-11"},{"lineNumber":58,"author":{"gitId":"yuhanyuhan"},"content":"                    String from_timing \u003d String.join(\" \", from_timingArray);","lastModifiedDate":"2023-04-11"},{"lineNumber":59,"author":{"gitId":"yuhanyuhan"},"content":"                    String to_timing \u003d String.join(\" \", to_timingArray);","lastModifiedDate":"2023-04-11"},{"lineNumber":60,"author":{"gitId":"yuhanyuhan"},"content":"","lastModifiedDate":"2023-04-11"},{"lineNumber":61,"author":{"gitId":"yuhanyuhan"},"content":"                    Event event \u003d new Event(task, from_timing, to_timing);","lastModifiedDate":"2023-04-11"},{"lineNumber":62,"author":{"gitId":"yuhanyuhan"},"content":"                    list_of_task.add(event);","lastModifiedDate":"2023-04-11"},{"lineNumber":63,"author":{"gitId":"yuhanyuhan"},"content":"","lastModifiedDate":"2023-04-11"},{"lineNumber":64,"author":{"gitId":"yuhanyuhan"},"content":"                    System.out.println(\"Got it. I\u0027ve added this task:\\n\" + event.toString());","lastModifiedDate":"2023-04-11"},{"lineNumber":65,"author":{"gitId":"yuhanyuhan"},"content":"                    System.out.println(String.format(\"Now you have %s tasks in the list.\", list_of_task.size()));","lastModifiedDate":"2023-04-11"},{"lineNumber":66,"author":{"gitId":"yuhanyuhan"},"content":"                }","lastModifiedDate":"2023-04-11"},{"lineNumber":67,"author":{"gitId":"yuhanyuhan"},"content":"","lastModifiedDate":"2023-04-11"},{"lineNumber":68,"author":{"gitId":"yuhanyuhan"},"content":"                if (input.matches(\"deadline(.*)\")) {","lastModifiedDate":"2023-04-11"},{"lineNumber":69,"author":{"gitId":"yuhanyuhan"},"content":"                    // find by/","lastModifiedDate":"2023-04-11"},{"lineNumber":70,"author":{"gitId":"yuhanyuhan"},"content":"                    int stop \u003d 0;","lastModifiedDate":"2023-04-11"},{"lineNumber":71,"author":{"gitId":"yuhanyuhan"},"content":"                    String found \u003d \"/by\";","lastModifiedDate":"2023-04-11"},{"lineNumber":72,"author":{"gitId":"yuhanyuhan"},"content":"","lastModifiedDate":"2023-04-11"},{"lineNumber":73,"author":{"gitId":"yuhanyuhan"},"content":"                    for (int i \u003d 0; i \u003c input.length(); i++) {","lastModifiedDate":"2023-04-11"},{"lineNumber":74,"author":{"gitId":"yuhanyuhan"},"content":"                        if (found.equals(strArr[i])) {","lastModifiedDate":"2023-04-11"},{"lineNumber":75,"author":{"gitId":"yuhanyuhan"},"content":"                            stop \u003d i;","lastModifiedDate":"2023-04-11"},{"lineNumber":76,"author":{"gitId":"yuhanyuhan"},"content":"                            break;","lastModifiedDate":"2023-04-11"},{"lineNumber":77,"author":{"gitId":"yuhanyuhan"},"content":"                        }","lastModifiedDate":"2023-04-11"},{"lineNumber":78,"author":{"gitId":"yuhanyuhan"},"content":"                    }","lastModifiedDate":"2023-04-11"},{"lineNumber":79,"author":{"gitId":"yuhanyuhan"},"content":"                    String[] taskArray \u003d Arrays.copyOfRange(strArr, 1, stop);","lastModifiedDate":"2023-04-11"},{"lineNumber":80,"author":{"gitId":"yuhanyuhan"},"content":"                    String[] timingArray \u003d Arrays.copyOfRange(strArr, stop + 1, strArr.length);","lastModifiedDate":"2023-04-11"},{"lineNumber":81,"author":{"gitId":"yuhanyuhan"},"content":"","lastModifiedDate":"2023-04-11"},{"lineNumber":82,"author":{"gitId":"yuhanyuhan"},"content":"                    String task \u003d String.join(\" \", taskArray);","lastModifiedDate":"2023-04-11"},{"lineNumber":83,"author":{"gitId":"yuhanyuhan"},"content":"                    String timing \u003d String.join(\" \", timingArray);","lastModifiedDate":"2023-04-11"},{"lineNumber":84,"author":{"gitId":"yuhanyuhan"},"content":"","lastModifiedDate":"2023-04-11"},{"lineNumber":85,"author":{"gitId":"yuhanyuhan"},"content":"                    Deadline deadline \u003d new Deadline(task, timing);","lastModifiedDate":"2023-04-11"},{"lineNumber":86,"author":{"gitId":"yuhanyuhan"},"content":"                    list_of_task.add(deadline);","lastModifiedDate":"2023-04-11"},{"lineNumber":87,"author":{"gitId":"yuhanyuhan"},"content":"                    System.out.println(\"Got it. I\u0027ve added this task:\\n\" + deadline.toString());","lastModifiedDate":"2023-04-11"},{"lineNumber":88,"author":{"gitId":"yuhanyuhan"},"content":"                    System.out.println(String.format(\"Now you have %s tasks in the list.\", list_of_task.size()));","lastModifiedDate":"2023-04-11"},{"lineNumber":89,"author":{"gitId":"yuhanyuhan"},"content":"","lastModifiedDate":"2023-04-11"},{"lineNumber":90,"author":{"gitId":"yuhanyuhan"},"content":"                }","lastModifiedDate":"2023-04-11"},{"lineNumber":91,"author":{"gitId":"yuhanyuhan"},"content":"","lastModifiedDate":"2023-04-11"},{"lineNumber":92,"author":{"gitId":"yuhanyuhan"},"content":"                if (input.matches(\"todo(.*)\")) {","lastModifiedDate":"2023-04-10"},{"lineNumber":93,"author":{"gitId":"yuhanyuhan"},"content":"                    String[] modifiedArray \u003d Arrays.copyOfRange(strArr, 1, strArr.length);","lastModifiedDate":"2023-04-10"},{"lineNumber":94,"author":{"gitId":"yuhanyuhan"},"content":"                    String joinedString \u003d String.join(\" \", modifiedArray);","lastModifiedDate":"2023-04-10"},{"lineNumber":95,"author":{"gitId":"yuhanyuhan"},"content":"","lastModifiedDate":"2023-04-10"},{"lineNumber":96,"author":{"gitId":"yuhanyuhan"},"content":"                    Todo to_do_task \u003d new Todo(joinedString);","lastModifiedDate":"2023-04-10"},{"lineNumber":97,"author":{"gitId":"yuhanyuhan"},"content":"                    list_of_task.add(to_do_task);","lastModifiedDate":"2023-04-10"},{"lineNumber":98,"author":{"gitId":"yuhanyuhan"},"content":"                    System.out.println(\"Got it. I\u0027ve added this task:\\n\" + to_do_task.toString());","lastModifiedDate":"2023-04-11"},{"lineNumber":99,"author":{"gitId":"yuhanyuhan"},"content":"                    System.out.println(String.format(\"Now you have %s tasks in the list.\", list_of_task.size()));","lastModifiedDate":"2023-04-11"},{"lineNumber":100,"author":{"gitId":"yuhanyuhan"},"content":"                }","lastModifiedDate":"2023-04-10"},{"lineNumber":101,"author":{"gitId":"yuhanyuhan"},"content":"","lastModifiedDate":"2023-04-10"},{"lineNumber":102,"author":{"gitId":"yuhanyuhan"},"content":"","lastModifiedDate":"2023-04-12"},{"lineNumber":103,"author":{"gitId":"yuhanyuhan"},"content":"                if (input.matches(\"mark(.*)\")) {","lastModifiedDate":"2023-04-08"},{"lineNumber":104,"author":{"gitId":"yuhanyuhan"},"content":"                    String num_input \u003d input.replaceAll(\"\\\\D+\", \"\");","lastModifiedDate":"2023-04-08"},{"lineNumber":105,"author":{"gitId":"yuhanyuhan"},"content":"                    int i \u003d Integer.parseInt(num_input);","lastModifiedDate":"2023-04-08"},{"lineNumber":106,"author":{"gitId":"yuhanyuhan"},"content":"","lastModifiedDate":"2023-04-08"},{"lineNumber":107,"author":{"gitId":"yuhanyuhan"},"content":"                    if (i \u003e list_of_task.size()) continue;","lastModifiedDate":"2023-04-08"},{"lineNumber":108,"author":{"gitId":"yuhanyuhan"},"content":"                    list_of_task.get(i - 1).markDone();","lastModifiedDate":"2023-04-08"},{"lineNumber":109,"author":{"gitId":"yuhanyuhan"},"content":"","lastModifiedDate":"2023-04-08"},{"lineNumber":110,"author":{"gitId":"yuhanyuhan"},"content":"                    System.out.println(\"Nice! I\u0027ve marked this task as done: \");","lastModifiedDate":"2023-04-08"},{"lineNumber":111,"author":{"gitId":"yuhanyuhan"},"content":"                    System.out.println(list_of_task.get(i - 1).getDescription());","lastModifiedDate":"2023-04-08"},{"lineNumber":112,"author":{"gitId":"yuhanyuhan"},"content":"                }","lastModifiedDate":"2023-04-08"},{"lineNumber":113,"author":{"gitId":"yuhanyuhan"},"content":"","lastModifiedDate":"2023-04-08"},{"lineNumber":114,"author":{"gitId":"yuhanyuhan"},"content":"                if (input.matches(\"unmark(.*)\")) {","lastModifiedDate":"2023-04-08"},{"lineNumber":115,"author":{"gitId":"yuhanyuhan"},"content":"                    String num_input \u003d input.replaceAll(\"\\\\D+\", \"\");","lastModifiedDate":"2023-04-08"},{"lineNumber":116,"author":{"gitId":"yuhanyuhan"},"content":"                    int i \u003d Integer.parseInt(num_input);","lastModifiedDate":"2023-04-08"},{"lineNumber":117,"author":{"gitId":"yuhanyuhan"},"content":"","lastModifiedDate":"2023-04-08"},{"lineNumber":118,"author":{"gitId":"yuhanyuhan"},"content":"                    if (i \u003e list_of_task.size()) continue;","lastModifiedDate":"2023-04-08"},{"lineNumber":119,"author":{"gitId":"yuhanyuhan"},"content":"                    list_of_task.get(i - 1).markUnDone();","lastModifiedDate":"2023-04-08"},{"lineNumber":120,"author":{"gitId":"yuhanyuhan"},"content":"","lastModifiedDate":"2023-04-08"},{"lineNumber":121,"author":{"gitId":"yuhanyuhan"},"content":"                    System.out.println(\"OK, I\u0027ve marked this task as not done yet: \");","lastModifiedDate":"2023-04-08"},{"lineNumber":122,"author":{"gitId":"yuhanyuhan"},"content":"                    System.out.println(list_of_task.get(i - 1).getDescription());","lastModifiedDate":"2023-04-08"},{"lineNumber":123,"author":{"gitId":"yuhanyuhan"},"content":"                }","lastModifiedDate":"2023-02-19"},{"lineNumber":124,"author":{"gitId":"yuhanyuhan"},"content":"","lastModifiedDate":"2023-02-19"},{"lineNumber":125,"author":{"gitId":"yuhanyuhan"},"content":"                if (input.matches(\"delete(.*)\")) {","lastModifiedDate":"2023-04-12"},{"lineNumber":126,"author":{"gitId":"yuhanyuhan"},"content":"                    String num_input \u003d input.replaceAll(\"\\\\D+\", \"\");","lastModifiedDate":"2023-04-12"},{"lineNumber":127,"author":{"gitId":"yuhanyuhan"},"content":"                    int i \u003d Integer.parseInt(num_input);","lastModifiedDate":"2023-04-12"},{"lineNumber":128,"author":{"gitId":"yuhanyuhan"},"content":"","lastModifiedDate":"2023-04-12"},{"lineNumber":129,"author":{"gitId":"yuhanyuhan"},"content":"                    if (i \u003e list_of_task.size()) continue;","lastModifiedDate":"2023-04-12"},{"lineNumber":130,"author":{"gitId":"yuhanyuhan"},"content":"                    System.out.println(\"Noted. I\u0027ve removed this task:\");","lastModifiedDate":"2023-04-12"},{"lineNumber":131,"author":{"gitId":"yuhanyuhan"},"content":"                    System.out.println(list_of_task.get(i).toString());","lastModifiedDate":"2023-04-12"},{"lineNumber":132,"author":{"gitId":"yuhanyuhan"},"content":"                    list_of_task.remove(i);","lastModifiedDate":"2023-04-12"},{"lineNumber":133,"author":{"gitId":"yuhanyuhan"},"content":"","lastModifiedDate":"2023-04-12"},{"lineNumber":134,"author":{"gitId":"yuhanyuhan"},"content":"                    if (!list_of_task.isEmpty()) System.out.println(String.format(\"Now you have %s tasks in the list.\", list_of_task.size()));","lastModifiedDate":"2023-04-12"},{"lineNumber":135,"author":{"gitId":"yuhanyuhan"},"content":"                }","lastModifiedDate":"2023-04-12"},{"lineNumber":136,"author":{"gitId":"yuhanyuhan"},"content":"","lastModifiedDate":"2023-04-12"},{"lineNumber":137,"author":{"gitId":"yuhanyuhan"},"content":"                if (input.equals(\"list\")) {","lastModifiedDate":"2023-02-19"},{"lineNumber":138,"author":{"gitId":"yuhanyuhan"},"content":"                    if (list_of_task.isEmpty()) continue;","lastModifiedDate":"2023-04-08"},{"lineNumber":139,"author":{"gitId":"yuhanyuhan"},"content":"                    System.out.println(\"Here are the tasks in your list: \");","lastModifiedDate":"2023-04-08"},{"lineNumber":140,"author":{"gitId":"yuhanyuhan"},"content":"                    for (int index \u003d 0; index \u003c list_of_task.size(); index++) {","lastModifiedDate":"2023-04-11"},{"lineNumber":141,"author":{"gitId":"yuhanyuhan"},"content":"                        System.out.println(index + 1 + \". \" + list_of_task.get(index).toString());","lastModifiedDate":"2023-04-11"},{"lineNumber":142,"author":{"gitId":"yuhanyuhan"},"content":"                    }","lastModifiedDate":"2023-02-19"},{"lineNumber":143,"author":{"gitId":"yuhanyuhan"},"content":"                }","lastModifiedDate":"2023-02-19"},{"lineNumber":144,"author":{"gitId":"yuhanyuhan"},"content":"","lastModifiedDate":"2023-02-19"},{"lineNumber":145,"author":{"gitId":"yuhanyuhan"},"content":"                if (input.equals(\"bye\")) {","lastModifiedDate":"2023-02-19"},{"lineNumber":146,"author":{"gitId":"yuhanyuhan"},"content":"                    System.out.println(\"Bye. Hope to see you again soon!\\n\");","lastModifiedDate":"2023-02-19"},{"lineNumber":147,"author":{"gitId":"yuhanyuhan"},"content":"                    break;","lastModifiedDate":"2023-02-19"},{"lineNumber":148,"author":{"gitId":"-"},"content":"                }","lastModifiedDate":"2019-07-29"},{"lineNumber":149,"author":{"gitId":"yuhanyuhan"},"content":"","lastModifiedDate":"2023-04-08"},{"lineNumber":150,"author":{"gitId":"yuhanyuhan"},"content":"            } catch (DukeException e) {","lastModifiedDate":"2023-04-12"},{"lineNumber":151,"author":{"gitId":"yuhanyuhan"},"content":"                System.out.println(e);","lastModifiedDate":"2023-04-12"},{"lineNumber":152,"author":{"gitId":"yuhanyuhan"},"content":"            }","lastModifiedDate":"2023-04-12"},{"lineNumber":153,"author":{"gitId":"-"},"content":"        }","lastModifiedDate":"2019-07-29"},{"lineNumber":154,"author":{"gitId":"yuhanyuhan"},"content":"        scanner.close();","lastModifiedDate":"2023-02-19"},{"lineNumber":155,"author":{"gitId":"-"},"content":"    }","lastModifiedDate":"2023-02-19"},{"lineNumber":156,"author":{"gitId":"yuhanyuhan"},"content":"}","lastModifiedDate":"2023-02-19"}],"authorContributionMap":{"yuhanyuhan":152,"-":4}},{"path":"src/main/java/DukeException.java","fileType":"java","lines":[{"lineNumber":1,"author":{"gitId":"yuhanyuhan"},"content":"public class DukeException extends Exception {","lastModifiedDate":"2023-04-12"},{"lineNumber":2,"author":{"gitId":"yuhanyuhan"},"content":"","lastModifiedDate":"2023-04-12"},{"lineNumber":3,"author":{"gitId":"yuhanyuhan"},"content":"    public DukeException(String errorMessage) {","lastModifiedDate":"2023-04-12"},{"lineNumber":4,"author":{"gitId":"yuhanyuhan"},"content":"        super(errorMessage);","lastModifiedDate":"2023-04-12"},{"lineNumber":5,"author":{"gitId":"yuhanyuhan"},"content":"    }","lastModifiedDate":"2023-04-12"},{"lineNumber":6,"author":{"gitId":"yuhanyuhan"},"content":"","lastModifiedDate":"2023-04-12"},{"lineNumber":7,"author":{"gitId":"yuhanyuhan"},"content":"","lastModifiedDate":"2023-04-12"},{"lineNumber":8,"author":{"gitId":"yuhanyuhan"},"content":"","lastModifiedDate":"2023-04-12"},{"lineNumber":9,"author":{"gitId":"yuhanyuhan"},"content":"}","lastModifiedDate":"2023-04-12"}],"authorContributionMap":{"yuhanyuhan":9}},{"path":"src/main/java/Event.java","fileType":"java","lines":[{"lineNumber":1,"author":{"gitId":"yuhanyuhan"},"content":"public class Event extends Task {","lastModifiedDate":"2023-04-11"},{"lineNumber":2,"author":{"gitId":"yuhanyuhan"},"content":"","lastModifiedDate":"2023-04-11"},{"lineNumber":3,"author":{"gitId":"yuhanyuhan"},"content":"    protected String from;","lastModifiedDate":"2023-04-11"},{"lineNumber":4,"author":{"gitId":"yuhanyuhan"},"content":"    protected String to;","lastModifiedDate":"2023-04-11"},{"lineNumber":5,"author":{"gitId":"yuhanyuhan"},"content":"","lastModifiedDate":"2023-04-11"},{"lineNumber":6,"author":{"gitId":"yuhanyuhan"},"content":"    public Event(String description, String from, String to) {","lastModifiedDate":"2023-04-11"},{"lineNumber":7,"author":{"gitId":"yuhanyuhan"},"content":"        super(description);","lastModifiedDate":"2023-04-11"},{"lineNumber":8,"author":{"gitId":"yuhanyuhan"},"content":"        this.from \u003d from;","lastModifiedDate":"2023-04-11"},{"lineNumber":9,"author":{"gitId":"yuhanyuhan"},"content":"        this.to \u003d to;","lastModifiedDate":"2023-04-11"},{"lineNumber":10,"author":{"gitId":"yuhanyuhan"},"content":"    }","lastModifiedDate":"2023-04-11"},{"lineNumber":11,"author":{"gitId":"yuhanyuhan"},"content":"","lastModifiedDate":"2023-04-11"},{"lineNumber":12,"author":{"gitId":"yuhanyuhan"},"content":"    @Override","lastModifiedDate":"2023-04-11"},{"lineNumber":13,"author":{"gitId":"yuhanyuhan"},"content":"    public String toString() {","lastModifiedDate":"2023-04-11"},{"lineNumber":14,"author":{"gitId":"yuhanyuhan"},"content":"        return \"[E]\" + getDescription() + \" (by: \" + from + \" to: \" + to + \")\";","lastModifiedDate":"2023-04-11"},{"lineNumber":15,"author":{"gitId":"yuhanyuhan"},"content":"    }","lastModifiedDate":"2023-04-11"},{"lineNumber":16,"author":{"gitId":"yuhanyuhan"},"content":"}","lastModifiedDate":"2023-04-11"}],"authorContributionMap":{"yuhanyuhan":16}},{"path":"src/main/java/Task.java","fileType":"java","lines":[{"lineNumber":1,"author":{"gitId":"yuhanyuhan"},"content":"import java.util.ArrayList;","lastModifiedDate":"2023-04-08"},{"lineNumber":2,"author":{"gitId":"yuhanyuhan"},"content":"","lastModifiedDate":"2023-04-08"},{"lineNumber":3,"author":{"gitId":"yuhanyuhan"},"content":"public class Task {","lastModifiedDate":"2023-04-08"},{"lineNumber":4,"author":{"gitId":"yuhanyuhan"},"content":"    protected String description;","lastModifiedDate":"2023-04-08"},{"lineNumber":5,"author":{"gitId":"yuhanyuhan"},"content":"    protected boolean isDone;","lastModifiedDate":"2023-04-08"},{"lineNumber":6,"author":{"gitId":"yuhanyuhan"},"content":"","lastModifiedDate":"2023-04-08"},{"lineNumber":7,"author":{"gitId":"yuhanyuhan"},"content":"    ArrayList\u003cString\u003e task \u003d new ArrayList();","lastModifiedDate":"2023-04-08"},{"lineNumber":8,"author":{"gitId":"yuhanyuhan"},"content":"","lastModifiedDate":"2023-04-08"},{"lineNumber":9,"author":{"gitId":"yuhanyuhan"},"content":"    public Task(String description) {","lastModifiedDate":"2023-04-08"},{"lineNumber":10,"author":{"gitId":"yuhanyuhan"},"content":"        this.description \u003d description;","lastModifiedDate":"2023-04-08"},{"lineNumber":11,"author":{"gitId":"yuhanyuhan"},"content":"        this.isDone \u003d false;","lastModifiedDate":"2023-04-08"},{"lineNumber":12,"author":{"gitId":"yuhanyuhan"},"content":"    }","lastModifiedDate":"2023-04-08"},{"lineNumber":13,"author":{"gitId":"yuhanyuhan"},"content":"    public void markDone() {","lastModifiedDate":"2023-04-08"},{"lineNumber":14,"author":{"gitId":"yuhanyuhan"},"content":"        if (isDone) return;","lastModifiedDate":"2023-04-08"},{"lineNumber":15,"author":{"gitId":"yuhanyuhan"},"content":"        this.isDone \u003d true;","lastModifiedDate":"2023-04-08"},{"lineNumber":16,"author":{"gitId":"yuhanyuhan"},"content":"    }","lastModifiedDate":"2023-04-08"},{"lineNumber":17,"author":{"gitId":"yuhanyuhan"},"content":"","lastModifiedDate":"2023-04-08"},{"lineNumber":18,"author":{"gitId":"yuhanyuhan"},"content":"    public void markUnDone() {","lastModifiedDate":"2023-04-08"},{"lineNumber":19,"author":{"gitId":"yuhanyuhan"},"content":"        if (!isDone) return;","lastModifiedDate":"2023-04-08"},{"lineNumber":20,"author":{"gitId":"yuhanyuhan"},"content":"        this.isDone \u003d false;","lastModifiedDate":"2023-04-08"},{"lineNumber":21,"author":{"gitId":"yuhanyuhan"},"content":"    }","lastModifiedDate":"2023-04-08"},{"lineNumber":22,"author":{"gitId":"yuhanyuhan"},"content":"","lastModifiedDate":"2023-04-08"},{"lineNumber":23,"author":{"gitId":"yuhanyuhan"},"content":"    public String getStatusIcon() {","lastModifiedDate":"2023-04-08"},{"lineNumber":24,"author":{"gitId":"yuhanyuhan"},"content":"        return (isDone ? \"[X]\" : \"[ ]\"); // mark done task with X","lastModifiedDate":"2023-04-10"},{"lineNumber":25,"author":{"gitId":"yuhanyuhan"},"content":"    }","lastModifiedDate":"2023-04-08"},{"lineNumber":26,"author":{"gitId":"yuhanyuhan"},"content":"","lastModifiedDate":"2023-04-08"},{"lineNumber":27,"author":{"gitId":"yuhanyuhan"},"content":"    public String getDescription() {","lastModifiedDate":"2023-04-08"},{"lineNumber":28,"author":{"gitId":"yuhanyuhan"},"content":"        return \"\" + getStatusIcon() + this.description;","lastModifiedDate":"2023-04-10"},{"lineNumber":29,"author":{"gitId":"yuhanyuhan"},"content":"    }","lastModifiedDate":"2023-04-08"},{"lineNumber":30,"author":{"gitId":"yuhanyuhan"},"content":"}","lastModifiedDate":"2023-04-08"}],"authorContributionMap":{"yuhanyuhan":30}},{"path":"src/main/java/Todo.java","fileType":"java","lines":[{"lineNumber":1,"author":{"gitId":"yuhanyuhan"},"content":"public class Todo extends Task {","lastModifiedDate":"2023-04-10"},{"lineNumber":2,"author":{"gitId":"yuhanyuhan"},"content":"","lastModifiedDate":"2023-04-10"},{"lineNumber":3,"author":{"gitId":"yuhanyuhan"},"content":"    public Todo(String description) {","lastModifiedDate":"2023-04-10"},{"lineNumber":4,"author":{"gitId":"yuhanyuhan"},"content":"        super(description);","lastModifiedDate":"2023-04-10"},{"lineNumber":5,"author":{"gitId":"yuhanyuhan"},"content":"    }","lastModifiedDate":"2023-04-10"},{"lineNumber":6,"author":{"gitId":"yuhanyuhan"},"content":"","lastModifiedDate":"2023-04-10"},{"lineNumber":7,"author":{"gitId":"yuhanyuhan"},"content":"    @Override","lastModifiedDate":"2023-04-10"},{"lineNumber":8,"author":{"gitId":"yuhanyuhan"},"content":"    public String toString() {","lastModifiedDate":"2023-04-10"},{"lineNumber":9,"author":{"gitId":"yuhanyuhan"},"content":"        return \"[T]\" + getDescription();","lastModifiedDate":"2023-04-11"},{"lineNumber":10,"author":{"gitId":"yuhanyuhan"},"content":"    }","lastModifiedDate":"2023-04-10"},{"lineNumber":11,"author":{"gitId":"yuhanyuhan"},"content":"}","lastModifiedDate":"2023-04-10"}],"authorContributionMap":{"yuhanyuhan":11}}]
