[{"path":"src/main/java/Deadline.java","fileType":"java","lines":[{"lineNumber":1,"author":{"gitId":"yuhanyuhan"},"content":"public class Deadline extends Task {","lastModifiedDate":"2023-04-10"},{"lineNumber":2,"author":{"gitId":"yuhanyuhan"},"content":"","lastModifiedDate":"2023-04-10"},{"lineNumber":3,"author":{"gitId":"yuhanyuhan"},"content":"    protected String by;","lastModifiedDate":"2023-04-10"},{"lineNumber":4,"author":{"gitId":"yuhanyuhan"},"content":"","lastModifiedDate":"2023-04-10"},{"lineNumber":5,"author":{"gitId":"yuhanyuhan"},"content":"    public Deadline(String description, String by) {","lastModifiedDate":"2023-04-10"},{"lineNumber":6,"author":{"gitId":"yuhanyuhan"},"content":"        super(description);","lastModifiedDate":"2023-04-10"},{"lineNumber":7,"author":{"gitId":"yuhanyuhan"},"content":"        this.by \u003d by;","lastModifiedDate":"2023-04-10"},{"lineNumber":8,"author":{"gitId":"yuhanyuhan"},"content":"    }","lastModifiedDate":"2023-04-10"},{"lineNumber":9,"author":{"gitId":"yuhanyuhan"},"content":"","lastModifiedDate":"2023-04-10"},{"lineNumber":10,"author":{"gitId":"yuhanyuhan"},"content":"    @Override","lastModifiedDate":"2023-04-10"},{"lineNumber":11,"author":{"gitId":"yuhanyuhan"},"content":"    public String toString() {","lastModifiedDate":"2023-04-10"},{"lineNumber":12,"author":{"gitId":"yuhanyuhan"},"content":"        return \"[D]\" + getDescription() + \" (by: \" + by + \")\";","lastModifiedDate":"2023-04-11"},{"lineNumber":13,"author":{"gitId":"yuhanyuhan"},"content":"    }","lastModifiedDate":"2023-04-10"},{"lineNumber":14,"author":{"gitId":"yuhanyuhan"},"content":"}","lastModifiedDate":"2023-04-10"}],"authorContributionMap":{"yuhanyuhan":14}},{"path":"src/main/java/Duke.java","fileType":"java","lines":[{"lineNumber":1,"author":{"gitId":"yuhanyuhan"},"content":"import java.util.ArrayList;","lastModifiedDate":"2023-02-19"},{"lineNumber":2,"author":{"gitId":"yuhanyuhan"},"content":"import java.util.Arrays;","lastModifiedDate":"2023-04-10"},{"lineNumber":3,"author":{"gitId":"yuhanyuhan"},"content":"import java.util.Scanner;","lastModifiedDate":"2023-02-19"},{"lineNumber":4,"author":{"gitId":"yuhanyuhan"},"content":"","lastModifiedDate":"2023-02-19"},{"lineNumber":5,"author":{"gitId":"-"},"content":"public class Duke {","lastModifiedDate":"2019-07-29"},{"lineNumber":6,"author":{"gitId":"-"},"content":"    public static void main(String[] args) {","lastModifiedDate":"2019-07-29"},{"lineNumber":7,"author":{"gitId":"yuhanyuhan"},"content":"        System.out.println(\"Hello! I\u0027m Duke\\n\" + \"What can I do for you?\");","lastModifiedDate":"2023-02-19"},{"lineNumber":8,"author":{"gitId":"yuhanyuhan"},"content":"        Scanner scanner \u003d new Scanner(System.in);","lastModifiedDate":"2023-02-19"},{"lineNumber":9,"author":{"gitId":"yuhanyuhan"},"content":"        // create an array of task","lastModifiedDate":"2023-04-08"},{"lineNumber":10,"author":{"gitId":"yuhanyuhan"},"content":"        ArrayList\u003cTask\u003e list_of_task \u003d new ArrayList\u003cTask\u003e();","lastModifiedDate":"2023-04-08"},{"lineNumber":11,"author":{"gitId":"yuhanyuhan"},"content":"","lastModifiedDate":"2023-02-19"},{"lineNumber":12,"author":{"gitId":"yuhanyuhan"},"content":"        while (scanner.hasNext()) {","lastModifiedDate":"2023-02-19"},{"lineNumber":13,"author":{"gitId":"yuhanyuhan"},"content":"            String input \u003d scanner.nextLine();","lastModifiedDate":"2023-02-19"},{"lineNumber":14,"author":{"gitId":"yuhanyuhan"},"content":"            if (input.isEmpty()) continue;","lastModifiedDate":"2023-04-11"},{"lineNumber":15,"author":{"gitId":"yuhanyuhan"},"content":"            String[] strArr \u003d input.split(\" \");","lastModifiedDate":"2023-04-10"},{"lineNumber":16,"author":{"gitId":"yuhanyuhan"},"content":"","lastModifiedDate":"2023-04-08"},{"lineNumber":17,"author":{"gitId":"yuhanyuhan"},"content":"            if (!input.contains(\"list\")","lastModifiedDate":"2023-04-10"},{"lineNumber":18,"author":{"gitId":"yuhanyuhan"},"content":"                \u0026\u0026 !input.contains(\"bye\")","lastModifiedDate":"2023-04-10"},{"lineNumber":19,"author":{"gitId":"yuhanyuhan"},"content":"                \u0026\u0026 !input.contains(\"mark\")","lastModifiedDate":"2023-04-10"},{"lineNumber":20,"author":{"gitId":"yuhanyuhan"},"content":"                \u0026\u0026 !input.contains(\"unmark\")","lastModifiedDate":"2023-04-10"},{"lineNumber":21,"author":{"gitId":"yuhanyuhan"},"content":"                \u0026\u0026 !input.contains(\"todo\")","lastModifiedDate":"2023-04-10"},{"lineNumber":22,"author":{"gitId":"yuhanyuhan"},"content":"                \u0026\u0026 !input.contains(\"deadline\")","lastModifiedDate":"2023-04-11"},{"lineNumber":23,"author":{"gitId":"yuhanyuhan"},"content":"            ) {","lastModifiedDate":"2023-04-10"},{"lineNumber":24,"author":{"gitId":"yuhanyuhan"},"content":"                Task new_task \u003d new Task(strArr[0]);","lastModifiedDate":"2023-04-10"},{"lineNumber":25,"author":{"gitId":"yuhanyuhan"},"content":"                list_of_task.add(new_task);","lastModifiedDate":"2023-04-08"},{"lineNumber":26,"author":{"gitId":"yuhanyuhan"},"content":"                System.out.println(\"added:\" + new_task.description);","lastModifiedDate":"2023-04-08"},{"lineNumber":27,"author":{"gitId":"yuhanyuhan"},"content":"            }","lastModifiedDate":"2023-04-08"},{"lineNumber":28,"author":{"gitId":"yuhanyuhan"},"content":"","lastModifiedDate":"2023-04-08"},{"lineNumber":29,"author":{"gitId":"yuhanyuhan"},"content":"            if (input.matches(\"deadline(.*)\")) {","lastModifiedDate":"2023-04-11"},{"lineNumber":30,"author":{"gitId":"yuhanyuhan"},"content":"                // find by/","lastModifiedDate":"2023-04-11"},{"lineNumber":31,"author":{"gitId":"yuhanyuhan"},"content":"                int stop \u003d 0;","lastModifiedDate":"2023-04-11"},{"lineNumber":32,"author":{"gitId":"yuhanyuhan"},"content":"                String found \u003d \"/by\";","lastModifiedDate":"2023-04-11"},{"lineNumber":33,"author":{"gitId":"yuhanyuhan"},"content":"","lastModifiedDate":"2023-04-11"},{"lineNumber":34,"author":{"gitId":"yuhanyuhan"},"content":"                for(int i \u003d 0; i \u003c input.length(); i++)","lastModifiedDate":"2023-04-11"},{"lineNumber":35,"author":{"gitId":"yuhanyuhan"},"content":"                {","lastModifiedDate":"2023-04-11"},{"lineNumber":36,"author":{"gitId":"yuhanyuhan"},"content":"                    if(found.equals(strArr[i]))","lastModifiedDate":"2023-04-11"},{"lineNumber":37,"author":{"gitId":"yuhanyuhan"},"content":"                    {","lastModifiedDate":"2023-04-11"},{"lineNumber":38,"author":{"gitId":"yuhanyuhan"},"content":"                        stop \u003d i;","lastModifiedDate":"2023-04-11"},{"lineNumber":39,"author":{"gitId":"yuhanyuhan"},"content":"                        break;","lastModifiedDate":"2023-04-11"},{"lineNumber":40,"author":{"gitId":"yuhanyuhan"},"content":"                    }","lastModifiedDate":"2023-04-11"},{"lineNumber":41,"author":{"gitId":"yuhanyuhan"},"content":"                }","lastModifiedDate":"2023-04-11"},{"lineNumber":42,"author":{"gitId":"yuhanyuhan"},"content":"                String[] taskArray \u003d Arrays.copyOfRange(strArr, 1, stop);","lastModifiedDate":"2023-04-11"},{"lineNumber":43,"author":{"gitId":"yuhanyuhan"},"content":"                String[] timingArray \u003d Arrays.copyOfRange(strArr, stop+1, strArr.length);","lastModifiedDate":"2023-04-11"},{"lineNumber":44,"author":{"gitId":"yuhanyuhan"},"content":"","lastModifiedDate":"2023-04-11"},{"lineNumber":45,"author":{"gitId":"yuhanyuhan"},"content":"                String task \u003d String.join(\" \", taskArray);","lastModifiedDate":"2023-04-11"},{"lineNumber":46,"author":{"gitId":"yuhanyuhan"},"content":"                String timing \u003d String.join(\" \", timingArray);","lastModifiedDate":"2023-04-11"},{"lineNumber":47,"author":{"gitId":"yuhanyuhan"},"content":"","lastModifiedDate":"2023-04-11"},{"lineNumber":48,"author":{"gitId":"yuhanyuhan"},"content":"                Deadline deadline \u003d new Deadline(task, timing);","lastModifiedDate":"2023-04-11"},{"lineNumber":49,"author":{"gitId":"yuhanyuhan"},"content":"                list_of_task.add(deadline);","lastModifiedDate":"2023-04-11"},{"lineNumber":50,"author":{"gitId":"yuhanyuhan"},"content":"                System.out.println(\"Got it. I\u0027ve added this task:\\n\" + deadline.toString());","lastModifiedDate":"2023-04-11"},{"lineNumber":51,"author":{"gitId":"yuhanyuhan"},"content":"            }","lastModifiedDate":"2023-04-11"},{"lineNumber":52,"author":{"gitId":"yuhanyuhan"},"content":"","lastModifiedDate":"2023-04-11"},{"lineNumber":53,"author":{"gitId":"yuhanyuhan"},"content":"            if (input.matches(\"todo(.*)\")) {","lastModifiedDate":"2023-04-10"},{"lineNumber":54,"author":{"gitId":"yuhanyuhan"},"content":"                String[] modifiedArray \u003d Arrays.copyOfRange(strArr, 1, strArr.length);","lastModifiedDate":"2023-04-10"},{"lineNumber":55,"author":{"gitId":"yuhanyuhan"},"content":"                String joinedString \u003d String.join(\" \", modifiedArray);","lastModifiedDate":"2023-04-10"},{"lineNumber":56,"author":{"gitId":"yuhanyuhan"},"content":"","lastModifiedDate":"2023-04-10"},{"lineNumber":57,"author":{"gitId":"yuhanyuhan"},"content":"                Todo to_do_task \u003d new Todo(joinedString);","lastModifiedDate":"2023-04-10"},{"lineNumber":58,"author":{"gitId":"yuhanyuhan"},"content":"                list_of_task.add(to_do_task);","lastModifiedDate":"2023-04-10"},{"lineNumber":59,"author":{"gitId":"yuhanyuhan"},"content":"                System.out.println(\"Got it. I\u0027ve added this task:\\n\" + to_do_task.toString());","lastModifiedDate":"2023-04-11"},{"lineNumber":60,"author":{"gitId":"yuhanyuhan"},"content":"                System.out.println(String.format(\"Now you have %s tasks in the list.\", list_of_task.size()));","lastModifiedDate":"2023-04-11"},{"lineNumber":61,"author":{"gitId":"yuhanyuhan"},"content":"","lastModifiedDate":"2023-04-11"},{"lineNumber":62,"author":{"gitId":"yuhanyuhan"},"content":"            }","lastModifiedDate":"2023-04-10"},{"lineNumber":63,"author":{"gitId":"yuhanyuhan"},"content":"","lastModifiedDate":"2023-04-10"},{"lineNumber":64,"author":{"gitId":"yuhanyuhan"},"content":"            if (input.matches(\"mark(.*)\")) {","lastModifiedDate":"2023-04-08"},{"lineNumber":65,"author":{"gitId":"yuhanyuhan"},"content":"                String num_input \u003d input.replaceAll(\"\\\\D+\",\"\");","lastModifiedDate":"2023-04-08"},{"lineNumber":66,"author":{"gitId":"yuhanyuhan"},"content":"                int i \u003d Integer.parseInt(num_input);","lastModifiedDate":"2023-04-08"},{"lineNumber":67,"author":{"gitId":"yuhanyuhan"},"content":"","lastModifiedDate":"2023-04-08"},{"lineNumber":68,"author":{"gitId":"yuhanyuhan"},"content":"                if (i \u003e list_of_task.size()) continue;","lastModifiedDate":"2023-04-08"},{"lineNumber":69,"author":{"gitId":"yuhanyuhan"},"content":"                list_of_task.get(i - 1).markDone();","lastModifiedDate":"2023-04-08"},{"lineNumber":70,"author":{"gitId":"yuhanyuhan"},"content":"","lastModifiedDate":"2023-04-08"},{"lineNumber":71,"author":{"gitId":"yuhanyuhan"},"content":"                System.out.println(\"Nice! I\u0027ve marked this task as done: \");","lastModifiedDate":"2023-04-08"},{"lineNumber":72,"author":{"gitId":"yuhanyuhan"},"content":"                System.out.println(list_of_task.get(i - 1).getDescription());","lastModifiedDate":"2023-04-08"},{"lineNumber":73,"author":{"gitId":"yuhanyuhan"},"content":"            }","lastModifiedDate":"2023-04-08"},{"lineNumber":74,"author":{"gitId":"yuhanyuhan"},"content":"","lastModifiedDate":"2023-04-08"},{"lineNumber":75,"author":{"gitId":"yuhanyuhan"},"content":"            if (input.matches(\"unmark(.*)\")) {","lastModifiedDate":"2023-04-08"},{"lineNumber":76,"author":{"gitId":"yuhanyuhan"},"content":"                String num_input \u003d input.replaceAll(\"\\\\D+\",\"\");","lastModifiedDate":"2023-04-08"},{"lineNumber":77,"author":{"gitId":"yuhanyuhan"},"content":"                int i \u003d Integer.parseInt(num_input);","lastModifiedDate":"2023-04-08"},{"lineNumber":78,"author":{"gitId":"yuhanyuhan"},"content":"","lastModifiedDate":"2023-04-08"},{"lineNumber":79,"author":{"gitId":"yuhanyuhan"},"content":"                if (i \u003e list_of_task.size()) continue;","lastModifiedDate":"2023-04-08"},{"lineNumber":80,"author":{"gitId":"yuhanyuhan"},"content":"                list_of_task.get(i - 1).markUnDone();","lastModifiedDate":"2023-04-08"},{"lineNumber":81,"author":{"gitId":"yuhanyuhan"},"content":"","lastModifiedDate":"2023-04-08"},{"lineNumber":82,"author":{"gitId":"yuhanyuhan"},"content":"                System.out.println(\"OK, I\u0027ve marked this task as not done yet: \");","lastModifiedDate":"2023-04-08"},{"lineNumber":83,"author":{"gitId":"yuhanyuhan"},"content":"                System.out.println(list_of_task.get(i - 1).getDescription());","lastModifiedDate":"2023-04-08"},{"lineNumber":84,"author":{"gitId":"yuhanyuhan"},"content":"            }","lastModifiedDate":"2023-02-19"},{"lineNumber":85,"author":{"gitId":"yuhanyuhan"},"content":"","lastModifiedDate":"2023-02-19"},{"lineNumber":86,"author":{"gitId":"yuhanyuhan"},"content":"            if (input.equals(\"list\")) {","lastModifiedDate":"2023-02-19"},{"lineNumber":87,"author":{"gitId":"yuhanyuhan"},"content":"                if (list_of_task.isEmpty()) continue;","lastModifiedDate":"2023-04-08"},{"lineNumber":88,"author":{"gitId":"yuhanyuhan"},"content":"                System.out.println(\"Here are the tasks in your list: \");","lastModifiedDate":"2023-04-08"},{"lineNumber":89,"author":{"gitId":"yuhanyuhan"},"content":"                for (int index \u003d 0; index \u003c list_of_task.size(); index++)","lastModifiedDate":"2023-04-08"},{"lineNumber":90,"author":{"gitId":"yuhanyuhan"},"content":"                {","lastModifiedDate":"2023-02-19"},{"lineNumber":91,"author":{"gitId":"yuhanyuhan"},"content":"                    System.out.println(index+1 + \". \" + list_of_task.get(index).toString());","lastModifiedDate":"2023-04-11"},{"lineNumber":92,"author":{"gitId":"yuhanyuhan"},"content":"                }","lastModifiedDate":"2023-02-19"},{"lineNumber":93,"author":{"gitId":"yuhanyuhan"},"content":"            }","lastModifiedDate":"2023-02-19"},{"lineNumber":94,"author":{"gitId":"yuhanyuhan"},"content":"","lastModifiedDate":"2023-02-19"},{"lineNumber":95,"author":{"gitId":"yuhanyuhan"},"content":"            if (input.equals(\"bye\") ) {","lastModifiedDate":"2023-02-19"},{"lineNumber":96,"author":{"gitId":"yuhanyuhan"},"content":"                System.out.println(\"Bye. Hope to see you again soon!\\n\");","lastModifiedDate":"2023-02-19"},{"lineNumber":97,"author":{"gitId":"yuhanyuhan"},"content":"                break;","lastModifiedDate":"2023-02-19"},{"lineNumber":98,"author":{"gitId":"-"},"content":"            }","lastModifiedDate":"2019-07-29"},{"lineNumber":99,"author":{"gitId":"yuhanyuhan"},"content":"","lastModifiedDate":"2023-04-08"},{"lineNumber":100,"author":{"gitId":"-"},"content":"        }","lastModifiedDate":"2019-07-29"},{"lineNumber":101,"author":{"gitId":"yuhanyuhan"},"content":"        scanner.close();","lastModifiedDate":"2023-02-19"},{"lineNumber":102,"author":{"gitId":"-"},"content":"    }","lastModifiedDate":"2023-02-19"},{"lineNumber":103,"author":{"gitId":"yuhanyuhan"},"content":"","lastModifiedDate":"2023-02-19"},{"lineNumber":104,"author":{"gitId":"yuhanyuhan"},"content":"}","lastModifiedDate":"2023-02-19"}],"authorContributionMap":{"yuhanyuhan":99,"-":5}},{"path":"src/main/java/Task.java","fileType":"java","lines":[{"lineNumber":1,"author":{"gitId":"yuhanyuhan"},"content":"import java.util.ArrayList;","lastModifiedDate":"2023-04-08"},{"lineNumber":2,"author":{"gitId":"yuhanyuhan"},"content":"","lastModifiedDate":"2023-04-08"},{"lineNumber":3,"author":{"gitId":"yuhanyuhan"},"content":"public class Task {","lastModifiedDate":"2023-04-08"},{"lineNumber":4,"author":{"gitId":"yuhanyuhan"},"content":"    protected String description;","lastModifiedDate":"2023-04-08"},{"lineNumber":5,"author":{"gitId":"yuhanyuhan"},"content":"    protected boolean isDone;","lastModifiedDate":"2023-04-08"},{"lineNumber":6,"author":{"gitId":"yuhanyuhan"},"content":"","lastModifiedDate":"2023-04-08"},{"lineNumber":7,"author":{"gitId":"yuhanyuhan"},"content":"    ArrayList\u003cString\u003e task \u003d new ArrayList();","lastModifiedDate":"2023-04-08"},{"lineNumber":8,"author":{"gitId":"yuhanyuhan"},"content":"","lastModifiedDate":"2023-04-08"},{"lineNumber":9,"author":{"gitId":"yuhanyuhan"},"content":"    public Task(String description) {","lastModifiedDate":"2023-04-08"},{"lineNumber":10,"author":{"gitId":"yuhanyuhan"},"content":"        this.description \u003d description;","lastModifiedDate":"2023-04-08"},{"lineNumber":11,"author":{"gitId":"yuhanyuhan"},"content":"        this.isDone \u003d false;","lastModifiedDate":"2023-04-08"},{"lineNumber":12,"author":{"gitId":"yuhanyuhan"},"content":"    }","lastModifiedDate":"2023-04-08"},{"lineNumber":13,"author":{"gitId":"yuhanyuhan"},"content":"    public void markDone() {","lastModifiedDate":"2023-04-08"},{"lineNumber":14,"author":{"gitId":"yuhanyuhan"},"content":"        if (isDone) return;","lastModifiedDate":"2023-04-08"},{"lineNumber":15,"author":{"gitId":"yuhanyuhan"},"content":"        this.isDone \u003d true;","lastModifiedDate":"2023-04-08"},{"lineNumber":16,"author":{"gitId":"yuhanyuhan"},"content":"    }","lastModifiedDate":"2023-04-08"},{"lineNumber":17,"author":{"gitId":"yuhanyuhan"},"content":"","lastModifiedDate":"2023-04-08"},{"lineNumber":18,"author":{"gitId":"yuhanyuhan"},"content":"    public void markUnDone() {","lastModifiedDate":"2023-04-08"},{"lineNumber":19,"author":{"gitId":"yuhanyuhan"},"content":"        if (!isDone) return;","lastModifiedDate":"2023-04-08"},{"lineNumber":20,"author":{"gitId":"yuhanyuhan"},"content":"        this.isDone \u003d false;","lastModifiedDate":"2023-04-08"},{"lineNumber":21,"author":{"gitId":"yuhanyuhan"},"content":"    }","lastModifiedDate":"2023-04-08"},{"lineNumber":22,"author":{"gitId":"yuhanyuhan"},"content":"","lastModifiedDate":"2023-04-08"},{"lineNumber":23,"author":{"gitId":"yuhanyuhan"},"content":"    public String getStatusIcon() {","lastModifiedDate":"2023-04-08"},{"lineNumber":24,"author":{"gitId":"yuhanyuhan"},"content":"        return (isDone ? \"[X]\" : \"[ ]\"); // mark done task with X","lastModifiedDate":"2023-04-10"},{"lineNumber":25,"author":{"gitId":"yuhanyuhan"},"content":"    }","lastModifiedDate":"2023-04-08"},{"lineNumber":26,"author":{"gitId":"yuhanyuhan"},"content":"","lastModifiedDate":"2023-04-08"},{"lineNumber":27,"author":{"gitId":"yuhanyuhan"},"content":"    public String getDescription() {","lastModifiedDate":"2023-04-08"},{"lineNumber":28,"author":{"gitId":"yuhanyuhan"},"content":"        return \"\" + getStatusIcon() + this.description;","lastModifiedDate":"2023-04-10"},{"lineNumber":29,"author":{"gitId":"yuhanyuhan"},"content":"    }","lastModifiedDate":"2023-04-08"},{"lineNumber":30,"author":{"gitId":"yuhanyuhan"},"content":"}","lastModifiedDate":"2023-04-08"}],"authorContributionMap":{"yuhanyuhan":30}},{"path":"src/main/java/Todo.java","fileType":"java","lines":[{"lineNumber":1,"author":{"gitId":"yuhanyuhan"},"content":"public class Todo extends Task {","lastModifiedDate":"2023-04-10"},{"lineNumber":2,"author":{"gitId":"yuhanyuhan"},"content":"","lastModifiedDate":"2023-04-10"},{"lineNumber":3,"author":{"gitId":"yuhanyuhan"},"content":"    public Todo(String description) {","lastModifiedDate":"2023-04-10"},{"lineNumber":4,"author":{"gitId":"yuhanyuhan"},"content":"        super(description);","lastModifiedDate":"2023-04-10"},{"lineNumber":5,"author":{"gitId":"yuhanyuhan"},"content":"    }","lastModifiedDate":"2023-04-10"},{"lineNumber":6,"author":{"gitId":"yuhanyuhan"},"content":"","lastModifiedDate":"2023-04-10"},{"lineNumber":7,"author":{"gitId":"yuhanyuhan"},"content":"    @Override","lastModifiedDate":"2023-04-10"},{"lineNumber":8,"author":{"gitId":"yuhanyuhan"},"content":"    public String toString() {","lastModifiedDate":"2023-04-10"},{"lineNumber":9,"author":{"gitId":"yuhanyuhan"},"content":"        return \"[T]\" + getDescription();","lastModifiedDate":"2023-04-11"},{"lineNumber":10,"author":{"gitId":"yuhanyuhan"},"content":"    }","lastModifiedDate":"2023-04-10"},{"lineNumber":11,"author":{"gitId":"yuhanyuhan"},"content":"}","lastModifiedDate":"2023-04-10"}],"authorContributionMap":{"yuhanyuhan":11}}]
