[{"path":"src/main/java/Duke.java","fileType":"java","lines":[{"lineNumber":1,"author":{"gitId":"yuhanyuhan"},"content":"import java.util.ArrayList;","lastModifiedDate":"2023-02-19"},{"lineNumber":2,"author":{"gitId":"yuhanyuhan"},"content":"import java.util.Scanner;","lastModifiedDate":"2023-02-19"},{"lineNumber":3,"author":{"gitId":"yuhanyuhan"},"content":"","lastModifiedDate":"2023-02-19"},{"lineNumber":4,"author":{"gitId":"-"},"content":"public class Duke {","lastModifiedDate":"2019-07-29"},{"lineNumber":5,"author":{"gitId":"-"},"content":"    public static void main(String[] args) {","lastModifiedDate":"2019-07-29"},{"lineNumber":6,"author":{"gitId":"yuhanyuhan"},"content":"        System.out.println(\"Hello! I\u0027m Duke\\n\" + \"What can I do for you?\");","lastModifiedDate":"2023-02-19"},{"lineNumber":7,"author":{"gitId":"yuhanyuhan"},"content":"        Scanner scanner \u003d new Scanner(System.in);","lastModifiedDate":"2023-02-19"},{"lineNumber":8,"author":{"gitId":"yuhanyuhan"},"content":"        ArrayList\u003cString\u003e task \u003d new ArrayList\u003cString\u003e();","lastModifiedDate":"2023-02-19"},{"lineNumber":9,"author":{"gitId":"yuhanyuhan"},"content":"        int index \u003d task.toArray().length + 1;","lastModifiedDate":"2023-02-19"},{"lineNumber":10,"author":{"gitId":"yuhanyuhan"},"content":"","lastModifiedDate":"2023-02-19"},{"lineNumber":11,"author":{"gitId":"yuhanyuhan"},"content":"        while (scanner.hasNext()) {","lastModifiedDate":"2023-02-19"},{"lineNumber":12,"author":{"gitId":"yuhanyuhan"},"content":"            String input \u003d scanner.nextLine();","lastModifiedDate":"2023-02-19"},{"lineNumber":13,"author":{"gitId":"yuhanyuhan"},"content":"            if (!input.equals(\"list\") \u0026\u0026 !input.equals(\"bye\")) {","lastModifiedDate":"2023-03-04"},{"lineNumber":14,"author":{"gitId":"yuhanyuhan"},"content":"                task.add(input);","lastModifiedDate":"2023-02-19"},{"lineNumber":15,"author":{"gitId":"yuhanyuhan"},"content":"                index++;","lastModifiedDate":"2023-02-19"},{"lineNumber":16,"author":{"gitId":"yuhanyuhan"},"content":"                System.out.println(\"added:\" + input);","lastModifiedDate":"2023-02-19"},{"lineNumber":17,"author":{"gitId":"yuhanyuhan"},"content":"            }","lastModifiedDate":"2023-02-19"},{"lineNumber":18,"author":{"gitId":"yuhanyuhan"},"content":"","lastModifiedDate":"2023-02-19"},{"lineNumber":19,"author":{"gitId":"yuhanyuhan"},"content":"            if (input.equals(\"list\")) {","lastModifiedDate":"2023-02-19"},{"lineNumber":20,"author":{"gitId":"yuhanyuhan"},"content":"                for (int i \u003d 0; i \u003c task.size(); i++)","lastModifiedDate":"2023-02-19"},{"lineNumber":21,"author":{"gitId":"yuhanyuhan"},"content":"                {","lastModifiedDate":"2023-02-19"},{"lineNumber":22,"author":{"gitId":"yuhanyuhan"},"content":"                    System.out.println(i+1 + \". \" + task.get(i));","lastModifiedDate":"2023-02-19"},{"lineNumber":23,"author":{"gitId":"yuhanyuhan"},"content":"                }","lastModifiedDate":"2023-02-19"},{"lineNumber":24,"author":{"gitId":"yuhanyuhan"},"content":"            }","lastModifiedDate":"2023-02-19"},{"lineNumber":25,"author":{"gitId":"yuhanyuhan"},"content":"","lastModifiedDate":"2023-02-19"},{"lineNumber":26,"author":{"gitId":"yuhanyuhan"},"content":"            if (input.equals(\"bye\") ) {","lastModifiedDate":"2023-02-19"},{"lineNumber":27,"author":{"gitId":"yuhanyuhan"},"content":"                System.out.println(\"Bye. Hope to see you again soon!\\n\");","lastModifiedDate":"2023-02-19"},{"lineNumber":28,"author":{"gitId":"yuhanyuhan"},"content":"                break;","lastModifiedDate":"2023-02-19"},{"lineNumber":29,"author":{"gitId":"-"},"content":"            }","lastModifiedDate":"2019-07-29"},{"lineNumber":30,"author":{"gitId":"-"},"content":"        }","lastModifiedDate":"2019-07-29"},{"lineNumber":31,"author":{"gitId":"yuhanyuhan"},"content":"        scanner.close();","lastModifiedDate":"2023-02-19"},{"lineNumber":32,"author":{"gitId":"-"},"content":"    }","lastModifiedDate":"2023-02-19"},{"lineNumber":33,"author":{"gitId":"yuhanyuhan"},"content":"","lastModifiedDate":"2023-02-19"},{"lineNumber":34,"author":{"gitId":"yuhanyuhan"},"content":"}","lastModifiedDate":"2023-02-19"}],"authorContributionMap":{"yuhanyuhan":29,"-":5}}]
