[{"path":"src/main/java/Duke.java","fileType":"java","lines":[{"lineNumber":1,"author":{"gitId":"yuhanyuhan"},"content":"import java.util.ArrayList;","lastModifiedDate":"2023-02-19"},{"lineNumber":2,"author":{"gitId":"yuhanyuhan"},"content":"import java.util.Scanner;","lastModifiedDate":"2023-02-19"},{"lineNumber":3,"author":{"gitId":"yuhanyuhan"},"content":"","lastModifiedDate":"2023-02-19"},{"lineNumber":4,"author":{"gitId":"-"},"content":"public class Duke {","lastModifiedDate":"2019-07-29"},{"lineNumber":5,"author":{"gitId":"-"},"content":"    public static void main(String[] args) {","lastModifiedDate":"2019-07-29"},{"lineNumber":6,"author":{"gitId":"yuhanyuhan"},"content":"        System.out.println(\"Hello! I\u0027m Duke\\n\" + \"What can I do for you?\");","lastModifiedDate":"2023-02-19"},{"lineNumber":7,"author":{"gitId":"yuhanyuhan"},"content":"        Scanner scanner \u003d new Scanner(System.in);","lastModifiedDate":"2023-02-19"},{"lineNumber":8,"author":{"gitId":"yuhanyuhan"},"content":"        // create an array of task","lastModifiedDate":"2023-04-08"},{"lineNumber":9,"author":{"gitId":"yuhanyuhan"},"content":"        ArrayList\u003cTask\u003e list_of_task \u003d new ArrayList\u003cTask\u003e();","lastModifiedDate":"2023-04-08"},{"lineNumber":10,"author":{"gitId":"yuhanyuhan"},"content":"","lastModifiedDate":"2023-02-19"},{"lineNumber":11,"author":{"gitId":"yuhanyuhan"},"content":"        while (scanner.hasNext()) {","lastModifiedDate":"2023-02-19"},{"lineNumber":12,"author":{"gitId":"yuhanyuhan"},"content":"            String input \u003d scanner.nextLine();","lastModifiedDate":"2023-02-19"},{"lineNumber":13,"author":{"gitId":"yuhanyuhan"},"content":"            Task new_task \u003d new Task(input);","lastModifiedDate":"2023-04-08"},{"lineNumber":14,"author":{"gitId":"yuhanyuhan"},"content":"","lastModifiedDate":"2023-04-08"},{"lineNumber":15,"author":{"gitId":"yuhanyuhan"},"content":"            // add to-do list","lastModifiedDate":"2023-04-08"},{"lineNumber":16,"author":{"gitId":"yuhanyuhan"},"content":"            if (!input.equals(\"list\") \u0026\u0026 !input.equals(\"bye\") \u0026\u0026 !input.contains(\"mark\") \u0026\u0026 !input.contains(\"unmark\")) {","lastModifiedDate":"2023-04-08"},{"lineNumber":17,"author":{"gitId":"yuhanyuhan"},"content":"                list_of_task.add(new_task);","lastModifiedDate":"2023-04-08"},{"lineNumber":18,"author":{"gitId":"yuhanyuhan"},"content":"                System.out.println(\"added:\" + new_task.description);","lastModifiedDate":"2023-04-08"},{"lineNumber":19,"author":{"gitId":"yuhanyuhan"},"content":"            }","lastModifiedDate":"2023-04-08"},{"lineNumber":20,"author":{"gitId":"yuhanyuhan"},"content":"","lastModifiedDate":"2023-04-08"},{"lineNumber":21,"author":{"gitId":"yuhanyuhan"},"content":"            if (input.matches(\"mark(.*)\")) {","lastModifiedDate":"2023-04-08"},{"lineNumber":22,"author":{"gitId":"yuhanyuhan"},"content":"                String num_input \u003d input.replaceAll(\"\\\\D+\",\"\");","lastModifiedDate":"2023-04-08"},{"lineNumber":23,"author":{"gitId":"yuhanyuhan"},"content":"                int i \u003d Integer.parseInt(num_input);","lastModifiedDate":"2023-04-08"},{"lineNumber":24,"author":{"gitId":"yuhanyuhan"},"content":"","lastModifiedDate":"2023-04-08"},{"lineNumber":25,"author":{"gitId":"yuhanyuhan"},"content":"                if (i \u003e list_of_task.size()) continue;","lastModifiedDate":"2023-04-08"},{"lineNumber":26,"author":{"gitId":"yuhanyuhan"},"content":"                list_of_task.get(i - 1).markDone();","lastModifiedDate":"2023-04-08"},{"lineNumber":27,"author":{"gitId":"yuhanyuhan"},"content":"","lastModifiedDate":"2023-04-08"},{"lineNumber":28,"author":{"gitId":"yuhanyuhan"},"content":"                System.out.println(\"Nice! I\u0027ve marked this task as done: \");","lastModifiedDate":"2023-04-08"},{"lineNumber":29,"author":{"gitId":"yuhanyuhan"},"content":"                System.out.println(list_of_task.get(i - 1).getDescription());","lastModifiedDate":"2023-04-08"},{"lineNumber":30,"author":{"gitId":"yuhanyuhan"},"content":"            }","lastModifiedDate":"2023-04-08"},{"lineNumber":31,"author":{"gitId":"yuhanyuhan"},"content":"","lastModifiedDate":"2023-04-08"},{"lineNumber":32,"author":{"gitId":"yuhanyuhan"},"content":"            if (input.matches(\"unmark(.*)\")) {","lastModifiedDate":"2023-04-08"},{"lineNumber":33,"author":{"gitId":"yuhanyuhan"},"content":"                String num_input \u003d input.replaceAll(\"\\\\D+\",\"\");","lastModifiedDate":"2023-04-08"},{"lineNumber":34,"author":{"gitId":"yuhanyuhan"},"content":"                int i \u003d Integer.parseInt(num_input);","lastModifiedDate":"2023-04-08"},{"lineNumber":35,"author":{"gitId":"yuhanyuhan"},"content":"","lastModifiedDate":"2023-04-08"},{"lineNumber":36,"author":{"gitId":"yuhanyuhan"},"content":"                if (i \u003e list_of_task.size()) continue;","lastModifiedDate":"2023-04-08"},{"lineNumber":37,"author":{"gitId":"yuhanyuhan"},"content":"                list_of_task.get(i - 1).markUnDone();","lastModifiedDate":"2023-04-08"},{"lineNumber":38,"author":{"gitId":"yuhanyuhan"},"content":"","lastModifiedDate":"2023-04-08"},{"lineNumber":39,"author":{"gitId":"yuhanyuhan"},"content":"                System.out.println(\"OK, I\u0027ve marked this task as not done yet: \");","lastModifiedDate":"2023-04-08"},{"lineNumber":40,"author":{"gitId":"yuhanyuhan"},"content":"                System.out.println(list_of_task.get(i - 1).getDescription());","lastModifiedDate":"2023-04-08"},{"lineNumber":41,"author":{"gitId":"yuhanyuhan"},"content":"            }","lastModifiedDate":"2023-02-19"},{"lineNumber":42,"author":{"gitId":"yuhanyuhan"},"content":"","lastModifiedDate":"2023-02-19"},{"lineNumber":43,"author":{"gitId":"yuhanyuhan"},"content":"            if (input.equals(\"list\")) {","lastModifiedDate":"2023-02-19"},{"lineNumber":44,"author":{"gitId":"yuhanyuhan"},"content":"                if (list_of_task.isEmpty()) continue;","lastModifiedDate":"2023-04-08"},{"lineNumber":45,"author":{"gitId":"yuhanyuhan"},"content":"                System.out.println(\"Here are the tasks in your list: \");","lastModifiedDate":"2023-04-08"},{"lineNumber":46,"author":{"gitId":"yuhanyuhan"},"content":"                for (int index \u003d 0; index \u003c list_of_task.size(); index++)","lastModifiedDate":"2023-04-08"},{"lineNumber":47,"author":{"gitId":"yuhanyuhan"},"content":"                {","lastModifiedDate":"2023-02-19"},{"lineNumber":48,"author":{"gitId":"yuhanyuhan"},"content":"                    System.out.println(index+1 + \". \" + list_of_task.get(index).getDescription());","lastModifiedDate":"2023-04-08"},{"lineNumber":49,"author":{"gitId":"yuhanyuhan"},"content":"                }","lastModifiedDate":"2023-02-19"},{"lineNumber":50,"author":{"gitId":"yuhanyuhan"},"content":"            }","lastModifiedDate":"2023-02-19"},{"lineNumber":51,"author":{"gitId":"yuhanyuhan"},"content":"","lastModifiedDate":"2023-02-19"},{"lineNumber":52,"author":{"gitId":"yuhanyuhan"},"content":"            if (input.equals(\"bye\") ) {","lastModifiedDate":"2023-02-19"},{"lineNumber":53,"author":{"gitId":"yuhanyuhan"},"content":"                System.out.println(\"Bye. Hope to see you again soon!\\n\");","lastModifiedDate":"2023-02-19"},{"lineNumber":54,"author":{"gitId":"yuhanyuhan"},"content":"                break;","lastModifiedDate":"2023-02-19"},{"lineNumber":55,"author":{"gitId":"-"},"content":"            }","lastModifiedDate":"2019-07-29"},{"lineNumber":56,"author":{"gitId":"yuhanyuhan"},"content":"","lastModifiedDate":"2023-04-08"},{"lineNumber":57,"author":{"gitId":"-"},"content":"        }","lastModifiedDate":"2019-07-29"},{"lineNumber":58,"author":{"gitId":"yuhanyuhan"},"content":"        scanner.close();","lastModifiedDate":"2023-02-19"},{"lineNumber":59,"author":{"gitId":"-"},"content":"    }","lastModifiedDate":"2023-02-19"},{"lineNumber":60,"author":{"gitId":"yuhanyuhan"},"content":"","lastModifiedDate":"2023-02-19"},{"lineNumber":61,"author":{"gitId":"yuhanyuhan"},"content":"}","lastModifiedDate":"2023-02-19"}],"authorContributionMap":{"yuhanyuhan":56,"-":5}},{"path":"src/main/java/Task.java","fileType":"java","lines":[{"lineNumber":1,"author":{"gitId":"yuhanyuhan"},"content":"import java.util.ArrayList;","lastModifiedDate":"2023-04-08"},{"lineNumber":2,"author":{"gitId":"yuhanyuhan"},"content":"","lastModifiedDate":"2023-04-08"},{"lineNumber":3,"author":{"gitId":"yuhanyuhan"},"content":"public class Task {","lastModifiedDate":"2023-04-08"},{"lineNumber":4,"author":{"gitId":"yuhanyuhan"},"content":"    protected String description;","lastModifiedDate":"2023-04-08"},{"lineNumber":5,"author":{"gitId":"yuhanyuhan"},"content":"    protected boolean isDone;","lastModifiedDate":"2023-04-08"},{"lineNumber":6,"author":{"gitId":"yuhanyuhan"},"content":"","lastModifiedDate":"2023-04-08"},{"lineNumber":7,"author":{"gitId":"yuhanyuhan"},"content":"    ArrayList\u003cString\u003e task \u003d new ArrayList();","lastModifiedDate":"2023-04-08"},{"lineNumber":8,"author":{"gitId":"yuhanyuhan"},"content":"","lastModifiedDate":"2023-04-08"},{"lineNumber":9,"author":{"gitId":"yuhanyuhan"},"content":"    public Task(String description) {","lastModifiedDate":"2023-04-08"},{"lineNumber":10,"author":{"gitId":"yuhanyuhan"},"content":"        this.description \u003d description;","lastModifiedDate":"2023-04-08"},{"lineNumber":11,"author":{"gitId":"yuhanyuhan"},"content":"        this.isDone \u003d false;","lastModifiedDate":"2023-04-08"},{"lineNumber":12,"author":{"gitId":"yuhanyuhan"},"content":"    }","lastModifiedDate":"2023-04-08"},{"lineNumber":13,"author":{"gitId":"yuhanyuhan"},"content":"    public void markDone() {","lastModifiedDate":"2023-04-08"},{"lineNumber":14,"author":{"gitId":"yuhanyuhan"},"content":"        if (isDone) return;","lastModifiedDate":"2023-04-08"},{"lineNumber":15,"author":{"gitId":"yuhanyuhan"},"content":"        this.isDone \u003d true;","lastModifiedDate":"2023-04-08"},{"lineNumber":16,"author":{"gitId":"yuhanyuhan"},"content":"    }","lastModifiedDate":"2023-04-08"},{"lineNumber":17,"author":{"gitId":"yuhanyuhan"},"content":"","lastModifiedDate":"2023-04-08"},{"lineNumber":18,"author":{"gitId":"yuhanyuhan"},"content":"    public void markUnDone() {","lastModifiedDate":"2023-04-08"},{"lineNumber":19,"author":{"gitId":"yuhanyuhan"},"content":"        if (!isDone) return;","lastModifiedDate":"2023-04-08"},{"lineNumber":20,"author":{"gitId":"yuhanyuhan"},"content":"        this.isDone \u003d false;","lastModifiedDate":"2023-04-08"},{"lineNumber":21,"author":{"gitId":"yuhanyuhan"},"content":"    }","lastModifiedDate":"2023-04-08"},{"lineNumber":22,"author":{"gitId":"yuhanyuhan"},"content":"","lastModifiedDate":"2023-04-08"},{"lineNumber":23,"author":{"gitId":"yuhanyuhan"},"content":"    public String getStatusIcon() {","lastModifiedDate":"2023-04-08"},{"lineNumber":24,"author":{"gitId":"yuhanyuhan"},"content":"        return (isDone ? \"X\" : \" \"); // mark done task with X","lastModifiedDate":"2023-04-08"},{"lineNumber":25,"author":{"gitId":"yuhanyuhan"},"content":"    }","lastModifiedDate":"2023-04-08"},{"lineNumber":26,"author":{"gitId":"yuhanyuhan"},"content":"","lastModifiedDate":"2023-04-08"},{"lineNumber":27,"author":{"gitId":"yuhanyuhan"},"content":"    public String getDescription() {","lastModifiedDate":"2023-04-08"},{"lineNumber":28,"author":{"gitId":"yuhanyuhan"},"content":"        return \"[\"+ getStatusIcon() + \"]\" + this.description;","lastModifiedDate":"2023-04-08"},{"lineNumber":29,"author":{"gitId":"yuhanyuhan"},"content":"    }","lastModifiedDate":"2023-04-08"},{"lineNumber":30,"author":{"gitId":"yuhanyuhan"},"content":"","lastModifiedDate":"2023-04-08"},{"lineNumber":31,"author":{"gitId":"yuhanyuhan"},"content":"}","lastModifiedDate":"2023-04-08"}],"authorContributionMap":{"yuhanyuhan":31}}]
