{"authorDailyContributionsMap":{"yuhanyuhan":[{"date":"2023-02-19","commitResults":[{"hash":"087d46fbbec5f36b11a43d5ceb7a4fed1a82abe8","messageTitle":"Level-1","messageBody":"","fileTypesAndContributionMap":{"java":{"insertions":16,"deletions":7}}},{"hash":"c109b952f52be64881d1d1049ee5ec6beaafde75","messageTitle":"Level-2","messageBody":"","fileTypesAndContributionMap":{"java":{"insertions":16,"deletions":1}}}]}]},"authorFileTypeContributionMap":{"yuhanyuhan":{"java":29,"md":0,"fxml":0,"sh":0,"bat":0,"gradle":0,"txt":0}},"authorContributionVariance":{"yuhanyuhan":37.18821},"authorDisplayNameMap":{"yuhanyuhan":"LIAN..UHAN"}}
