{"authorDailyContributionsMap":{"yuhanyuhan":[{"date":"2023-02-19","commitResults":[{"hash":"087d46fbbec5f36b11a43d5ceb7a4fed1a82abe8","isMergeCommit":false,"messageTitle":"Level-1","messageBody":"","fileTypesAndContributionMap":{"java":{"insertions":16,"deletions":7}}},{"hash":"c109b952f52be64881d1d1049ee5ec6beaafde75","isMergeCommit":false,"messageTitle":"Level-2","messageBody":"","fileTypesAndContributionMap":{"java":{"insertions":16,"deletions":1}}}]},{"date":"2023-03-04","commitResults":[{"hash":"62bce6f7cbf8b2bc583f6c5bca0c368a5ee01328","isMergeCommit":false,"messageTitle":"fixed: ignore \u0027bye\u0027 as added list","messageBody":"","fileTypesAndContributionMap":{"java":{"insertions":1,"deletions":1}}}]},{"date":"2023-04-08","commitResults":[{"hash":"0fe7d0d9c0e255b55f107596fb352a3cafa04dda","isMergeCommit":false,"messageTitle":"Level-3","messageBody":"","fileTypesAndContributionMap":{"java":{"insertions":66,"deletions":8}}}]},{"date":"2023-04-10","commitResults":[{"hash":"d9827177f09f868ab50d548516dd2b4cbcc7e5fd","isMergeCommit":false,"messageTitle":"level-5","messageBody":"","fileTypesAndContributionMap":{"java":{"insertions":47,"deletions":6}}}]},{"date":"2023-04-11","commitResults":[{"hash":"d98254724f50652b564d1ff326aaa66dfb8d2669","isMergeCommit":false,"messageTitle":"level-5","messageBody":"","fileTypesAndContributionMap":{"java":{"insertions":32,"deletions":6}}}]}]},"authorFileTypeContributionMap":{"yuhanyuhan":{"java":154,"md":0,"fxml":0,"sh":0,"bat":0,"gradle":0,"txt":0}},"authorContributionVariance":{"yuhanyuhan":116.906},"authorDisplayNameMap":{"yuhanyuhan":"LIAN..UHAN"}}
