{"authorDailyContributionsMap":{"yuhanyuhan":[{"date":"2023-02-19","commitResults":[{"hash":"087d46fbbec5f36b11a43d5ceb7a4fed1a82abe8","isMergeCommit":false,"messageTitle":"Level-1","messageBody":"","fileTypesAndContributionMap":{"java":{"insertions":16,"deletions":7}}},{"hash":"c109b952f52be64881d1d1049ee5ec6beaafde75","isMergeCommit":false,"messageTitle":"Level-2","messageBody":"","fileTypesAndContributionMap":{"java":{"insertions":16,"deletions":1}}}]},{"date":"2023-03-04","commitResults":[{"hash":"62bce6f7cbf8b2bc583f6c5bca0c368a5ee01328","isMergeCommit":false,"messageTitle":"fixed: ignore \u0027bye\u0027 as added list","messageBody":"","fileTypesAndContributionMap":{"java":{"insertions":1,"deletions":1}}}]},{"date":"2023-04-08","commitResults":[{"hash":"0fe7d0d9c0e255b55f107596fb352a3cafa04dda","isMergeCommit":false,"messageTitle":"Level-3","messageBody":"","fileTypesAndContributionMap":{"java":{"insertions":66,"deletions":8}}}]},{"date":"2023-04-10","commitResults":[{"hash":"d9827177f09f868ab50d548516dd2b4cbcc7e5fd","isMergeCommit":false,"messageTitle":"level-5","messageBody":"","fileTypesAndContributionMap":{"java":{"insertions":47,"deletions":6}}}]},{"date":"2023-04-11","commitResults":[{"hash":"d98254724f50652b564d1ff326aaa66dfb8d2669","isMergeCommit":false,"messageTitle":"level-5","messageBody":"","fileTypesAndContributionMap":{"java":{"insertions":32,"deletions":6}}},{"hash":"a2ee980083f86519f92234d2e80d676f9e8cc575","isMergeCommit":false,"messageTitle":"level-5","messageBody":"","fileTypesAndContributionMap":{"java":{"insertions":66,"deletions":16}}},{"hash":"9857c7986b7e5e11db5e57d187c4f4dc2b5380fe","isMergeCommit":false,"messageTitle":"level-5","messageBody":"","fileTypesAndContributionMap":{"java":{"insertions":66,"deletions":16}}}]},{"date":"2023-04-12","commitResults":[{"hash":"522796753090423f5a2de5dea7296705488f7fd8","isMergeCommit":false,"messageTitle":"level-5_error_handling","messageBody":"","fileTypesAndContributionMap":{"java":{"insertions":105,"deletions":91}}},{"hash":"64ab62a21673e2b119639a3ec208022718d0dc8d","isMergeCommit":true,"messageTitle":"level-5_error_handling","messageBody":"","fileTypesAndContributionMap":{}},{"hash":"d1f381eab77e1f915cde743b13e658d5f8b64930","isMergeCommit":false,"messageTitle":"level-6","messageBody":"","fileTypesAndContributionMap":{"java":{"insertions":14,"deletions":1}}}]},{"date":"2023-04-14","commitResults":[{"hash":"10f7dc5411f904cdcb502e6d513b4216f9bc9876","isMergeCommit":false,"messageTitle":"level-7-save","messageBody":"","fileTypesAndContributionMap":{"txt":{"insertions":3,"deletions":0},"java":{"insertions":77,"deletions":4}}}]},{"date":"2023-04-15","commitResults":[{"hash":"434b1d1e32e7430afd6db1ab929ea38796943ff2","isMergeCommit":false,"messageTitle":"level-7-save","messageBody":"","fileTypesAndContributionMap":{"txt":{"insertions":13,"deletions":3},"java":{"insertions":79,"deletions":13}}}]}]},"authorFileTypeContributionMap":{"yuhanyuhan":{"java":370,"md":0,"fxml":0,"sh":0,"bat":0,"gradle":0,"txt":13}},"authorContributionVariance":{"yuhanyuhan":1110.9066},"authorDisplayNameMap":{"yuhanyuhan":"LIAN..UHAN"}}
