[{"path":"src/main/java/Duke.java","fileType":"java","lines":[{"lineNumber":1,"author":{"gitId":"HappyM0ment"},"content":"//////////////////////////////////////////////","lastModifiedDate":"2023-02-09"},{"lineNumber":2,"author":{"gitId":"HappyM0ment"},"content":"// DONE BY: A0227169X; ANG JIA JIN, GABRIEL //","lastModifiedDate":"2023-02-09"},{"lineNumber":3,"author":{"gitId":"HappyM0ment"},"content":"//////////////////////////////////////////////","lastModifiedDate":"2023-02-09"},{"lineNumber":4,"author":{"gitId":"HappyM0ment"},"content":"import java.util.Scanner;","lastModifiedDate":"2023-02-13"},{"lineNumber":5,"author":{"gitId":"HappyM0ment"},"content":"import java.util.ArrayList;","lastModifiedDate":"2023-02-13"},{"lineNumber":6,"author":{"gitId":"HappyM0ment"},"content":"","lastModifiedDate":"2023-02-08"},{"lineNumber":7,"author":{"gitId":"-"},"content":"public class Duke {","lastModifiedDate":"2019-07-29"},{"lineNumber":8,"author":{"gitId":"-"},"content":"    public static void main(String[] args) {","lastModifiedDate":"2019-07-29"},{"lineNumber":9,"author":{"gitId":"HappyM0ment"},"content":"        //variable initialization","lastModifiedDate":"2023-02-08"},{"lineNumber":10,"author":{"gitId":"HappyM0ment"},"content":"        Scanner scanObj \u003d new Scanner(System.in); //scanner","lastModifiedDate":"2023-02-13"},{"lineNumber":11,"author":{"gitId":"HappyM0ment"},"content":"        var lists \u003d new ArrayList\u003cString\u003e(); //string initialize arraylist","lastModifiedDate":"2023-02-13"},{"lineNumber":12,"author":{"gitId":"HappyM0ment"},"content":"","lastModifiedDate":"2023-02-08"},{"lineNumber":13,"author":{"gitId":"HappyM0ment"},"content":"/*        String logo \u003d \" ____        _        \\n\"","lastModifiedDate":"2023-02-08"},{"lineNumber":14,"author":{"gitId":"-"},"content":"                + \"|  _ \\\\ _   _| | _____ \\n\"","lastModifiedDate":"2019-07-29"},{"lineNumber":15,"author":{"gitId":"-"},"content":"                + \"| | | | | | | |/ / _ \\\\\\n\"","lastModifiedDate":"2019-07-29"},{"lineNumber":16,"author":{"gitId":"-"},"content":"                + \"| |_| | |_| |   \u003c  __/\\n\"","lastModifiedDate":"2019-07-29"},{"lineNumber":17,"author":{"gitId":"-"},"content":"                + \"|____/ \\\\__,_|_|\\\\_\\\\___|\\n\";","lastModifiedDate":"2019-07-29"},{"lineNumber":18,"author":{"gitId":"HappyM0ment"},"content":"        System.out.println(\"Hello from\\n\" + logo);*/","lastModifiedDate":"2023-02-08"},{"lineNumber":19,"author":{"gitId":"HappyM0ment"},"content":"","lastModifiedDate":"2023-02-08"},{"lineNumber":20,"author":{"gitId":"HappyM0ment"},"content":"        System.out.println(\"Hello! I\u0027m Duke\");","lastModifiedDate":"2023-02-08"},{"lineNumber":21,"author":{"gitId":"HappyM0ment"},"content":"        System.out.println(\"What can I do for you?\");","lastModifiedDate":"2023-02-08"},{"lineNumber":22,"author":{"gitId":"HappyM0ment"},"content":"        // Get input from user","lastModifiedDate":"2023-02-08"},{"lineNumber":23,"author":{"gitId":"HappyM0ment"},"content":"        String input \u003d scanObj.nextLine();","lastModifiedDate":"2023-02-08"},{"lineNumber":24,"author":{"gitId":"HappyM0ment"},"content":"","lastModifiedDate":"2023-02-09"},{"lineNumber":25,"author":{"gitId":"HappyM0ment"},"content":"        // Main loop of the programme","lastModifiedDate":"2023-02-09"},{"lineNumber":26,"author":{"gitId":"HappyM0ment"},"content":"        while(!input.equals(\"bye\"))","lastModifiedDate":"2023-02-09"},{"lineNumber":27,"author":{"gitId":"HappyM0ment"},"content":"        {","lastModifiedDate":"2023-02-08"},{"lineNumber":28,"author":{"gitId":"HappyM0ment"},"content":"            if(input.equals(\"list\"))","lastModifiedDate":"2023-02-13"},{"lineNumber":29,"author":{"gitId":"HappyM0ment"},"content":"            {","lastModifiedDate":"2023-02-13"},{"lineNumber":30,"author":{"gitId":"HappyM0ment"},"content":"                for(int i \u003d 0; i \u003c lists.size(); i++)","lastModifiedDate":"2023-02-13"},{"lineNumber":31,"author":{"gitId":"HappyM0ment"},"content":"                {","lastModifiedDate":"2023-02-13"},{"lineNumber":32,"author":{"gitId":"HappyM0ment"},"content":"                    System.out.println(i+1 + \". \" + lists.get(i));","lastModifiedDate":"2023-02-13"},{"lineNumber":33,"author":{"gitId":"HappyM0ment"},"content":"                }","lastModifiedDate":"2023-02-13"},{"lineNumber":34,"author":{"gitId":"HappyM0ment"},"content":"            }","lastModifiedDate":"2023-02-13"},{"lineNumber":35,"author":{"gitId":"HappyM0ment"},"content":"            else","lastModifiedDate":"2023-02-13"},{"lineNumber":36,"author":{"gitId":"HappyM0ment"},"content":"            {","lastModifiedDate":"2023-02-13"},{"lineNumber":37,"author":{"gitId":"HappyM0ment"},"content":"                lists.add(input);","lastModifiedDate":"2023-02-13"},{"lineNumber":38,"author":{"gitId":"HappyM0ment"},"content":"                System.out.println(\"added: \" + input);","lastModifiedDate":"2023-02-13"},{"lineNumber":39,"author":{"gitId":"HappyM0ment"},"content":"            }","lastModifiedDate":"2023-02-13"},{"lineNumber":40,"author":{"gitId":"HappyM0ment"},"content":"            input \u003d scanObj.nextLine();","lastModifiedDate":"2023-02-09"},{"lineNumber":41,"author":{"gitId":"HappyM0ment"},"content":"        }","lastModifiedDate":"2023-02-08"},{"lineNumber":42,"author":{"gitId":"HappyM0ment"},"content":"","lastModifiedDate":"2023-02-08"},{"lineNumber":43,"author":{"gitId":"HappyM0ment"},"content":"        // Motherhood Statement when bye is key-ed in","lastModifiedDate":"2023-02-09"},{"lineNumber":44,"author":{"gitId":"HappyM0ment"},"content":"        System.out.println(\"Bye. Hope to see you again soon!\");","lastModifiedDate":"2023-02-09"},{"lineNumber":45,"author":{"gitId":"HappyM0ment"},"content":"        // End of programme","lastModifiedDate":"2023-02-09"},{"lineNumber":46,"author":{"gitId":"HappyM0ment"},"content":"","lastModifiedDate":"2023-02-08"},{"lineNumber":47,"author":{"gitId":"-"},"content":"    }","lastModifiedDate":"2019-07-29"},{"lineNumber":48,"author":{"gitId":"-"},"content":"}","lastModifiedDate":"2019-07-29"}],"authorContributionMap":{"HappyM0ment":40,"-":8}}]
