{"authorDailyContributionsMap":{"HappyM0ment":[{"date":"2023-02-08","commitResults":[{"hash":"2bd5405cd8d223732c1864b43b5c5b2561bc7bd7","isMergeCommit":false,"messageTitle":"Update main Test","messageBody":"","fileTypesAndContributionMap":{"java":{"insertions":1,"deletions":0}}},{"hash":"ebf0e1b3d34c7afbc59942c894f1d970f3a83191","isMergeCommit":false,"messageTitle":"Push new updates (Test)","messageBody":"","fileTypesAndContributionMap":{"java":{"insertions":1,"deletions":0}}},{"hash":"1a33ed16da07cda352a1967ddd0d3892ccb134ea","isMergeCommit":false,"messageTitle":"Completed: Level 1","messageBody":"","fileTypesAndContributionMap":{"java":{"insertions":30,"deletions":4}}}]},{"date":"2023-02-09","commitResults":[{"hash":"cceff2ab6c1639b69f5a53f58eccd8d19ff671ee","isMergeCommit":false,"messageTitle":"Completed (Level 1)","messageBody":"----From Desktop\n","fileTypesAndContributionMap":{"java":{"insertions":14,"deletions":15}}},{"hash":"5457642d0d0385afc8880ebc8f26e030c2ffb0cb","isMergeCommit":false,"messageTitle":"Completed (Level 1)","messageBody":"----From Desktop\n","fileTypesAndContributionMap":{"java":{"insertions":0,"deletions":2}}},{"hash":"670d5ae9651031e1e3c9172961db3e58584b5ea2","isMergeCommit":false,"messageTitle":"Completed: Level 1","messageBody":"Signed-off-by: HappyM0ments \u003cgabriielangs97@gmail.com\u003e\n","fileTypesAndContributionMap":{"java":{"insertions":2,"deletions":2}}},{"hash":"9a9990c88c3433936e9bdd384be4d2b3c48e1661","isMergeCommit":false,"messageTitle":"Update from Laptop","messageBody":"","fileTypesAndContributionMap":{"java":{"insertions":3,"deletions":3}}},{"hash":"38271cebdb964bc172ec860913b0969660d08fc6","isMergeCommit":false,"messageTitle":"Update from Laptop","messageBody":"","fileTypesAndContributionMap":{"java":{"insertions":3,"deletions":3}}},{"hash":"96c3959e5691555a773db58436948b02079ae95d","isMergeCommit":false,"messageTitle":"Update from Laptop","messageBody":"","fileTypesAndContributionMap":{"java":{"insertions":3,"deletions":3}}}]},{"date":"2023-02-13","commitResults":[{"hash":"c2a25dbca7feaf51083486bcefc8273090d2ca76","isMergeCommit":false,"messageTitle":"Level 2 - Done","messageBody":"Update from Laptop\n","fileTypesAndContributionMap":{"java":{"insertions":16,"deletions":3}}}]},{"date":"2023-03-17","commitResults":[{"hash":"3f25eb0d362dca5683b109f7e2e251583df24391","isMergeCommit":false,"messageTitle":"Completed (Level 1-3); Mark as Done","messageBody":"----From Desktop\n","fileTypesAndContributionMap":{"java":{"insertions":151,"deletions":7}}},{"hash":"99fba72a25339faebba8f17fe6415ae167c682be","isMergeCommit":false,"messageTitle":"Completed (Level 1-3); Mark as Done","messageBody":"Added Comments for self-tracking\n\n----From Desktop\n","fileTypesAndContributionMap":{"java":{"insertions":4,"deletions":0}}},{"hash":"030b1f7304cecea1b8bdcf94a474c94ea35af0e6","isMergeCommit":false,"messageTitle":"Completed (Level 1-1); Completed (Level 1-2); Completed (Level 1-3); In-progress (Level 1-4);","messageBody":"Added the 3 different classes which extends Task class\n\n----From Desktop\n","fileTypesAndContributionMap":{"java":{"insertions":121,"deletions":9}}}]},{"date":"2023-03-18","commitResults":[{"hash":"e705a0d2f47e508819bb02028b438e1322ef128c","isMergeCommit":false,"messageTitle":"Status: Completed (Level 1-1); Completed (Level 1-2); Completed (Level 1-3); Completed (Level 1-4);","messageBody":"Working on Level 1-5\n\nUpdate from Laptop\n","fileTypesAndContributionMap":{"java":{"insertions":72,"deletions":11}}},{"hash":"5a39804caeab95992cead3d046b063578e8557eb","isMergeCommit":false,"messageTitle":"Status: Completed (Level 1-1); Completed (Level 1-2); Completed (Level 1-3); Completed (Level 1-4); Completed (Level 1-5);","messageBody":"Working on Level 1-5 (More errors)\nStarting on Level 1-6 soon\n\nUpdate from Laptop\n","fileTypesAndContributionMap":{"java":{"insertions":144,"deletions":36}}},{"hash":"34116c8231ac68099289bb597213c6752460baf8","isMergeCommit":false,"messageTitle":"Status: Completed (Level 1-1); Completed (Level 1-2); Completed (Level 1-3); Completed (Level 1-4); Completed (Level 1-5); Completed (Level 1-6);","messageBody":"Working on Level 1-5 (More errors)\nStarting on Level 1-7 soon\n\nUpdate from Laptop\n","fileTypesAndContributionMap":{"java":{"insertions":14,"deletions":4}}}]},{"date":"2023-03-19","commitResults":[{"hash":"66ab7f86c62f5b26f4cf000a3abd2a277b33bff5","isMergeCommit":false,"messageTitle":"Updates: Finished adding more errors handling (if index more than size of list for \"Unmark\", \"Mark\" \u0026 \"Delete\")","messageBody":"Status:\nCompleted (Level 1-1);\nCompleted (Level 1-2);\nCompleted (Level 1-3);\nCompleted (Level 1-4);\nCompleted (Level 1-5);\nCompleted (Level 1-6);\n\nStarting on Level 1-7 soon\n\nUpdate from Laptop\n","fileTypesAndContributionMap":{"java":{"insertions":33,"deletions":16}}},{"hash":"f2d1b9fb996d0e78821ec53bf761e81d7c01c77e","isMergeCommit":false,"messageTitle":"Updates: Edited comments error","messageBody":"Status:\nCompleted (Level 1-1);\nCompleted (Level 1-2);\nCompleted (Level 1-3);\nCompleted (Level 1-4);\nCompleted (Level 1-5);\nCompleted (Level 1-6);\n\nStarting on Level 1-7 soon\n\nUpdate from Laptop\n","fileTypesAndContributionMap":{"java":{"insertions":3,"deletions":4}}},{"hash":"ba1d96a400e03ed9eb87b369c6590212b336d5cd","isMergeCommit":false,"messageTitle":"Updates: Updated exception handling to catch for missing \"/from\" \u0026 \"/to\" attribute","messageBody":"Status:\nCompleted (Level 1-1);\nCompleted (Level 1-2);\nCompleted (Level 1-3);\nCompleted (Level 1-4);\nCompleted (Level 1-5);\nCompleted (Level 1-6);\n\nStarting on Level 1-7 soon\n\nUpdate from Laptop\n","fileTypesAndContributionMap":{"java":{"insertions":9,"deletions":0}}}]},{"date":"2023-03-21","commitResults":[{"hash":"72f1ef18f8a56fc1acfef9d97e905c5edd098444","isMergeCommit":false,"messageTitle":"Updates: Remove check for multiple item for unmark, mark, delete","messageBody":"Status:\n\nCompleted (Level 1-1);\nCompleted (Level 1-2);\nCompleted (Level 1-3);\nCompleted (Level 1-4);\nCompleted (Level 1-5);\nCompleted (Level 1-6);\n\n----From Desktop\n","fileTypesAndContributionMap":{"java":{"insertions":0,"deletions":4}}},{"hash":"c1bc56a04fbcf4cba033cf5935bfda349ebcc2b8","isMergeCommit":false,"messageTitle":"Updates: Added to print /by /from /to in inverted commas","messageBody":"Status:\n\nCompleted (Level 1-1);\nCompleted (Level 1-2);\nCompleted (Level 1-3);\nCompleted (Level 1-4);\nCompleted (Level 1-5);\nCompleted (Level 1-6);\n\n----From Desktop\n","fileTypesAndContributionMap":{"java":{"insertions":3,"deletions":3}}}]}]},"authorFileTypeContributionMap":{"HappyM0ment":{"java":500,"md":0,"fxml":0,"sh":0,"bat":0,"gradle":0,"txt":0}},"authorContributionVariance":{"HappyM0ment":2292.75},"authorDisplayNameMap":{"HappyM0ment":"ANG ..RIEL"}}
