{"authorDailyContributionsMap":{"HappyM0ment":[{"date":"2023-02-08","commitResults":[{"hash":"2bd5405cd8d223732c1864b43b5c5b2561bc7bd7","messageTitle":"Update main Test","messageBody":"","fileTypesAndContributionMap":{"java":{"insertions":1,"deletions":0}}},{"hash":"ebf0e1b3d34c7afbc59942c894f1d970f3a83191","messageTitle":"Push new updates (Test)","messageBody":"","fileTypesAndContributionMap":{"java":{"insertions":1,"deletions":0}}},{"hash":"1a33ed16da07cda352a1967ddd0d3892ccb134ea","messageTitle":"Completed: Level 1","messageBody":"","fileTypesAndContributionMap":{"java":{"insertions":30,"deletions":4}}}]},{"date":"2023-02-09","commitResults":[{"hash":"cceff2ab6c1639b69f5a53f58eccd8d19ff671ee","messageTitle":"Completed (Level 1)","messageBody":"----From Desktop\n","fileTypesAndContributionMap":{"java":{"insertions":14,"deletions":15}}},{"hash":"5457642d0d0385afc8880ebc8f26e030c2ffb0cb","messageTitle":"Completed (Level 1)","messageBody":"----From Desktop\n","fileTypesAndContributionMap":{"java":{"insertions":0,"deletions":2}}},{"hash":"670d5ae9651031e1e3c9172961db3e58584b5ea2","messageTitle":"Completed: Level 1","messageBody":"Signed-off-by: HappyM0ments \u003cgabriielangs97@gmail.com\u003e\n","fileTypesAndContributionMap":{"java":{"insertions":2,"deletions":2}}},{"hash":"9a9990c88c3433936e9bdd384be4d2b3c48e1661","messageTitle":"Update from Laptop","messageBody":"","fileTypesAndContributionMap":{"java":{"insertions":3,"deletions":3}}},{"hash":"38271cebdb964bc172ec860913b0969660d08fc6","messageTitle":"Update from Laptop","messageBody":"","fileTypesAndContributionMap":{"java":{"insertions":3,"deletions":3}}},{"hash":"96c3959e5691555a773db58436948b02079ae95d","messageTitle":"Update from Laptop","messageBody":"","fileTypesAndContributionMap":{"java":{"insertions":3,"deletions":3}}}]},{"date":"2023-02-13","commitResults":[{"hash":"c2a25dbca7feaf51083486bcefc8273090d2ca76","messageTitle":"Level 2 - Done","messageBody":"Update from Laptop\n","fileTypesAndContributionMap":{"java":{"insertions":16,"deletions":3}}}]}]},"authorFileTypeContributionMap":{"HappyM0ment":{"java":40,"md":0,"fxml":0,"sh":0,"bat":0,"gradle":0,"txt":0}},"authorContributionVariance":{"HappyM0ment":115.05556},"authorDisplayNameMap":{"HappyM0ment":"ANG ..RIEL"}}
