{"authorDailyContributionsMap":{"HappyM0ment":[{"date":"2023-02-08","commitResults":[{"hash":"2bd5405cd8d223732c1864b43b5c5b2561bc7bd7","isMergeCommit":false,"messageTitle":"Update main Test","messageBody":"","fileTypesAndContributionMap":{"java":{"insertions":1,"deletions":0}}},{"hash":"ebf0e1b3d34c7afbc59942c894f1d970f3a83191","isMergeCommit":false,"messageTitle":"Push new updates (Test)","messageBody":"","fileTypesAndContributionMap":{"java":{"insertions":1,"deletions":0}}},{"hash":"1a33ed16da07cda352a1967ddd0d3892ccb134ea","isMergeCommit":false,"messageTitle":"Completed: Level 1","messageBody":"","fileTypesAndContributionMap":{"java":{"insertions":30,"deletions":4}}}]},{"date":"2023-02-09","commitResults":[{"hash":"cceff2ab6c1639b69f5a53f58eccd8d19ff671ee","isMergeCommit":false,"messageTitle":"Completed (Level 1)","messageBody":"----From Desktop\n","fileTypesAndContributionMap":{"java":{"insertions":14,"deletions":15}}},{"hash":"5457642d0d0385afc8880ebc8f26e030c2ffb0cb","isMergeCommit":false,"messageTitle":"Completed (Level 1)","messageBody":"----From Desktop\n","fileTypesAndContributionMap":{"java":{"insertions":0,"deletions":2}}},{"hash":"670d5ae9651031e1e3c9172961db3e58584b5ea2","isMergeCommit":false,"messageTitle":"Completed: Level 1","messageBody":"Signed-off-by: HappyM0ments \u003cgabriielangs97@gmail.com\u003e\n","fileTypesAndContributionMap":{"java":{"insertions":2,"deletions":2}}},{"hash":"9a9990c88c3433936e9bdd384be4d2b3c48e1661","isMergeCommit":false,"messageTitle":"Update from Laptop","messageBody":"","fileTypesAndContributionMap":{"java":{"insertions":3,"deletions":3}}},{"hash":"38271cebdb964bc172ec860913b0969660d08fc6","isMergeCommit":false,"messageTitle":"Update from Laptop","messageBody":"","fileTypesAndContributionMap":{"java":{"insertions":3,"deletions":3}}},{"hash":"96c3959e5691555a773db58436948b02079ae95d","isMergeCommit":false,"messageTitle":"Update from Laptop","messageBody":"","fileTypesAndContributionMap":{"java":{"insertions":3,"deletions":3}}}]},{"date":"2023-02-13","commitResults":[{"hash":"c2a25dbca7feaf51083486bcefc8273090d2ca76","isMergeCommit":false,"messageTitle":"Level 2 - Done","messageBody":"Update from Laptop\n","fileTypesAndContributionMap":{"java":{"insertions":16,"deletions":3}}}]},{"date":"2023-03-17","commitResults":[{"hash":"3f25eb0d362dca5683b109f7e2e251583df24391","isMergeCommit":false,"messageTitle":"Completed (Level 1-3); Mark as Done","messageBody":"----From Desktop\n","fileTypesAndContributionMap":{"java":{"insertions":151,"deletions":7}}},{"hash":"99fba72a25339faebba8f17fe6415ae167c682be","isMergeCommit":false,"messageTitle":"Completed (Level 1-3); Mark as Done","messageBody":"Added Comments for self-tracking\n\n----From Desktop\n","fileTypesAndContributionMap":{"java":{"insertions":4,"deletions":0}}},{"hash":"030b1f7304cecea1b8bdcf94a474c94ea35af0e6","isMergeCommit":false,"messageTitle":"Completed (Level 1-1); Completed (Level 1-2); Completed (Level 1-3); In-progress (Level 1-4);","messageBody":"Added the 3 different classes which extends Task class\n\n----From Desktop\n","fileTypesAndContributionMap":{"java":{"insertions":121,"deletions":9}}}]},{"date":"2023-03-18","commitResults":[{"hash":"e705a0d2f47e508819bb02028b438e1322ef128c","isMergeCommit":false,"messageTitle":"Status: Completed (Level 1-1); Completed (Level 1-2); Completed (Level 1-3); Completed (Level 1-4);","messageBody":"Working on Level 1-5\n\nUpdate from Laptop\n","fileTypesAndContributionMap":{"java":{"insertions":72,"deletions":11}}},{"hash":"5a39804caeab95992cead3d046b063578e8557eb","isMergeCommit":false,"messageTitle":"Status: Completed (Level 1-1); Completed (Level 1-2); Completed (Level 1-3); Completed (Level 1-4); Completed (Level 1-5);","messageBody":"Working on Level 1-5 (More errors)\nStarting on Level 1-6 soon\n\nUpdate from Laptop\n","fileTypesAndContributionMap":{"java":{"insertions":144,"deletions":36}}},{"hash":"34116c8231ac68099289bb597213c6752460baf8","isMergeCommit":false,"messageTitle":"Status: Completed (Level 1-1); Completed (Level 1-2); Completed (Level 1-3); Completed (Level 1-4); Completed (Level 1-5); Completed (Level 1-6);","messageBody":"Working on Level 1-5 (More errors)\nStarting on Level 1-7 soon\n\nUpdate from Laptop\n","fileTypesAndContributionMap":{"java":{"insertions":14,"deletions":4}}}]},{"date":"2023-03-19","commitResults":[{"hash":"66ab7f86c62f5b26f4cf000a3abd2a277b33bff5","isMergeCommit":false,"messageTitle":"Updates: Finished adding more errors handling (if index more than size of list for \"Unmark\", \"Mark\" \u0026 \"Delete\")","messageBody":"Status:\nCompleted (Level 1-1);\nCompleted (Level 1-2);\nCompleted (Level 1-3);\nCompleted (Level 1-4);\nCompleted (Level 1-5);\nCompleted (Level 1-6);\n\nStarting on Level 1-7 soon\n\nUpdate from Laptop\n","fileTypesAndContributionMap":{"java":{"insertions":33,"deletions":16}}},{"hash":"f2d1b9fb996d0e78821ec53bf761e81d7c01c77e","isMergeCommit":false,"messageTitle":"Updates: Edited comments error","messageBody":"Status:\nCompleted (Level 1-1);\nCompleted (Level 1-2);\nCompleted (Level 1-3);\nCompleted (Level 1-4);\nCompleted (Level 1-5);\nCompleted (Level 1-6);\n\nStarting on Level 1-7 soon\n\nUpdate from Laptop\n","fileTypesAndContributionMap":{"java":{"insertions":3,"deletions":4}}},{"hash":"ba1d96a400e03ed9eb87b369c6590212b336d5cd","isMergeCommit":false,"messageTitle":"Updates: Updated exception handling to catch for missing \"/from\" \u0026 \"/to\" attribute","messageBody":"Status:\nCompleted (Level 1-1);\nCompleted (Level 1-2);\nCompleted (Level 1-3);\nCompleted (Level 1-4);\nCompleted (Level 1-5);\nCompleted (Level 1-6);\n\nStarting on Level 1-7 soon\n\nUpdate from Laptop\n","fileTypesAndContributionMap":{"java":{"insertions":9,"deletions":0}}}]},{"date":"2023-03-21","commitResults":[{"hash":"72f1ef18f8a56fc1acfef9d97e905c5edd098444","isMergeCommit":false,"messageTitle":"Updates: Remove check for multiple item for unmark, mark, delete","messageBody":"Status:\n\nCompleted (Level 1-1);\nCompleted (Level 1-2);\nCompleted (Level 1-3);\nCompleted (Level 1-4);\nCompleted (Level 1-5);\nCompleted (Level 1-6);\n\n----From Desktop\n","fileTypesAndContributionMap":{"java":{"insertions":0,"deletions":4}}},{"hash":"c1bc56a04fbcf4cba033cf5935bfda349ebcc2b8","isMergeCommit":false,"messageTitle":"Updates: Added to print /by /from /to in inverted commas","messageBody":"Status:\n\nCompleted (Level 1-1);\nCompleted (Level 1-2);\nCompleted (Level 1-3);\nCompleted (Level 1-4);\nCompleted (Level 1-5);\nCompleted (Level 1-6);\n\n----From Desktop\n","fileTypesAndContributionMap":{"java":{"insertions":3,"deletions":3}}}]},{"date":"2023-03-30","commitResults":[{"hash":"2d1af05d3d5fee823ec0b079e9c9fe2a002691cd","isMergeCommit":false,"messageTitle":"Updates: Refractor-ing Code","messageBody":"Status:\nCompleted (Level 1-1);\nCompleted (Level 1-2);\nCompleted (Level 1-3);\nCompleted (Level 1-4);\nCompleted (Level 1-5);\nCompleted (Level 1-6);\n\nStarting on Level 1-7 soon\n\nUpdate from Laptop\n","fileTypesAndContributionMap":{"java":{"insertions":8,"deletions":6}}},{"hash":"c3e38c7554a8fd61b99133cfc5ee2b3d3495cce8","isMergeCommit":false,"messageTitle":"Updates: - Added duke.txt file in \u0027data\u0027 folder - Starting on Level 1-7 soon","messageBody":"Status:\nCompleted (Level 1-6);\nCompleted (Level 1-5);\nCompleted (Level 1-4);\nCompleted (Level 1-3);\nCompleted (Level 1-2);\nCompleted (Level 1-1);\n\nUpdate from Laptop\n","fileTypesAndContributionMap":{"txt":{"insertions":4,"deletions":0}}},{"hash":"d2b8d8d9674f10bfac084babbc594a712e4e5d5c","isMergeCommit":false,"messageTitle":"Updates: - Rectify Codes - Starting on Level 1-7 soon","messageBody":"Status:\nCompleted (Level 1-6);\nCompleted (Level 1-5);\nCompleted (Level 1-4);\nCompleted (Level 1-3);\nCompleted (Level 1-2);\nCompleted (Level 1-1);\n\nUpdate from Laptop\n","fileTypesAndContributionMap":{"java":{"insertions":8,"deletions":5}}}]},{"date":"2023-04-03","commitResults":[{"hash":"0abe8b02ffad81802a2d1ff5ba0e0a0551a31d86","isMergeCommit":false,"messageTitle":"Updates: Added new classes, UI, Parser, Storage \u0026 TaskList","messageBody":"Status:\n\nCompleted (Level 1-1);\nCompleted (Level 1-2);\nCompleted (Level 1-3);\nCompleted (Level 1-4);\nCompleted (Level 1-5);\nCompleted (Level 1-6);\nIn-Progress (Level 1-7);\n\n----From Desktop\n","fileTypesAndContributionMap":{"java":{"insertions":70,"deletions":12}}},{"hash":"d9ea6a631c65754e99156816702cba025817d7e6","isMergeCommit":true,"messageTitle":"Updates: Added new classes, UI, Parser, Storage \u0026 TaskList","messageBody":"Status:\n\nCompleted (Level 1-1);\nCompleted (Level 1-2);\nCompleted (Level 1-3);\nCompleted (Level 1-4);\nCompleted (Level 1-5);\nCompleted (Level 1-6);\nIn-Progress (Level 1-7);\n\n----From Desktop\n","fileTypesAndContributionMap":{}},{"hash":"7fb64c46bd71eadab2cdf3b351db805ec88228b3","isMergeCommit":false,"messageTitle":"Updates: Added duke.txt","messageBody":"Status:\n\nCompleted (Level 1-1);\nCompleted (Level 1-2);\nCompleted (Level 1-3);\nCompleted (Level 1-4);\nCompleted (Level 1-5);\nCompleted (Level 1-6);\nIn-Progress (Level 1-7);\n\n----From Desktop\n","fileTypesAndContributionMap":{"txt":{"insertions":4,"deletions":0}}},{"hash":"aea2b3a0585af8a2317ce084861e0a2507de81d8","isMergeCommit":false,"messageTitle":"Updates: Minor text updates","messageBody":"Status:\n\nCompleted (Level 1-1);\nCompleted (Level 1-2);\nCompleted (Level 1-3);\nCompleted (Level 1-4);\nCompleted (Level 1-5);\nCompleted (Level 1-6);\nIn-Progress (Level 1-7);\n\n----From Desktop\n","fileTypesAndContributionMap":{"java":{"insertions":0,"deletions":12}}}]},{"date":"2023-04-04","commitResults":[{"hash":"ba1d6addf94122183c6ba940478d1aeca25db389","isMergeCommit":false,"messageTitle":"Updates: Moved classes to respective packages. Updating Storage class","messageBody":"Status:\n\nCompleted (Level 1-1);\nCompleted (Level 1-2);\nCompleted (Level 1-3);\nCompleted (Level 1-4);\nCompleted (Level 1-5);\nCompleted (Level 1-6);\nIn-Progress (Level 1-7);\n\n----From Desktop\n","fileTypesAndContributionMap":{"java":{"insertions":234,"deletions":84},"bat":{"insertions":1,"deletions":1},"md":{"insertions":2,"deletions":2}}},{"hash":"c623fba697fd4feaeb8c3d4e384ea9f57c826304","isMergeCommit":false,"messageTitle":"Updates: Added 2nd constructor for TaskList.java","messageBody":"Status:\n\nCompleted (Level 1-1);\nCompleted (Level 1-2);\nCompleted (Level 1-3);\nCompleted (Level 1-4);\nCompleted (Level 1-5);\nCompleted (Level 1-6);\nIn-Progress (Level 1-7);\n\n----From Desktop\n","fileTypesAndContributionMap":{"java":{"insertions":7,"deletions":1}}},{"hash":"d771f5a1bfdd3cb2889e3656b88b43e72e9db72f","isMergeCommit":false,"messageTitle":"Updates: - Rectify Codes","messageBody":"Status:\nCompleted (Level 1-1);\nCompleted (Level 1-2);\nCompleted (Level 1-3);\nCompleted (Level 1-4);\nCompleted (Level 1-5);\nCompleted (Level 1-6);\nIn-Progress (Level 1-7);\n\nUpdate from Laptop\n","fileTypesAndContributionMap":{"java":{"insertions":10,"deletions":0}}},{"hash":"9515288164330dcc46d3fcb9b05521958916ed6e","isMergeCommit":false,"messageTitle":"Updates: - Extracted most of the codes into Classes \u0026 Packages - More OOP","messageBody":"Status:\nCompleted (Level 1-1);\nCompleted (Level 1-2);\nCompleted (Level 1-3);\nCompleted (Level 1-4);\nCompleted (Level 1-5);\nCompleted (Level 1-6);\nIn-Progress (Level 1-7);\n\nUpdate from Laptop\n","fileTypesAndContributionMap":{"java":{"insertions":285,"deletions":20}}}]},{"date":"2023-04-07","commitResults":[{"hash":"e8b68bfb8599b6b7011712cc193c0f0dd4da57d8","isMergeCommit":false,"messageTitle":"Updates: - Fixing minor bugs for lvl 7 - Save function is completed into the harddisk - able to read from harddisk too","messageBody":"Status:\nCompleted (Level 1-1);\nCompleted (Level 1-2);\nCompleted (Level 1-3);\nCompleted (Level 1-4);\nCompleted (Level 1-5);\nCompleted (Level 1-6);\nCompleted (Level 1-7);\n\nUpdate from Laptop\n","fileTypesAndContributionMap":{"txt":{"insertions":4,"deletions":4},"java":{"insertions":241,"deletions":80}}},{"hash":"c6531c537efdaab65ecd727c8da8c1408d3fccaa","isMergeCommit":false,"messageTitle":"Updates: - Fixed bug to let Storage class loading and saving be more intuitive and smart","messageBody":"Status:\nCompleted (Level 1-1);\nCompleted (Level 1-2);\nCompleted (Level 1-3);\nCompleted (Level 1-4);\nCompleted (Level 1-5);\nCompleted (Level 1-6);\nCompleted (Level 1-7);\n\nUpdate from Laptop\n","fileTypesAndContributionMap":{"txt":{"insertions":5,"deletions":4},"java":{"insertions":89,"deletions":24}}},{"hash":"98487456ca47c5bb2e8bbc732fc275fc9b38c51e","isMergeCommit":false,"messageTitle":"Updates: - Added exception handing for input less than 0 or negative number - More OOP and Package duke done","messageBody":"Status:\nCompleted (Level 1-1);\nCompleted (Level 1-2);\nCompleted (Level 1-3);\nCompleted (Level 1-4);\nCompleted (Level 1-5);\nCompleted (Level 1-6);\nCompleted (Level 1-7);\n\nUpdate from Laptop\n","fileTypesAndContributionMap":{"txt":{"insertions":5,"deletions":3},"java":{"insertions":11,"deletions":8}}}]},{"date":"2023-04-08","commitResults":[{"hash":"abb64ddcab5911ccf3f32effea6cc3845b6904fa","isMergeCommit":false,"messageTitle":"Updates: - Added \"find\" function for Lvl 1-9 - In-progress of implementing Date-time","messageBody":"Status:\nCompleted (Level 1-1);\nCompleted (Level 1-2);\nCompleted (Level 1-3);\nCompleted (Level 1-4);\nCompleted (Level 1-5);\nCompleted (Level 1-6);\nCompleted (Level 1-7);\nIn-progress (Level 1-8);\nCompleted (Level 1-9);\n\nUpdate from Laptop\n","fileTypesAndContributionMap":{"java":{"insertions":57,"deletions":190}}},{"hash":"c627934e40c40973957e85016c9b541553a032d3","isMergeCommit":false,"messageTitle":"Updates: - Added \"find\" function for Lvl 1-9 - In-progress of implementing Date-time","messageBody":"Status:\nCompleted (Level 1-1);\nCompleted (Level 1-2);\nCompleted (Level 1-3);\nCompleted (Level 1-4);\nCompleted (Level 1-5);\nCompleted (Level 1-6);\nCompleted (Level 1-7);\nIn-progress (Level 1-8);\nCompleted (Level 1-9);\n\nUpdate from Laptop\n","fileTypesAndContributionMap":{"txt":{"insertions":2,"deletions":0}}},{"hash":"db6b8942819bcc558f5b67022b01329032723de6","isMergeCommit":false,"messageTitle":"Updates: - Able to detect duplicates (Extra work done) - In-progress of implementing Date-time","messageBody":"Status:\nCompleted (Level 1-1);\nCompleted (Level 1-2);\nCompleted (Level 1-3);\nCompleted (Level 1-4);\nCompleted (Level 1-5);\nCompleted (Level 1-6);\nCompleted (Level 1-7);\nIn-progress (Level 1-8);\nCompleted (Level 1-9);\n\nUpdate from Laptop\n","fileTypesAndContributionMap":{"txt":{"insertions":6,"deletions":5},"java":{"insertions":52,"deletions":16}}},{"hash":"478f720bccd6746d31d306578ad2d1015ce6751e","isMergeCommit":false,"messageTitle":"Updates: - Added additional features of able to perform mass operations; e.g. delete multiple tasks - In-progress of implementing Date-time","messageBody":"Status:\nCompleted (Level 1-1);\nCompleted (Level 1-2);\nCompleted (Level 1-3);\nCompleted (Level 1-4);\nCompleted (Level 1-5);\nCompleted (Level 1-6);\nCompleted (Level 1-7);\nIn-progress (Level 1-8);\nCompleted (Level 1-9);\n\nUpdate from Laptop\n","fileTypesAndContributionMap":{"txt":{"insertions":1,"deletions":1},"java":{"insertions":108,"deletions":44}}},{"hash":"b0f15dc796cae8ec67c7029e6dc6aeeab74ad7fe","isMergeCommit":false,"messageTitle":"Updates: - Fixed addition feature bug (MassOPs) for not being able to handle whitespaces inbetween commas - In-progress of implementing Date-time","messageBody":"Status:\nCompleted (Level 1-1);\nCompleted (Level 1-2);\nCompleted (Level 1-3);\nCompleted (Level 1-4);\nCompleted (Level 1-5);\nCompleted (Level 1-6);\nCompleted (Level 1-7);\nIn-progress (Level 1-8);\nCompleted (Level 1-9);\n\nUpdate from Laptop\n","fileTypesAndContributionMap":{"java":{"insertions":15,"deletions":14}}},{"hash":"7b1cc1093deacf22ec22e4748891c46e7132473e","isMergeCommit":false,"messageTitle":"Updates: - Fixed addition feature bug (MassOPs) for not being able to handle whitespaces in-between commas - In-progress of implementing Date-time","messageBody":"Status:\nCompleted (Level 1-1);\nCompleted (Level 1-2);\nCompleted (Level 1-3);\nCompleted (Level 1-4);\nCompleted (Level 1-5);\nCompleted (Level 1-6);\nCompleted (Level 1-7);\nIn-progress (Level 1-8);\nCompleted (Level 1-9);\n\nUpdate from Laptop\n","fileTypesAndContributionMap":{"java":{"insertions":3,"deletions":1}}}]},{"date":"2023-04-09","commitResults":[{"hash":"9484954906d45b9575c0ae3138043ed477facd18","isMergeCommit":false,"messageTitle":"Updates: - Added basic LocalDate type into duke project - In-progress of implementing Date-time","messageBody":"Status:\nCompleted (Level 1-1);\nCompleted (Level 1-2);\nCompleted (Level 1-3);\nCompleted (Level 1-4);\nCompleted (Level 1-5);\nCompleted (Level 1-6);\nCompleted (Level 1-7);\nIn-progress (Level 1-8);\nCompleted (Level 1-9);\n\nUpdate from Laptop\n","fileTypesAndContributionMap":{"txt":{"insertions":8,"deletions":10},"java":{"insertions":59,"deletions":13}}},{"hash":"c3f76c2558d32e7e57d4d4629ae2eead84e0d572","isMergeCommit":false,"messageTitle":"Updates: - Finish updating LocalDateTime object to Deadline object - In progress of Gradle, Junit \u0026 Assertion","messageBody":"Status:\nCompleted (Level 1-1);\nCompleted (Level 1-2);\nCompleted (Level 1-3);\nCompleted (Level 1-4);\nCompleted (Level 1-5);\nCompleted (Level 1-6);\nCompleted (Level 1-7);\nCompleted (Level 1-8);\nCompleted (Level 1-9);\n\nUpdate from Laptop\n","fileTypesAndContributionMap":{"txt":{"insertions":12,"deletions":8},"java":{"insertions":38,"deletions":30}}},{"hash":"d435d4022658407b3a855e0660064d19ba418c9d","isMergeCommit":true,"messageTitle":"Merge remote-tracking branch \u0027origin/add-gradle-support\u0027","messageBody":"","fileTypesAndContributionMap":{}},{"hash":"aa0b348cb675e375b9f17cf49e25ae7cd460d7a9","isMergeCommit":false,"messageTitle":"Updates: - Added Gradle into the project","messageBody":"Status:\nCompleted (Level 1-1);\nCompleted (Level 1-2);\nCompleted (Level 1-3);\nCompleted (Level 1-4);\nCompleted (Level 1-5);\nCompleted (Level 1-6);\nCompleted (Level 1-7);\nCompleted (Level 1-8);\nCompleted (Level 1-9);\n\nUpdate from Laptop\n","fileTypesAndContributionMap":{"gradle":{"insertions":1,"deletions":1}}},{"hash":"b76c60a12ab7d7b5d1c224cd6046d898ca4ad9f9","isMergeCommit":false,"messageTitle":"Updates: - Added Gradle into the project","messageBody":"Status:\nCompleted (Level 1-1);\nCompleted (Level 1-2);\nCompleted (Level 1-3);\nCompleted (Level 1-4);\nCompleted (Level 1-5);\nCompleted (Level 1-6);\nCompleted (Level 1-7);\nCompleted (Level 1-8);\nCompleted (Level 1-9);\n\nUpdate from Laptop\n","fileTypesAndContributionMap":{"gradle":{"insertions":1,"deletions":0}}},{"hash":"815249fab50f307539df4bde8e307b0781f12243","isMergeCommit":false,"messageTitle":"Updates: - Updated comments based on javaDocs requirement - Removed useless comments from Duke main class","messageBody":"Status:\nCompleted (Level 1-1);\nCompleted (Level 1-2);\nCompleted (Level 1-3);\nCompleted (Level 1-4);\nCompleted (Level 1-5);\nCompleted (Level 1-6);\nCompleted (Level 1-7);\nCompleted (Level 1-8);\nCompleted (Level 1-9);\n\nUpdate from Laptop\n","fileTypesAndContributionMap":{"gradle":{"insertions":0,"deletions":1},"java":{"insertions":81,"deletions":182}}}]},{"date":"2023-04-10","commitResults":[{"hash":"c898448008fa4ce9d62194c285f12b65b0f2512e","isMergeCommit":false,"messageTitle":"Updates: - Updated comments based on javaDocs requirement","messageBody":"Status:\nCompleted (Level 1-1);\nCompleted (Level 1-2);\nCompleted (Level 1-3);\nCompleted (Level 1-4);\nCompleted (Level 1-5);\nCompleted (Level 1-6);\nCompleted (Level 1-7);\nCompleted (Level 1-8);\nCompleted (Level 1-9);\n\nUpdate from Laptop\n","fileTypesAndContributionMap":{"java":{"insertions":41,"deletions":15}}},{"hash":"d74b822a8af02e3ab4f85690c0d24f09181d3fca","isMergeCommit":false,"messageTitle":"Updates: - Updated comments based on javaDocs requirement - Added Junit test cases \u0026 assertions into main codes","messageBody":"Status:\nCompleted (Level 1-1);\nCompleted (Level 1-2);\nCompleted (Level 1-3);\nCompleted (Level 1-4);\nCompleted (Level 1-5);\nCompleted (Level 1-6);\nCompleted (Level 1-7);\nCompleted (Level 1-8);\nCompleted (Level 1-9);\n\nUpdate from Laptop\n","fileTypesAndContributionMap":{"gradle":{"insertions":2,"deletions":0},"java":{"insertions":112,"deletions":5}}},{"hash":"532946ad10bed83ff0cf5ba0a770647686624141","isMergeCommit":false,"messageTitle":"Updates: - Updated comments based on javaDocs requirement","messageBody":"Status:\nCompleted (Level 1-1);\nCompleted (Level 1-2);\nCompleted (Level 1-3);\nCompleted (Level 1-4);\nCompleted (Level 1-5);\nCompleted (Level 1-6);\nCompleted (Level 1-7);\nCompleted (Level 1-8);\nCompleted (Level 1-9);\n\nUpdate from Laptop\n","fileTypesAndContributionMap":{"java":{"insertions":1,"deletions":1}}}]},{"date":"2023-04-11","commitResults":[{"hash":"5bbb3ddd5a1b8fe5eac47447b35164de16b6dc5c","isMergeCommit":false,"messageTitle":"Updates: Settled directory issue and OS-Dependent Path","messageBody":"Status:\n\nCompleted (Level 1-1);\nCompleted (Level 1-2);\nCompleted (Level 1-3);\nCompleted (Level 1-4);\nCompleted (Level 1-5);\nCompleted (Level 1-6);\nCompleted (Level 1-7);\nCompleted (Level 1-8);\nCompleted (Level 1-9);\n\n----From Desktop\n","fileTypesAndContributionMap":{"txt":{"insertions":0,"deletions":12},"java":{"insertions":36,"deletions":15}}},{"hash":"4e3bd534e99acdb40833504ad2d44086cb71ac4b","isMergeCommit":false,"messageTitle":"Updates: Converted start \u0026 end for Event to DateTimeLocal type","messageBody":"Status:\n\nCompleted (Level 1-1);\nCompleted (Level 1-2);\nCompleted (Level 1-3);\nCompleted (Level 1-4);\nCompleted (Level 1-5);\nCompleted (Level 1-6);\nCompleted (Level 1-7);\nCompleted (Level 1-8);\nCompleted (Level 1-9);\n\n----From Desktop\n","fileTypesAndContributionMap":{"java":{"insertions":15,"deletions":13}}},{"hash":"ef83efcda57051d5205873924abb9c4dc3253d53","isMergeCommit":false,"messageTitle":"Updates: Added additional feature of detecting anomalies when adding Event that clashes with existing ones","messageBody":"Status:\nCore:\nCompleted (Level 1-1);\nCompleted (Level 1-2);\nCompleted (Level 1-3);\nCompleted (Level 1-4);\nCompleted (Level 1-5);\nCompleted (Level 1-6);\nCompleted (Level 1-7);\nCompleted (Level 1-8);\nCompleted (Level 1-9);\n\nAdditional Features:\nCompleted (Detecting Anomalies)\nCompleted (Mass Operations)\n\n----From Desktop\n","fileTypesAndContributionMap":{"java":{"insertions":56,"deletions":2}}},{"hash":"16c38ea2be39ee23e4ebbd50ee7c8cb0722cf85e","isMergeCommit":false,"messageTitle":"Updates: Comments changed","messageBody":"Status:\nCore:\nCompleted (Level 1-1);\nCompleted (Level 1-2);\nCompleted (Level 1-3);\nCompleted (Level 1-4);\nCompleted (Level 1-5);\nCompleted (Level 1-6);\nCompleted (Level 1-7);\nCompleted (Level 1-8);\nCompleted (Level 1-9);\n\nAdditional Features:\nCompleted (Detecting Anomalies)\nCompleted (Mass Operations)\n\n----From Desktop\n","fileTypesAndContributionMap":{"java":{"insertions":1,"deletions":1}}},{"hash":"1dd461ec75dec5084319d13880526012dee9e660","isMergeCommit":false,"messageTitle":"Updates: Updated Detect Anomalies to be able to show task that clashed","messageBody":"Status:\nCore:\nCompleted (Level 1-1);\nCompleted (Level 1-2);\nCompleted (Level 1-3);\nCompleted (Level 1-4);\nCompleted (Level 1-5);\nCompleted (Level 1-6);\nCompleted (Level 1-7);\nCompleted (Level 1-8);\nCompleted (Level 1-9);\n\nAdditional Features:\nCompleted (Detecting Anomalies)\nCompleted (Mass Operations)\n\n----From Desktop\n","fileTypesAndContributionMap":{"java":{"insertions":13,"deletions":9}}}]}]},"authorFileTypeContributionMap":{"HappyM0ment":{"java":1333,"md":2,"fxml":0,"sh":0,"bat":1,"gradle":3,"txt":0}},"authorContributionVariance":{"HappyM0ment":13297.438},"authorDisplayNameMap":{"HappyM0ment":"ANG ..RIEL"}}
