[{"path":"build.gradle","fileType":"gradle","lines":[{"lineNumber":1,"author":{"gitId":"-"},"content":"plugins {","lastModifiedDate":"2020-05-25"},{"lineNumber":2,"author":{"gitId":"-"},"content":"    id \u0027java\u0027","lastModifiedDate":"2020-05-25"},{"lineNumber":3,"author":{"gitId":"-"},"content":"    id \u0027application\u0027","lastModifiedDate":"2020-05-25"},{"lineNumber":4,"author":{"gitId":"-"},"content":"    id \u0027com.github.johnrengelman.shadow\u0027 version \u00275.1.0\u0027","lastModifiedDate":"2020-05-25"},{"lineNumber":5,"author":{"gitId":"-"},"content":"}","lastModifiedDate":"2020-05-25"},{"lineNumber":6,"author":{"gitId":"-"},"content":"","lastModifiedDate":"2020-05-25"},{"lineNumber":7,"author":{"gitId":"-"},"content":"repositories {","lastModifiedDate":"2020-05-25"},{"lineNumber":8,"author":{"gitId":"-"},"content":"    mavenCentral()","lastModifiedDate":"2020-05-25"},{"lineNumber":9,"author":{"gitId":"-"},"content":"}","lastModifiedDate":"2020-05-25"},{"lineNumber":10,"author":{"gitId":"-"},"content":"","lastModifiedDate":"2020-05-25"},{"lineNumber":11,"author":{"gitId":"-"},"content":"dependencies {","lastModifiedDate":"2020-05-25"},{"lineNumber":12,"author":{"gitId":"-"},"content":"    testImplementation group: \u0027org.junit.jupiter\u0027, name: \u0027junit-jupiter-api\u0027, version: \u00275.5.0\u0027","lastModifiedDate":"2020-05-25"},{"lineNumber":13,"author":{"gitId":"-"},"content":"    testRuntimeOnly group: \u0027org.junit.jupiter\u0027, name: \u0027junit-jupiter-engine\u0027, version: \u00275.5.0\u0027","lastModifiedDate":"2020-05-25"},{"lineNumber":14,"author":{"gitId":"-"},"content":"}","lastModifiedDate":"2020-05-25"},{"lineNumber":15,"author":{"gitId":"-"},"content":"","lastModifiedDate":"2020-05-25"},{"lineNumber":16,"author":{"gitId":"-"},"content":"test {","lastModifiedDate":"2020-05-25"},{"lineNumber":17,"author":{"gitId":"-"},"content":"    useJUnitPlatform()","lastModifiedDate":"2020-05-25"},{"lineNumber":18,"author":{"gitId":"-"},"content":"","lastModifiedDate":"2020-05-25"},{"lineNumber":19,"author":{"gitId":"-"},"content":"    testLogging {","lastModifiedDate":"2020-05-25"},{"lineNumber":20,"author":{"gitId":"-"},"content":"        events \"passed\", \"skipped\", \"failed\"","lastModifiedDate":"2020-05-25"},{"lineNumber":21,"author":{"gitId":"-"},"content":"","lastModifiedDate":"2020-05-25"},{"lineNumber":22,"author":{"gitId":"-"},"content":"        showExceptions true","lastModifiedDate":"2020-05-25"},{"lineNumber":23,"author":{"gitId":"-"},"content":"        exceptionFormat \"full\"","lastModifiedDate":"2020-05-25"},{"lineNumber":24,"author":{"gitId":"-"},"content":"        showCauses true","lastModifiedDate":"2020-05-25"},{"lineNumber":25,"author":{"gitId":"-"},"content":"        showStackTraces true","lastModifiedDate":"2020-05-25"},{"lineNumber":26,"author":{"gitId":"-"},"content":"        showStandardStreams \u003d false","lastModifiedDate":"2020-05-25"},{"lineNumber":27,"author":{"gitId":"-"},"content":"    }","lastModifiedDate":"2020-05-25"},{"lineNumber":28,"author":{"gitId":"-"},"content":"}","lastModifiedDate":"2020-05-25"},{"lineNumber":29,"author":{"gitId":"-"},"content":"","lastModifiedDate":"2020-05-25"},{"lineNumber":30,"author":{"gitId":"-"},"content":"application {","lastModifiedDate":"2020-05-25"},{"lineNumber":31,"author":{"gitId":"nikhilo0"},"content":"    mainClassName \u003d \"duke.Duke\"","lastModifiedDate":"2023-04-22"},{"lineNumber":32,"author":{"gitId":"-"},"content":"}","lastModifiedDate":"2020-05-25"},{"lineNumber":33,"author":{"gitId":"-"},"content":"","lastModifiedDate":"2020-05-25"},{"lineNumber":34,"author":{"gitId":"-"},"content":"shadowJar {","lastModifiedDate":"2020-05-25"},{"lineNumber":35,"author":{"gitId":"-"},"content":"    archiveBaseName \u003d \"duke\"","lastModifiedDate":"2020-05-25"},{"lineNumber":36,"author":{"gitId":"-"},"content":"    archiveClassifier \u003d null","lastModifiedDate":"2020-05-25"},{"lineNumber":37,"author":{"gitId":"-"},"content":"}","lastModifiedDate":"2020-05-25"},{"lineNumber":38,"author":{"gitId":"-"},"content":"","lastModifiedDate":"2020-05-25"},{"lineNumber":39,"author":{"gitId":"-"},"content":"run{","lastModifiedDate":"2020-05-25"},{"lineNumber":40,"author":{"gitId":"-"},"content":"    standardInput \u003d System.in","lastModifiedDate":"2020-05-25"},{"lineNumber":41,"author":{"gitId":"-"},"content":"}","lastModifiedDate":"2020-05-25"}],"authorContributionMap":{"-":40,"nikhilo0":1}},{"path":"src/main/java/duke/Deadline.java","fileType":"java","lines":[{"lineNumber":1,"author":{"gitId":"nikhilo0"},"content":"package duke;","lastModifiedDate":"2023-04-22"},{"lineNumber":2,"author":{"gitId":"nikhilo0"},"content":"import java.time.format.DateTimeFormatter;","lastModifiedDate":"2023-04-09"},{"lineNumber":3,"author":{"gitId":"nikhilo0"},"content":"import java.time.format.DateTimeParseException;","lastModifiedDate":"2023-04-09"},{"lineNumber":4,"author":{"gitId":"nikhilo0"},"content":"","lastModifiedDate":"2023-02-11"},{"lineNumber":5,"author":{"gitId":"nikhilo0"},"content":"public class Deadline extends Task {","lastModifiedDate":"2023-04-09"},{"lineNumber":6,"author":{"gitId":"nikhilo0"},"content":"    protected String by;","lastModifiedDate":"2023-02-11"},{"lineNumber":7,"author":{"gitId":"nikhilo0"},"content":"    //protected boolean isDone;","lastModifiedDate":"2023-02-11"},{"lineNumber":8,"author":{"gitId":"nikhilo0"},"content":"","lastModifiedDate":"2023-02-11"},{"lineNumber":9,"author":{"gitId":"nikhilo0"},"content":"    public Deadline(String description, String by) {","lastModifiedDate":"2023-02-11"},{"lineNumber":10,"author":{"gitId":"nikhilo0"},"content":"        super(description);","lastModifiedDate":"2023-02-11"},{"lineNumber":11,"author":{"gitId":"nikhilo0"},"content":"        this.by \u003d by;","lastModifiedDate":"2023-02-11"},{"lineNumber":12,"author":{"gitId":"nikhilo0"},"content":"        this.isDone\u003d false;","lastModifiedDate":"2023-02-11"},{"lineNumber":13,"author":{"gitId":"nikhilo0"},"content":"    }","lastModifiedDate":"2023-02-11"},{"lineNumber":14,"author":{"gitId":"nikhilo0"},"content":"","lastModifiedDate":"2023-02-11"},{"lineNumber":15,"author":{"gitId":"nikhilo0"},"content":"    public void setBy(String by) {","lastModifiedDate":"2023-02-11"},{"lineNumber":16,"author":{"gitId":"nikhilo0"},"content":"        this.by \u003d by;","lastModifiedDate":"2023-02-11"},{"lineNumber":17,"author":{"gitId":"nikhilo0"},"content":"    }","lastModifiedDate":"2023-02-11"},{"lineNumber":18,"author":{"gitId":"nikhilo0"},"content":"","lastModifiedDate":"2023-02-11"},{"lineNumber":19,"author":{"gitId":"nikhilo0"},"content":"    public String getBy() {","lastModifiedDate":"2023-02-11"},{"lineNumber":20,"author":{"gitId":"nikhilo0"},"content":"        return by;","lastModifiedDate":"2023-02-11"},{"lineNumber":21,"author":{"gitId":"nikhilo0"},"content":"    }","lastModifiedDate":"2023-02-11"},{"lineNumber":22,"author":{"gitId":"nikhilo0"},"content":"","lastModifiedDate":"2023-02-11"},{"lineNumber":23,"author":{"gitId":"nikhilo0"},"content":"","lastModifiedDate":"2023-02-11"},{"lineNumber":24,"author":{"gitId":"nikhilo0"},"content":"    @Override","lastModifiedDate":"2023-02-11"},{"lineNumber":25,"author":{"gitId":"nikhilo0"},"content":"    public String toString() {","lastModifiedDate":"2023-02-11"},{"lineNumber":26,"author":{"gitId":"nikhilo0"},"content":"","lastModifiedDate":"2023-04-09"},{"lineNumber":27,"author":{"gitId":"nikhilo0"},"content":"        return \"[D]\" + super.toString() + \" (by: \" + toDate(by).format(DateTimeFormatter.ofPattern(\"MMM d yyy\")) + \")\";","lastModifiedDate":"2023-04-09"},{"lineNumber":28,"author":{"gitId":"nikhilo0"},"content":"","lastModifiedDate":"2023-04-09"},{"lineNumber":29,"author":{"gitId":"nikhilo0"},"content":"    }   //testing deadline with date","lastModifiedDate":"2023-04-09"},{"lineNumber":30,"author":{"gitId":"nikhilo0"},"content":"","lastModifiedDate":"2023-04-09"},{"lineNumber":31,"author":{"gitId":"nikhilo0"},"content":"","lastModifiedDate":"2023-04-09"},{"lineNumber":32,"author":{"gitId":"nikhilo0"},"content":"}","lastModifiedDate":"2023-02-11"}],"authorContributionMap":{"nikhilo0":32}},{"path":"src/main/java/duke/Duke.java","fileType":"java","lines":[{"lineNumber":1,"author":{"gitId":"nikhilo0"},"content":"package duke;","lastModifiedDate":"2023-04-22"},{"lineNumber":2,"author":{"gitId":"nikhilo0"},"content":"","lastModifiedDate":"2023-04-22"},{"lineNumber":3,"author":{"gitId":"nikhilo0"},"content":"import java.time.format.DateTimeParseException;","lastModifiedDate":"2023-04-09"},{"lineNumber":4,"author":{"gitId":"nikhilo0"},"content":"import java.util.Scanner;","lastModifiedDate":"2023-02-11"},{"lineNumber":5,"author":{"gitId":"nikhilo0"},"content":"import java.util.Arrays;","lastModifiedDate":"2023-04-09"},{"lineNumber":6,"author":{"gitId":"nikhilo0"},"content":"import java.util.ArrayList;","lastModifiedDate":"2023-04-09"},{"lineNumber":7,"author":{"gitId":"nikhilo0"},"content":"import java.io.FileWriter;","lastModifiedDate":"2023-04-09"},{"lineNumber":8,"author":{"gitId":"nikhilo0"},"content":"import java.io.IOException;","lastModifiedDate":"2023-04-09"},{"lineNumber":9,"author":{"gitId":"nikhilo0"},"content":"import java.io.File;","lastModifiedDate":"2023-04-09"},{"lineNumber":10,"author":{"gitId":"nikhilo0"},"content":"import java.io.FileNotFoundException;","lastModifiedDate":"2023-04-09"},{"lineNumber":11,"author":{"gitId":"nikhilo0"},"content":"import java.time.format.DateTimeFormatter;","lastModifiedDate":"2023-04-09"},{"lineNumber":12,"author":{"gitId":"nikhilo0"},"content":"import java.time.LocalDate;","lastModifiedDate":"2023-04-09"},{"lineNumber":13,"author":{"gitId":"nikhilo0"},"content":"import java.util.Scanner;","lastModifiedDate":"2023-04-09"},{"lineNumber":14,"author":{"gitId":"nikhilo0"},"content":"","lastModifiedDate":"2023-04-09"},{"lineNumber":15,"author":{"gitId":"nikhilo0"},"content":"","lastModifiedDate":"2023-02-11"},{"lineNumber":16,"author":{"gitId":"-"},"content":"public class Duke {","lastModifiedDate":"2019-07-29"},{"lineNumber":17,"author":{"gitId":"nikhilo0"},"content":"","lastModifiedDate":"2023-04-09"},{"lineNumber":18,"author":{"gitId":"nikhilo0"},"content":"","lastModifiedDate":"2023-04-09"},{"lineNumber":19,"author":{"gitId":"nikhilo0"},"content":"    //Read from Existing File and update list","lastModifiedDate":"2023-04-09"},{"lineNumber":20,"author":{"gitId":"nikhilo0"},"content":"    public static int printFileContents(String filePath, ArrayList\u003cTask\u003etasks) throws FileNotFoundException {","lastModifiedDate":"2023-04-22"},{"lineNumber":21,"author":{"gitId":"nikhilo0"},"content":"","lastModifiedDate":"2023-04-09"},{"lineNumber":22,"author":{"gitId":"nikhilo0"},"content":"        File f \u003d new File(filePath); // create a File for the given file path","lastModifiedDate":"2023-04-09"},{"lineNumber":23,"author":{"gitId":"nikhilo0"},"content":"        Scanner s \u003d new Scanner(f); // create a Scanner using the File as the source","lastModifiedDate":"2023-04-09"},{"lineNumber":24,"author":{"gitId":"nikhilo0"},"content":"        int count\u003d0;","lastModifiedDate":"2023-04-09"},{"lineNumber":25,"author":{"gitId":"nikhilo0"},"content":"        while (s.hasNext()) {","lastModifiedDate":"2023-04-09"},{"lineNumber":26,"author":{"gitId":"nikhilo0"},"content":"            String re\u003d s.nextLine();","lastModifiedDate":"2023-04-09"},{"lineNumber":27,"author":{"gitId":"nikhilo0"},"content":"            //System.out.println(\"reading lines\");","lastModifiedDate":"2023-04-09"},{"lineNumber":28,"author":{"gitId":"nikhilo0"},"content":"            if(re.substring(0,1).equals(\"[\")){","lastModifiedDate":"2023-04-09"},{"lineNumber":29,"author":{"gitId":"nikhilo0"},"content":"","lastModifiedDate":"2023-04-09"},{"lineNumber":30,"author":{"gitId":"nikhilo0"},"content":"                if(re.substring(1,2).equals(\"T\")){","lastModifiedDate":"2023-04-09"},{"lineNumber":31,"author":{"gitId":"nikhilo0"},"content":"","lastModifiedDate":"2023-04-09"},{"lineNumber":32,"author":{"gitId":"nikhilo0"},"content":"","lastModifiedDate":"2023-04-09"},{"lineNumber":33,"author":{"gitId":"nikhilo0"},"content":"                    tasks.add(new Todo(re.substring(7)));","lastModifiedDate":"2023-04-09"},{"lineNumber":34,"author":{"gitId":"nikhilo0"},"content":"                    if(re.charAt(4)\u003d\u003d\u0027X\u0027){","lastModifiedDate":"2023-04-09"},{"lineNumber":35,"author":{"gitId":"nikhilo0"},"content":"                        tasks.get(count).markAsDone();","lastModifiedDate":"2023-04-09"},{"lineNumber":36,"author":{"gitId":"nikhilo0"},"content":"                    }","lastModifiedDate":"2023-04-09"},{"lineNumber":37,"author":{"gitId":"nikhilo0"},"content":"                    count++;","lastModifiedDate":"2023-04-09"},{"lineNumber":38,"author":{"gitId":"nikhilo0"},"content":"                }","lastModifiedDate":"2023-04-09"},{"lineNumber":39,"author":{"gitId":"nikhilo0"},"content":"","lastModifiedDate":"2023-04-09"},{"lineNumber":40,"author":{"gitId":"nikhilo0"},"content":"                else if(re.substring(1,2).equals(\"D\")){","lastModifiedDate":"2023-04-09"},{"lineNumber":41,"author":{"gitId":"nikhilo0"},"content":"","lastModifiedDate":"2023-04-09"},{"lineNumber":42,"author":{"gitId":"nikhilo0"},"content":"                    //System.out.println(\"Task deadline found, adding in\");","lastModifiedDate":"2023-04-09"},{"lineNumber":43,"author":{"gitId":"nikhilo0"},"content":"                    int Stindex \u003d 7;","lastModifiedDate":"2023-04-09"},{"lineNumber":44,"author":{"gitId":"nikhilo0"},"content":"                    int index\u003d re.indexOf(\"by\")+4;","lastModifiedDate":"2023-04-09"},{"lineNumber":45,"author":{"gitId":"nikhilo0"},"content":"                    int endex\u003d re.indexOf(\u0027)\u0027);","lastModifiedDate":"2023-04-09"},{"lineNumber":46,"author":{"gitId":"nikhilo0"},"content":"","lastModifiedDate":"2023-04-09"},{"lineNumber":47,"author":{"gitId":"nikhilo0"},"content":"                    DateTimeFormatter formatter \u003d DateTimeFormatter.ofPattern(\"MMM d yyy\");","lastModifiedDate":"2023-04-09"},{"lineNumber":48,"author":{"gitId":"nikhilo0"},"content":"                    String date \u003d re.substring(index,endex);","lastModifiedDate":"2023-04-09"},{"lineNumber":49,"author":{"gitId":"nikhilo0"},"content":"","lastModifiedDate":"2023-04-09"},{"lineNumber":50,"author":{"gitId":"nikhilo0"},"content":"                    LocalDate localDate \u003d LocalDate.parse(date, formatter);","lastModifiedDate":"2023-04-09"},{"lineNumber":51,"author":{"gitId":"nikhilo0"},"content":"                    date\u003dlocalDate.toString();","lastModifiedDate":"2023-04-09"},{"lineNumber":52,"author":{"gitId":"nikhilo0"},"content":"","lastModifiedDate":"2023-04-09"},{"lineNumber":53,"author":{"gitId":"nikhilo0"},"content":"                    tasks.add(new Deadline(re.substring(Stindex, index-6), date));","lastModifiedDate":"2023-04-09"},{"lineNumber":54,"author":{"gitId":"nikhilo0"},"content":"                    if(re.charAt(4)\u003d\u003d\u0027X\u0027){","lastModifiedDate":"2023-04-09"},{"lineNumber":55,"author":{"gitId":"nikhilo0"},"content":"                        tasks.get(count).markAsDone();","lastModifiedDate":"2023-04-09"},{"lineNumber":56,"author":{"gitId":"nikhilo0"},"content":"                    }","lastModifiedDate":"2023-04-09"},{"lineNumber":57,"author":{"gitId":"nikhilo0"},"content":"                    count++;","lastModifiedDate":"2023-04-09"},{"lineNumber":58,"author":{"gitId":"nikhilo0"},"content":"                }","lastModifiedDate":"2023-04-09"},{"lineNumber":59,"author":{"gitId":"nikhilo0"},"content":"","lastModifiedDate":"2023-04-09"},{"lineNumber":60,"author":{"gitId":"nikhilo0"},"content":"                else if(re.substring(1,2).equals(\"E\")){","lastModifiedDate":"2023-04-09"},{"lineNumber":61,"author":{"gitId":"nikhilo0"},"content":"","lastModifiedDate":"2023-04-09"},{"lineNumber":62,"author":{"gitId":"nikhilo0"},"content":"                    //System.out.println(\"Task event found, adding in\");","lastModifiedDate":"2023-04-09"},{"lineNumber":63,"author":{"gitId":"nikhilo0"},"content":"                    int Stindex \u003d 7;","lastModifiedDate":"2023-04-09"},{"lineNumber":64,"author":{"gitId":"nikhilo0"},"content":"                    int index\u003d re.indexOf(\"at\")+4;","lastModifiedDate":"2023-04-09"},{"lineNumber":65,"author":{"gitId":"nikhilo0"},"content":"                    int endex\u003d re.indexOf(\u0027)\u0027);","lastModifiedDate":"2023-04-09"},{"lineNumber":66,"author":{"gitId":"nikhilo0"},"content":"","lastModifiedDate":"2023-04-09"},{"lineNumber":67,"author":{"gitId":"nikhilo0"},"content":"                    DateTimeFormatter formatter \u003d DateTimeFormatter.ofPattern(\"MMM d yyy\");","lastModifiedDate":"2023-04-09"},{"lineNumber":68,"author":{"gitId":"nikhilo0"},"content":"                    String date \u003d re.substring(index,endex);","lastModifiedDate":"2023-04-09"},{"lineNumber":69,"author":{"gitId":"nikhilo0"},"content":"","lastModifiedDate":"2023-04-09"},{"lineNumber":70,"author":{"gitId":"nikhilo0"},"content":"                    LocalDate localDate \u003d LocalDate.parse(date, formatter);","lastModifiedDate":"2023-04-09"},{"lineNumber":71,"author":{"gitId":"nikhilo0"},"content":"                    date\u003dlocalDate.toString();","lastModifiedDate":"2023-04-09"},{"lineNumber":72,"author":{"gitId":"nikhilo0"},"content":"","lastModifiedDate":"2023-04-09"},{"lineNumber":73,"author":{"gitId":"nikhilo0"},"content":"                    tasks.add(new Event(re.substring(Stindex, index-6), date));","lastModifiedDate":"2023-04-09"},{"lineNumber":74,"author":{"gitId":"nikhilo0"},"content":"","lastModifiedDate":"2023-04-09"},{"lineNumber":75,"author":{"gitId":"nikhilo0"},"content":"                    if(re.charAt(4)\u003d\u003d\u0027X\u0027){","lastModifiedDate":"2023-04-09"},{"lineNumber":76,"author":{"gitId":"nikhilo0"},"content":"                        tasks.get(count).markAsDone();","lastModifiedDate":"2023-04-09"},{"lineNumber":77,"author":{"gitId":"nikhilo0"},"content":"                    }","lastModifiedDate":"2023-04-09"},{"lineNumber":78,"author":{"gitId":"nikhilo0"},"content":"","lastModifiedDate":"2023-04-09"},{"lineNumber":79,"author":{"gitId":"nikhilo0"},"content":"                    count++;","lastModifiedDate":"2023-04-09"},{"lineNumber":80,"author":{"gitId":"nikhilo0"},"content":"                }","lastModifiedDate":"2023-04-09"},{"lineNumber":81,"author":{"gitId":"nikhilo0"},"content":"            }","lastModifiedDate":"2023-04-09"},{"lineNumber":82,"author":{"gitId":"nikhilo0"},"content":"        }","lastModifiedDate":"2023-04-09"},{"lineNumber":83,"author":{"gitId":"nikhilo0"},"content":"        System.out.println(\"Saved Tasks add to the list successfully!!!\");","lastModifiedDate":"2023-04-09"},{"lineNumber":84,"author":{"gitId":"nikhilo0"},"content":"        return count;","lastModifiedDate":"2023-04-09"},{"lineNumber":85,"author":{"gitId":"nikhilo0"},"content":"    }","lastModifiedDate":"2023-04-09"},{"lineNumber":86,"author":{"gitId":"nikhilo0"},"content":"","lastModifiedDate":"2023-04-09"},{"lineNumber":87,"author":{"gitId":"nikhilo0"},"content":"","lastModifiedDate":"2023-04-09"},{"lineNumber":88,"author":{"gitId":"nikhilo0"},"content":"    public static int readt(ArrayList\u003cTask\u003etasks) {","lastModifiedDate":"2023-04-09"},{"lineNumber":89,"author":{"gitId":"nikhilo0"},"content":"        int count\u003d0;","lastModifiedDate":"2023-04-09"},{"lineNumber":90,"author":{"gitId":"nikhilo0"},"content":"        try {","lastModifiedDate":"2023-04-09"},{"lineNumber":91,"author":{"gitId":"nikhilo0"},"content":"            String homePath \u003d System.getProperty(\"user.home\");","lastModifiedDate":"2023-04-09"},{"lineNumber":92,"author":{"gitId":"nikhilo0"},"content":"            String fileName \u003d \"DukeText.txt\";","lastModifiedDate":"2023-04-09"},{"lineNumber":93,"author":{"gitId":"nikhilo0"},"content":"            String filePath \u003d homePath + File.separator + fileName;","lastModifiedDate":"2023-04-09"},{"lineNumber":94,"author":{"gitId":"nikhilo0"},"content":"            System.out.println(\"filePath \u003d \" + filePath);","lastModifiedDate":"2023-04-09"},{"lineNumber":95,"author":{"gitId":"nikhilo0"},"content":"","lastModifiedDate":"2023-04-09"},{"lineNumber":96,"author":{"gitId":"nikhilo0"},"content":"            count\u003d printFileContents(filePath, tasks);","lastModifiedDate":"2023-04-09"},{"lineNumber":97,"author":{"gitId":"nikhilo0"},"content":"        } catch (FileNotFoundException e) {","lastModifiedDate":"2023-04-09"},{"lineNumber":98,"author":{"gitId":"nikhilo0"},"content":"            System.out.println(\"File not found\");","lastModifiedDate":"2023-04-09"},{"lineNumber":99,"author":{"gitId":"nikhilo0"},"content":"        }","lastModifiedDate":"2023-04-09"},{"lineNumber":100,"author":{"gitId":"nikhilo0"},"content":"        return count;","lastModifiedDate":"2023-04-09"},{"lineNumber":101,"author":{"gitId":"nikhilo0"},"content":"    }","lastModifiedDate":"2023-04-09"},{"lineNumber":102,"author":{"gitId":"nikhilo0"},"content":"","lastModifiedDate":"2023-04-09"},{"lineNumber":103,"author":{"gitId":"nikhilo0"},"content":"","lastModifiedDate":"2023-04-09"},{"lineNumber":104,"author":{"gitId":"nikhilo0"},"content":"    // Writes the content of the list to file","lastModifiedDate":"2023-04-22"},{"lineNumber":105,"author":{"gitId":"nikhilo0"},"content":"    private static void writeToFile(String filePath, String textToAdd) throws IOException {","lastModifiedDate":"2023-04-09"},{"lineNumber":106,"author":{"gitId":"nikhilo0"},"content":"        FileWriter fw \u003d new FileWriter(filePath);","lastModifiedDate":"2023-04-09"},{"lineNumber":107,"author":{"gitId":"nikhilo0"},"content":"        fw.write(textToAdd);","lastModifiedDate":"2023-04-09"},{"lineNumber":108,"author":{"gitId":"nikhilo0"},"content":"        fw.close();","lastModifiedDate":"2023-04-09"},{"lineNumber":109,"author":{"gitId":"nikhilo0"},"content":"        System.out.println(\"\\nTasks saved Successfully!!\");","lastModifiedDate":"2023-04-09"},{"lineNumber":110,"author":{"gitId":"nikhilo0"},"content":"    }","lastModifiedDate":"2023-04-09"},{"lineNumber":111,"author":{"gitId":"nikhilo0"},"content":"","lastModifiedDate":"2023-04-09"},{"lineNumber":112,"author":{"gitId":"nikhilo0"},"content":"    //checking if the task has description","lastModifiedDate":"2023-04-09"},{"lineNumber":113,"author":{"gitId":"nikhilo0"},"content":"    static void validate(String s, String tas) throws DukeException {","lastModifiedDate":"2023-04-09"},{"lineNumber":114,"author":{"gitId":"nikhilo0"},"content":"        if (s.equals(tas)) {","lastModifiedDate":"2023-04-09"},{"lineNumber":115,"author":{"gitId":"nikhilo0"},"content":"","lastModifiedDate":"2023-04-09"},{"lineNumber":116,"author":{"gitId":"nikhilo0"},"content":"            // throw an object of user defined exception","lastModifiedDate":"2023-04-09"},{"lineNumber":117,"author":{"gitId":"nikhilo0"},"content":"            throw new DukeException(); //tas+ \" cannot be empty. Please try again\");","lastModifiedDate":"2023-04-09"},{"lineNumber":118,"author":{"gitId":"nikhilo0"},"content":"        }","lastModifiedDate":"2023-04-09"},{"lineNumber":119,"author":{"gitId":"nikhilo0"},"content":"","lastModifiedDate":"2023-04-09"},{"lineNumber":120,"author":{"gitId":"nikhilo0"},"content":"    }","lastModifiedDate":"2023-04-09"},{"lineNumber":121,"author":{"gitId":"nikhilo0"},"content":"","lastModifiedDate":"2023-04-09"},{"lineNumber":122,"author":{"gitId":"nikhilo0"},"content":"    //checking if a data has been given","lastModifiedDate":"2023-04-09"},{"lineNumber":123,"author":{"gitId":"nikhilo0"},"content":"    static void validateDate(int ind) throws DukeException2 {","lastModifiedDate":"2023-04-09"},{"lineNumber":124,"author":{"gitId":"nikhilo0"},"content":"        if (ind\u003d\u003d-1) {throw new DukeException2();}","lastModifiedDate":"2023-04-09"},{"lineNumber":125,"author":{"gitId":"nikhilo0"},"content":"","lastModifiedDate":"2023-04-09"},{"lineNumber":126,"author":{"gitId":"nikhilo0"},"content":"    }","lastModifiedDate":"2023-04-09"},{"lineNumber":127,"author":{"gitId":"nikhilo0"},"content":"","lastModifiedDate":"2023-04-09"},{"lineNumber":128,"author":{"gitId":"nikhilo0"},"content":"    //checking if the date is given in correct format","lastModifiedDate":"2023-04-09"},{"lineNumber":129,"author":{"gitId":"nikhilo0"},"content":"    static void validateDate2(String date) throws DateTimeParseException {","lastModifiedDate":"2023-04-09"},{"lineNumber":130,"author":{"gitId":"nikhilo0"},"content":"","lastModifiedDate":"2023-04-09"},{"lineNumber":131,"author":{"gitId":"nikhilo0"},"content":"        LocalDate d1\u003d LocalDate.parse(date);","lastModifiedDate":"2023-04-09"},{"lineNumber":132,"author":{"gitId":"nikhilo0"},"content":"","lastModifiedDate":"2023-04-09"},{"lineNumber":133,"author":{"gitId":"nikhilo0"},"content":"    }","lastModifiedDate":"2023-04-09"},{"lineNumber":134,"author":{"gitId":"nikhilo0"},"content":"","lastModifiedDate":"2023-04-09"},{"lineNumber":135,"author":{"gitId":"-"},"content":"    public static void main(String[] args) {","lastModifiedDate":"2019-07-29"},{"lineNumber":136,"author":{"gitId":"-"},"content":"        String logo \u003d \" ____        _        \\n\"","lastModifiedDate":"2019-07-29"},{"lineNumber":137,"author":{"gitId":"-"},"content":"                + \"|  _ \\\\ _   _| | _____ \\n\"","lastModifiedDate":"2019-07-29"},{"lineNumber":138,"author":{"gitId":"-"},"content":"                + \"| | | | | | | |/ / _ \\\\\\n\"","lastModifiedDate":"2019-07-29"},{"lineNumber":139,"author":{"gitId":"-"},"content":"                + \"| |_| | |_| |   \u003c  __/\\n\"","lastModifiedDate":"2019-07-29"},{"lineNumber":140,"author":{"gitId":"-"},"content":"                + \"|____/ \\\\__,_|_|\\\\_\\\\___|\\n\";","lastModifiedDate":"2019-07-29"},{"lineNumber":141,"author":{"gitId":"-"},"content":"        System.out.println(\"Hello from\\n\" + logo);","lastModifiedDate":"2019-07-29"},{"lineNumber":142,"author":{"gitId":"nikhilo0"},"content":"        System.out.println(\"Hello there! I\u0027m Duke\\nPlease wait while I check for saved tasks.\\n\");","lastModifiedDate":"2023-04-09"},{"lineNumber":143,"author":{"gitId":"nikhilo0"},"content":"","lastModifiedDate":"2023-04-09"},{"lineNumber":144,"author":{"gitId":"nikhilo0"},"content":"        Task[] t\u003d new Task[10];","lastModifiedDate":"2023-02-11"},{"lineNumber":145,"author":{"gitId":"nikhilo0"},"content":"        ArrayList\u003cTask\u003etasks\u003d new ArrayList\u003c\u003e();","lastModifiedDate":"2023-04-09"},{"lineNumber":146,"author":{"gitId":"nikhilo0"},"content":"        String temp;","lastModifiedDate":"2023-02-11"},{"lineNumber":147,"author":{"gitId":"nikhilo0"},"content":"        String ts\u003d\"null\";","lastModifiedDate":"2023-04-09"},{"lineNumber":148,"author":{"gitId":"nikhilo0"},"content":"        int i\u003d1;","lastModifiedDate":"2023-02-11"},{"lineNumber":149,"author":{"gitId":"nikhilo0"},"content":"        int j\u003d0;","lastModifiedDate":"2023-02-11"},{"lineNumber":150,"author":{"gitId":"nikhilo0"},"content":"        //Read the existing text file here using a function. Bring back the edited string here to be added into Task","lastModifiedDate":"2023-04-09"},{"lineNumber":151,"author":{"gitId":"nikhilo0"},"content":"        System.out.println(\"Checking for saved data.................\\n...............\\n.............\");","lastModifiedDate":"2023-04-09"},{"lineNumber":152,"author":{"gitId":"nikhilo0"},"content":"        j\u003dreadt(tasks);","lastModifiedDate":"2023-04-09"},{"lineNumber":153,"author":{"gitId":"nikhilo0"},"content":"        System.out.println(\"\\nYou\u0027re all set! \\nSo, What\u0027s on your mind today?\\n\");","lastModifiedDate":"2023-04-09"},{"lineNumber":154,"author":{"gitId":"nikhilo0"},"content":"        System.out.println(\"Below are the list of things you can do\\n\");","lastModifiedDate":"2023-04-09"},{"lineNumber":155,"author":{"gitId":"nikhilo0"},"content":"        System.out.println(\"1.Add Tasks:\\n i.todo Task_Name\\n ii.deadline Task_Name/Date(YYYY-MM-DD)\\n iii.event Task_Name/Date(YYYY-MM-DD)\\n2.Display List of Tasks- list\\n3.Find Task- find key_word\\n4.Delete Task- delete Task_Number\\n5.Mark/Unmark Task_Number- mark/unmark number\\n\");","lastModifiedDate":"2023-04-22"},{"lineNumber":156,"author":{"gitId":"nikhilo0"},"content":"","lastModifiedDate":"2023-04-22"},{"lineNumber":157,"author":{"gitId":"nikhilo0"},"content":"        // Individual Feature 1 - Reminder","lastModifiedDate":"2023-04-22"},{"lineNumber":158,"author":{"gitId":"nikhilo0"},"content":"        System.out.println(\"Here are your pending tasks\\n\");","lastModifiedDate":"2023-04-22"},{"lineNumber":159,"author":{"gitId":"nikhilo0"},"content":"        int s\u003d0;","lastModifiedDate":"2023-04-22"},{"lineNumber":160,"author":{"gitId":"nikhilo0"},"content":"        int y\u003d0;","lastModifiedDate":"2023-04-22"},{"lineNumber":161,"author":{"gitId":"nikhilo0"},"content":"        while(s\u003cj){","lastModifiedDate":"2023-04-22"},{"lineNumber":162,"author":{"gitId":"nikhilo0"},"content":"            if(tasks.get(s).getStatusIcon().equals(\" \")) {","lastModifiedDate":"2023-04-22"},{"lineNumber":163,"author":{"gitId":"nikhilo0"},"content":"                System.out.println(s + 1 + \". \" + tasks.get(s));","lastModifiedDate":"2023-04-22"},{"lineNumber":164,"author":{"gitId":"nikhilo0"},"content":"                y++;","lastModifiedDate":"2023-04-22"},{"lineNumber":165,"author":{"gitId":"nikhilo0"},"content":"            }","lastModifiedDate":"2023-04-22"},{"lineNumber":166,"author":{"gitId":"nikhilo0"},"content":"","lastModifiedDate":"2023-04-22"},{"lineNumber":167,"author":{"gitId":"nikhilo0"},"content":"                s++;","lastModifiedDate":"2023-04-22"},{"lineNumber":168,"author":{"gitId":"nikhilo0"},"content":"","lastModifiedDate":"2023-04-22"},{"lineNumber":169,"author":{"gitId":"nikhilo0"},"content":"        }","lastModifiedDate":"2023-04-22"},{"lineNumber":170,"author":{"gitId":"nikhilo0"},"content":"        if(y\u003d\u003d0){","lastModifiedDate":"2023-04-22"},{"lineNumber":171,"author":{"gitId":"nikhilo0"},"content":"            System.out.println(\"...Great!! You have no pending tasks!\\n\");","lastModifiedDate":"2023-04-22"},{"lineNumber":172,"author":{"gitId":"nikhilo0"},"content":"        }","lastModifiedDate":"2023-04-22"},{"lineNumber":173,"author":{"gitId":"nikhilo0"},"content":"","lastModifiedDate":"2023-04-22"},{"lineNumber":174,"author":{"gitId":"nikhilo0"},"content":"        while(i\u003d\u003d1){","lastModifiedDate":"2023-02-11"},{"lineNumber":175,"author":{"gitId":"nikhilo0"},"content":"            System.out.println(\"Waiting for your command....\\n\");","lastModifiedDate":"2023-04-09"},{"lineNumber":176,"author":{"gitId":"nikhilo0"},"content":"            Scanner in \u003d new Scanner(System.in);","lastModifiedDate":"2023-02-11"},{"lineNumber":177,"author":{"gitId":"nikhilo0"},"content":"            temp \u003d in.nextLine();","lastModifiedDate":"2023-02-11"},{"lineNumber":178,"author":{"gitId":"nikhilo0"},"content":"","lastModifiedDate":"2023-02-11"},{"lineNumber":179,"author":{"gitId":"nikhilo0"},"content":"            try {                                           //try new","lastModifiedDate":"2023-04-09"},{"lineNumber":180,"author":{"gitId":"nikhilo0"},"content":"","lastModifiedDate":"2023-04-09"},{"lineNumber":181,"author":{"gitId":"nikhilo0"},"content":"","lastModifiedDate":"2023-04-09"},{"lineNumber":182,"author":{"gitId":"nikhilo0"},"content":"                //display list content","lastModifiedDate":"2023-04-09"},{"lineNumber":183,"author":{"gitId":"nikhilo0"},"content":"                if (temp.equals(\"list\")) {","lastModifiedDate":"2023-02-11"},{"lineNumber":184,"author":{"gitId":"nikhilo0"},"content":"                    System.out.println(\"\\nContent of your List\\n\");","lastModifiedDate":"2023-02-11"},{"lineNumber":185,"author":{"gitId":"nikhilo0"},"content":"","lastModifiedDate":"2023-02-11"},{"lineNumber":186,"author":{"gitId":"nikhilo0"},"content":"","lastModifiedDate":"2023-02-11"},{"lineNumber":187,"author":{"gitId":"nikhilo0"},"content":"","lastModifiedDate":"2023-04-09"},{"lineNumber":188,"author":{"gitId":"nikhilo0"},"content":"                    // below new array list***************************************","lastModifiedDate":"2023-04-09"},{"lineNumber":189,"author":{"gitId":"nikhilo0"},"content":"                    //System.out.println(\"\\nBELOW IS THE NEW LIST ARRAY\\n\");","lastModifiedDate":"2023-04-09"},{"lineNumber":190,"author":{"gitId":"nikhilo0"},"content":"                    int k\u003d0;","lastModifiedDate":"2023-04-09"},{"lineNumber":191,"author":{"gitId":"nikhilo0"},"content":"                    while(k\u003cj){","lastModifiedDate":"2023-04-09"},{"lineNumber":192,"author":{"gitId":"nikhilo0"},"content":"","lastModifiedDate":"2023-04-09"},{"lineNumber":193,"author":{"gitId":"nikhilo0"},"content":"                        System.out.println(k + 1 + \". \" + tasks.get(k));","lastModifiedDate":"2023-04-09"},{"lineNumber":194,"author":{"gitId":"nikhilo0"},"content":"                        k++;","lastModifiedDate":"2023-04-09"},{"lineNumber":195,"author":{"gitId":"nikhilo0"},"content":"                    }","lastModifiedDate":"2023-02-11"},{"lineNumber":196,"author":{"gitId":"nikhilo0"},"content":"                    System.out.println(\"\\nEnd of list\\n\");","lastModifiedDate":"2023-02-11"},{"lineNumber":197,"author":{"gitId":"nikhilo0"},"content":"","lastModifiedDate":"2023-02-11"},{"lineNumber":198,"author":{"gitId":"nikhilo0"},"content":"                }","lastModifiedDate":"2023-02-11"},{"lineNumber":199,"author":{"gitId":"nikhilo0"},"content":"","lastModifiedDate":"2023-04-09"},{"lineNumber":200,"author":{"gitId":"nikhilo0"},"content":"                //end loop and close program","lastModifiedDate":"2023-04-09"},{"lineNumber":201,"author":{"gitId":"nikhilo0"},"content":"                else if (temp.equals(\"bye\")) {","lastModifiedDate":"2023-02-11"},{"lineNumber":202,"author":{"gitId":"nikhilo0"},"content":"                    i \u003d 0;","lastModifiedDate":"2023-02-11"},{"lineNumber":203,"author":{"gitId":"nikhilo0"},"content":"                }","lastModifiedDate":"2023-02-11"},{"lineNumber":204,"author":{"gitId":"nikhilo0"},"content":"","lastModifiedDate":"2023-02-11"},{"lineNumber":205,"author":{"gitId":"nikhilo0"},"content":"                else if (temp.substring(0, 3).equals(\"unm\")) {","lastModifiedDate":"2023-02-11"},{"lineNumber":206,"author":{"gitId":"nikhilo0"},"content":"                    //unmark","lastModifiedDate":"2023-02-11"},{"lineNumber":207,"author":{"gitId":"nikhilo0"},"content":"                    int num \u003d Integer.parseInt(temp.substring(7));","lastModifiedDate":"2023-02-11"},{"lineNumber":208,"author":{"gitId":"nikhilo0"},"content":"","lastModifiedDate":"2023-04-09"},{"lineNumber":209,"author":{"gitId":"nikhilo0"},"content":"","lastModifiedDate":"2023-04-09"},{"lineNumber":210,"author":{"gitId":"nikhilo0"},"content":"                    //below array list****************************************","lastModifiedDate":"2023-04-09"},{"lineNumber":211,"author":{"gitId":"nikhilo0"},"content":"","lastModifiedDate":"2023-04-09"},{"lineNumber":212,"author":{"gitId":"nikhilo0"},"content":"                    tasks.get(num-1).markAsUndone();","lastModifiedDate":"2023-04-09"},{"lineNumber":213,"author":{"gitId":"nikhilo0"},"content":"                    System.out.println(tasks.get(num - 1) + \"\\n\");","lastModifiedDate":"2023-04-09"},{"lineNumber":214,"author":{"gitId":"nikhilo0"},"content":"                }","lastModifiedDate":"2023-02-11"},{"lineNumber":215,"author":{"gitId":"nikhilo0"},"content":"","lastModifiedDate":"2023-02-11"},{"lineNumber":216,"author":{"gitId":"nikhilo0"},"content":"                else if (temp.substring(0, 3).equals(\"mar\")) {","lastModifiedDate":"2023-02-11"},{"lineNumber":217,"author":{"gitId":"nikhilo0"},"content":"                    //mark","lastModifiedDate":"2023-02-11"},{"lineNumber":218,"author":{"gitId":"nikhilo0"},"content":"                    int num \u003d Integer.parseInt(temp.substring(5));","lastModifiedDate":"2023-02-11"},{"lineNumber":219,"author":{"gitId":"nikhilo0"},"content":"","lastModifiedDate":"2023-04-09"},{"lineNumber":220,"author":{"gitId":"nikhilo0"},"content":"","lastModifiedDate":"2023-04-09"},{"lineNumber":221,"author":{"gitId":"nikhilo0"},"content":"                    //below array list****************************************","lastModifiedDate":"2023-04-09"},{"lineNumber":222,"author":{"gitId":"nikhilo0"},"content":"","lastModifiedDate":"2023-04-09"},{"lineNumber":223,"author":{"gitId":"nikhilo0"},"content":"                    tasks.get(num-1).markAsDone();","lastModifiedDate":"2023-04-09"},{"lineNumber":224,"author":{"gitId":"nikhilo0"},"content":"                    System.out.println(\"Awesome! The task has been marked done!\\n\");","lastModifiedDate":"2023-04-09"},{"lineNumber":225,"author":{"gitId":"nikhilo0"},"content":"                    System.out.println(tasks.get(num - 1) + \"\\n\");","lastModifiedDate":"2023-04-09"},{"lineNumber":226,"author":{"gitId":"nikhilo0"},"content":"","lastModifiedDate":"2023-02-11"},{"lineNumber":227,"author":{"gitId":"nikhilo0"},"content":"                }","lastModifiedDate":"2023-02-11"},{"lineNumber":228,"author":{"gitId":"nikhilo0"},"content":"","lastModifiedDate":"2023-04-09"},{"lineNumber":229,"author":{"gitId":"nikhilo0"},"content":"                else if (temp.substring(0, 4).equals(\"todo\")) {","lastModifiedDate":"2023-02-11"},{"lineNumber":230,"author":{"gitId":"nikhilo0"},"content":"","lastModifiedDate":"2023-02-11"},{"lineNumber":231,"author":{"gitId":"nikhilo0"},"content":"                    ts\u003d\"todo\";","lastModifiedDate":"2023-04-09"},{"lineNumber":232,"author":{"gitId":"nikhilo0"},"content":"                    validate(temp, temp.substring(0, 4)); //Check if todo is empty","lastModifiedDate":"2023-04-09"},{"lineNumber":233,"author":{"gitId":"nikhilo0"},"content":"","lastModifiedDate":"2023-04-09"},{"lineNumber":234,"author":{"gitId":"nikhilo0"},"content":"","lastModifiedDate":"2023-04-09"},{"lineNumber":235,"author":{"gitId":"nikhilo0"},"content":"                    j++;","lastModifiedDate":"2023-02-11"},{"lineNumber":236,"author":{"gitId":"nikhilo0"},"content":"","lastModifiedDate":"2023-04-09"},{"lineNumber":237,"author":{"gitId":"nikhilo0"},"content":"","lastModifiedDate":"2023-04-09"},{"lineNumber":238,"author":{"gitId":"nikhilo0"},"content":"","lastModifiedDate":"2023-04-09"},{"lineNumber":239,"author":{"gitId":"nikhilo0"},"content":"","lastModifiedDate":"2023-04-09"},{"lineNumber":240,"author":{"gitId":"nikhilo0"},"content":"                    //below array list****************************************","lastModifiedDate":"2023-04-09"},{"lineNumber":241,"author":{"gitId":"nikhilo0"},"content":"","lastModifiedDate":"2023-04-09"},{"lineNumber":242,"author":{"gitId":"nikhilo0"},"content":"                    tasks.add(new Todo(temp.substring(5)));","lastModifiedDate":"2023-04-09"},{"lineNumber":243,"author":{"gitId":"nikhilo0"},"content":"                    System.out.println(\"----------~~~~~~~~-----------\");","lastModifiedDate":"2023-04-09"},{"lineNumber":244,"author":{"gitId":"nikhilo0"},"content":"                    System.out.println(\"The task has been successfully added to your list!\");","lastModifiedDate":"2023-02-11"},{"lineNumber":245,"author":{"gitId":"nikhilo0"},"content":"                    System.out.println(tasks.get(j-1));","lastModifiedDate":"2023-04-09"},{"lineNumber":246,"author":{"gitId":"nikhilo0"},"content":"                    System.out.println(\"Now you have \" + j + \" tasks in your list\\n\");","lastModifiedDate":"2023-02-11"},{"lineNumber":247,"author":{"gitId":"nikhilo0"},"content":"                    System.out.println(\"----------~~~~~~~~-----------\");","lastModifiedDate":"2023-04-09"},{"lineNumber":248,"author":{"gitId":"nikhilo0"},"content":"","lastModifiedDate":"2023-02-11"},{"lineNumber":249,"author":{"gitId":"nikhilo0"},"content":"                }","lastModifiedDate":"2023-02-11"},{"lineNumber":250,"author":{"gitId":"nikhilo0"},"content":"","lastModifiedDate":"2023-02-11"},{"lineNumber":251,"author":{"gitId":"nikhilo0"},"content":"                else if (temp.substring(0, 5).equals(\"event\")) {","lastModifiedDate":"2023-04-09"},{"lineNumber":252,"author":{"gitId":"nikhilo0"},"content":"","lastModifiedDate":"2023-04-09"},{"lineNumber":253,"author":{"gitId":"nikhilo0"},"content":"                    ts\u003d\"event\";","lastModifiedDate":"2023-04-09"},{"lineNumber":254,"author":{"gitId":"nikhilo0"},"content":"                    validate(temp, temp.substring(0, 5));","lastModifiedDate":"2023-04-09"},{"lineNumber":255,"author":{"gitId":"nikhilo0"},"content":"","lastModifiedDate":"2023-02-11"},{"lineNumber":256,"author":{"gitId":"nikhilo0"},"content":"                    int index \u003d temp.indexOf(\u0027/\u0027);","lastModifiedDate":"2023-04-09"},{"lineNumber":257,"author":{"gitId":"nikhilo0"},"content":"                    validateDate(index);","lastModifiedDate":"2023-04-09"},{"lineNumber":258,"author":{"gitId":"nikhilo0"},"content":"                    validateDate2(temp.substring(index+1));","lastModifiedDate":"2023-04-09"},{"lineNumber":259,"author":{"gitId":"nikhilo0"},"content":"","lastModifiedDate":"2023-02-11"},{"lineNumber":260,"author":{"gitId":"nikhilo0"},"content":"                    j++;","lastModifiedDate":"2023-02-11"},{"lineNumber":261,"author":{"gitId":"nikhilo0"},"content":"","lastModifiedDate":"2023-02-11"},{"lineNumber":262,"author":{"gitId":"nikhilo0"},"content":"                    //below array list****************************************","lastModifiedDate":"2023-04-09"},{"lineNumber":263,"author":{"gitId":"nikhilo0"},"content":"","lastModifiedDate":"2023-04-09"},{"lineNumber":264,"author":{"gitId":"nikhilo0"},"content":"","lastModifiedDate":"2023-04-09"},{"lineNumber":265,"author":{"gitId":"nikhilo0"},"content":"                    tasks.add(new Event(temp.substring(6, index), temp.substring(index + 1)));","lastModifiedDate":"2023-04-09"},{"lineNumber":266,"author":{"gitId":"nikhilo0"},"content":"                    System.out.println(\"----------~~~~~~~~-----------\");","lastModifiedDate":"2023-04-09"},{"lineNumber":267,"author":{"gitId":"nikhilo0"},"content":"                    System.out.println(\"The task has been successfully added to your list!\");","lastModifiedDate":"2023-02-11"},{"lineNumber":268,"author":{"gitId":"nikhilo0"},"content":"                    System.out.println(tasks.get(j-1));","lastModifiedDate":"2023-04-09"},{"lineNumber":269,"author":{"gitId":"nikhilo0"},"content":"                    System.out.println(\"Now you have \" + j + \" tasks in your list\\n\");","lastModifiedDate":"2023-02-11"},{"lineNumber":270,"author":{"gitId":"nikhilo0"},"content":"                    System.out.println(\"----------~~~~~~~~-----------\");","lastModifiedDate":"2023-04-09"},{"lineNumber":271,"author":{"gitId":"nikhilo0"},"content":"                }","lastModifiedDate":"2023-02-11"},{"lineNumber":272,"author":{"gitId":"nikhilo0"},"content":"","lastModifiedDate":"2023-04-09"},{"lineNumber":273,"author":{"gitId":"nikhilo0"},"content":"                else if (temp.substring(0, 6).equals(\"delete\")) {","lastModifiedDate":"2023-04-09"},{"lineNumber":274,"author":{"gitId":"nikhilo0"},"content":"","lastModifiedDate":"2023-04-09"},{"lineNumber":275,"author":{"gitId":"nikhilo0"},"content":"                    int num \u003d Integer.parseInt(temp.substring(7));","lastModifiedDate":"2023-04-09"},{"lineNumber":276,"author":{"gitId":"nikhilo0"},"content":"                    Task g\u003d tasks.get(num-1);","lastModifiedDate":"2023-04-09"},{"lineNumber":277,"author":{"gitId":"nikhilo0"},"content":"                    tasks.remove(num-1);","lastModifiedDate":"2023-04-09"},{"lineNumber":278,"author":{"gitId":"nikhilo0"},"content":"                    j--;","lastModifiedDate":"2023-04-09"},{"lineNumber":279,"author":{"gitId":"nikhilo0"},"content":"                    System.out.println(\"Noted. The task has been removed\");","lastModifiedDate":"2023-04-09"},{"lineNumber":280,"author":{"gitId":"nikhilo0"},"content":"                    System.out.println(g);","lastModifiedDate":"2023-04-09"},{"lineNumber":281,"author":{"gitId":"nikhilo0"},"content":"                    System.out.println(\"Now you have \" + j + \" tasks in your list\");","lastModifiedDate":"2023-04-09"},{"lineNumber":282,"author":{"gitId":"nikhilo0"},"content":"                    System.out.println(\"BELOW IS THE NEW LIST after delete\\n\");","lastModifiedDate":"2023-04-09"},{"lineNumber":283,"author":{"gitId":"nikhilo0"},"content":"                    int k\u003d0;","lastModifiedDate":"2023-04-09"},{"lineNumber":284,"author":{"gitId":"nikhilo0"},"content":"                    while(k\u003cj){","lastModifiedDate":"2023-04-09"},{"lineNumber":285,"author":{"gitId":"nikhilo0"},"content":"","lastModifiedDate":"2023-04-09"},{"lineNumber":286,"author":{"gitId":"nikhilo0"},"content":"                        System.out.println(k + 1 + \". \" + tasks.get(k));","lastModifiedDate":"2023-04-09"},{"lineNumber":287,"author":{"gitId":"nikhilo0"},"content":"                        k++;","lastModifiedDate":"2023-04-09"},{"lineNumber":288,"author":{"gitId":"nikhilo0"},"content":"                    }","lastModifiedDate":"2023-04-09"},{"lineNumber":289,"author":{"gitId":"nikhilo0"},"content":"                    System.out.println(\"\\nEnd of list\\n\");","lastModifiedDate":"2023-04-09"},{"lineNumber":290,"author":{"gitId":"nikhilo0"},"content":"","lastModifiedDate":"2023-04-09"},{"lineNumber":291,"author":{"gitId":"nikhilo0"},"content":"                }","lastModifiedDate":"2023-04-09"},{"lineNumber":292,"author":{"gitId":"nikhilo0"},"content":"","lastModifiedDate":"2023-04-09"},{"lineNumber":293,"author":{"gitId":"nikhilo0"},"content":"","lastModifiedDate":"2023-04-09"},{"lineNumber":294,"author":{"gitId":"nikhilo0"},"content":"                else if (temp.substring(0, 8).equals(\"deadline\")) {","lastModifiedDate":"2023-04-09"},{"lineNumber":295,"author":{"gitId":"nikhilo0"},"content":"","lastModifiedDate":"2023-04-09"},{"lineNumber":296,"author":{"gitId":"nikhilo0"},"content":"                    ts\u003d\"deadline\";","lastModifiedDate":"2023-04-09"},{"lineNumber":297,"author":{"gitId":"nikhilo0"},"content":"                    validate(temp, temp.substring(0, 8));","lastModifiedDate":"2023-04-09"},{"lineNumber":298,"author":{"gitId":"nikhilo0"},"content":"","lastModifiedDate":"2023-02-11"},{"lineNumber":299,"author":{"gitId":"nikhilo0"},"content":"                    int index \u003d temp.indexOf(\u0027/\u0027);","lastModifiedDate":"2023-02-11"},{"lineNumber":300,"author":{"gitId":"nikhilo0"},"content":"                    validateDate(index);","lastModifiedDate":"2023-04-09"},{"lineNumber":301,"author":{"gitId":"nikhilo0"},"content":"                    validateDate2(temp.substring(index+1));","lastModifiedDate":"2023-04-09"},{"lineNumber":302,"author":{"gitId":"nikhilo0"},"content":"","lastModifiedDate":"2023-02-11"},{"lineNumber":303,"author":{"gitId":"nikhilo0"},"content":"","lastModifiedDate":"2023-02-11"},{"lineNumber":304,"author":{"gitId":"nikhilo0"},"content":"                    j++;","lastModifiedDate":"2023-02-11"},{"lineNumber":305,"author":{"gitId":"nikhilo0"},"content":"","lastModifiedDate":"2023-02-11"},{"lineNumber":306,"author":{"gitId":"nikhilo0"},"content":"","lastModifiedDate":"2023-04-09"},{"lineNumber":307,"author":{"gitId":"nikhilo0"},"content":"                    //below array list****************************************","lastModifiedDate":"2023-04-09"},{"lineNumber":308,"author":{"gitId":"nikhilo0"},"content":"                    //    System.out.println(\"\\nBELOW IS THE NEW LIST ARRAY\\n\");","lastModifiedDate":"2023-04-09"},{"lineNumber":309,"author":{"gitId":"nikhilo0"},"content":"                    tasks.add(new Deadline(temp.substring(9, index), temp.substring(index + 1)));","lastModifiedDate":"2023-04-09"},{"lineNumber":310,"author":{"gitId":"nikhilo0"},"content":"                    System.out.println(\"----------~~~~~~~~-----------\");","lastModifiedDate":"2023-04-09"},{"lineNumber":311,"author":{"gitId":"nikhilo0"},"content":"                    System.out.println(\"The task has been successfully added to your list!\");","lastModifiedDate":"2023-02-11"},{"lineNumber":312,"author":{"gitId":"nikhilo0"},"content":"                    System.out.println(tasks.get(j-1));","lastModifiedDate":"2023-04-09"},{"lineNumber":313,"author":{"gitId":"nikhilo0"},"content":"                    System.out.println(\"Now you have \" + j + \" tasks in your list\\n\");","lastModifiedDate":"2023-02-11"},{"lineNumber":314,"author":{"gitId":"nikhilo0"},"content":"                    System.out.println(\"----------~~~~~~~~-----------\");","lastModifiedDate":"2023-04-09"},{"lineNumber":315,"author":{"gitId":"nikhilo0"},"content":"                }","lastModifiedDate":"2023-02-11"},{"lineNumber":316,"author":{"gitId":"nikhilo0"},"content":"","lastModifiedDate":"2023-02-11"},{"lineNumber":317,"author":{"gitId":"nikhilo0"},"content":"                // Individual Feature 2- Better Search- Partial word Search","lastModifiedDate":"2023-04-22"},{"lineNumber":318,"author":{"gitId":"nikhilo0"},"content":"                else if(temp.substring(0, 4).equals(\"find\")){","lastModifiedDate":"2023-04-09"},{"lineNumber":319,"author":{"gitId":"nikhilo0"},"content":"","lastModifiedDate":"2023-04-09"},{"lineNumber":320,"author":{"gitId":"nikhilo0"},"content":"                    String find\u003d temp.substring(5);","lastModifiedDate":"2023-04-09"},{"lineNumber":321,"author":{"gitId":"nikhilo0"},"content":"                    int l\u003d0;","lastModifiedDate":"2023-04-09"},{"lineNumber":322,"author":{"gitId":"nikhilo0"},"content":"                    System.out.println(\"Here are the results of your search:\");","lastModifiedDate":"2023-04-09"},{"lineNumber":323,"author":{"gitId":"nikhilo0"},"content":"                    while(l\u003cj){","lastModifiedDate":"2023-04-09"},{"lineNumber":324,"author":{"gitId":"nikhilo0"},"content":"","lastModifiedDate":"2023-04-09"},{"lineNumber":325,"author":{"gitId":"nikhilo0"},"content":"                        if(tasks.get(l).description.contains(find)){","lastModifiedDate":"2023-04-09"},{"lineNumber":326,"author":{"gitId":"nikhilo0"},"content":"                            System.out.println(l + 1 + \". \" + tasks.get(l));","lastModifiedDate":"2023-04-09"},{"lineNumber":327,"author":{"gitId":"nikhilo0"},"content":"                        }","lastModifiedDate":"2023-04-09"},{"lineNumber":328,"author":{"gitId":"nikhilo0"},"content":"                        l++;","lastModifiedDate":"2023-04-09"},{"lineNumber":329,"author":{"gitId":"nikhilo0"},"content":"                    }","lastModifiedDate":"2023-04-09"},{"lineNumber":330,"author":{"gitId":"nikhilo0"},"content":"                    System.out.println(\"End of result\");","lastModifiedDate":"2023-04-09"},{"lineNumber":331,"author":{"gitId":"nikhilo0"},"content":"                }","lastModifiedDate":"2023-02-11"},{"lineNumber":332,"author":{"gitId":"nikhilo0"},"content":"","lastModifiedDate":"2023-04-09"},{"lineNumber":333,"author":{"gitId":"nikhilo0"},"content":"                //","lastModifiedDate":"2023-04-09"},{"lineNumber":334,"author":{"gitId":"nikhilo0"},"content":"                else {","lastModifiedDate":"2023-04-09"},{"lineNumber":335,"author":{"gitId":"nikhilo0"},"content":"                    System.out.println(\"Type bye to exit or check your input and try again.\\n\");","lastModifiedDate":"2023-04-09"},{"lineNumber":336,"author":{"gitId":"nikhilo0"},"content":"                }","lastModifiedDate":"2023-04-09"},{"lineNumber":337,"author":{"gitId":"nikhilo0"},"content":"                //exceptions","lastModifiedDate":"2023-04-09"},{"lineNumber":338,"author":{"gitId":"nikhilo0"},"content":"            } catch (IndexOutOfBoundsException e){              //Catch","lastModifiedDate":"2023-04-09"},{"lineNumber":339,"author":{"gitId":"nikhilo0"},"content":"                System.out.println(\"oopss!! Please check your input and try again or type bye to exit.\\n\");","lastModifiedDate":"2023-04-09"},{"lineNumber":340,"author":{"gitId":"nikhilo0"},"content":"            } catch (DukeException e){","lastModifiedDate":"2023-04-09"},{"lineNumber":341,"author":{"gitId":"nikhilo0"},"content":"                System.out.println(\"Error : \"+ ts + \" cannot be empty. Please try again\\n\");//+ e);","lastModifiedDate":"2023-04-09"},{"lineNumber":342,"author":{"gitId":"nikhilo0"},"content":"            }catch (DukeException2 e){","lastModifiedDate":"2023-04-09"},{"lineNumber":343,"author":{"gitId":"nikhilo0"},"content":"                System.out.println(\"Error : For \"+ ts + \" Please enter date (Format:yyyy-mm-dd) after \u0027/\u0027 and try again\\n\");//+ e);","lastModifiedDate":"2023-04-09"},{"lineNumber":344,"author":{"gitId":"nikhilo0"},"content":"            }catch (DateTimeParseException e){","lastModifiedDate":"2023-04-09"},{"lineNumber":345,"author":{"gitId":"nikhilo0"},"content":"                System.out.println(\"Error : For \"+ ts + \" Please enter date using correct Format:yyyy-mm-dd and try again\\n\");","lastModifiedDate":"2023-04-09"},{"lineNumber":346,"author":{"gitId":"nikhilo0"},"content":"            }","lastModifiedDate":"2023-04-09"},{"lineNumber":347,"author":{"gitId":"nikhilo0"},"content":"","lastModifiedDate":"2023-04-09"},{"lineNumber":348,"author":{"gitId":"nikhilo0"},"content":"        }","lastModifiedDate":"2023-04-09"},{"lineNumber":349,"author":{"gitId":"nikhilo0"},"content":"","lastModifiedDate":"2023-04-09"},{"lineNumber":350,"author":{"gitId":"nikhilo0"},"content":"        //write to file","lastModifiedDate":"2023-04-09"},{"lineNumber":351,"author":{"gitId":"nikhilo0"},"content":"        System.out.println(\"Saving your tasks........\\n\");","lastModifiedDate":"2023-04-09"},{"lineNumber":352,"author":{"gitId":"nikhilo0"},"content":"        //String file1\u003d \"/Users/nikhilshankar/Duke Test/DukeText.txt\";","lastModifiedDate":"2023-04-09"},{"lineNumber":353,"author":{"gitId":"nikhilo0"},"content":"        String homePath \u003d System.getProperty(\"user.home\");","lastModifiedDate":"2023-04-09"},{"lineNumber":354,"author":{"gitId":"nikhilo0"},"content":"        String fileName \u003d \"DukeText.txt\";","lastModifiedDate":"2023-04-09"},{"lineNumber":355,"author":{"gitId":"nikhilo0"},"content":"        String filePath \u003d homePath + File.separator + fileName;","lastModifiedDate":"2023-04-09"},{"lineNumber":356,"author":{"gitId":"nikhilo0"},"content":"        System.out.println(\"filePath \u003d \" + filePath);","lastModifiedDate":"2023-04-09"},{"lineNumber":357,"author":{"gitId":"nikhilo0"},"content":"        int k\u003d0;","lastModifiedDate":"2023-04-09"},{"lineNumber":358,"author":{"gitId":"nikhilo0"},"content":"        String line2\u003d\"Duke Task List:\";","lastModifiedDate":"2023-04-09"},{"lineNumber":359,"author":{"gitId":"nikhilo0"},"content":"        while(k\u003cj) {","lastModifiedDate":"2023-04-09"},{"lineNumber":360,"author":{"gitId":"nikhilo0"},"content":"            String line1;","lastModifiedDate":"2023-04-09"},{"lineNumber":361,"author":{"gitId":"nikhilo0"},"content":"            System.out.println(k + 1 + \". \" + tasks.get(k));","lastModifiedDate":"2023-04-09"},{"lineNumber":362,"author":{"gitId":"nikhilo0"},"content":"","lastModifiedDate":"2023-04-09"},{"lineNumber":363,"author":{"gitId":"nikhilo0"},"content":"            line1\u003d tasks.get(k).toString();","lastModifiedDate":"2023-04-09"},{"lineNumber":364,"author":{"gitId":"nikhilo0"},"content":"            line2\u003d line2+\"\\n\"+line1;","lastModifiedDate":"2023-04-09"},{"lineNumber":365,"author":{"gitId":"nikhilo0"},"content":"","lastModifiedDate":"2023-04-09"},{"lineNumber":366,"author":{"gitId":"nikhilo0"},"content":"","lastModifiedDate":"2023-04-09"},{"lineNumber":367,"author":{"gitId":"nikhilo0"},"content":"","lastModifiedDate":"2023-04-09"},{"lineNumber":368,"author":{"gitId":"nikhilo0"},"content":"            k++;","lastModifiedDate":"2023-04-09"},{"lineNumber":369,"author":{"gitId":"nikhilo0"},"content":"        }","lastModifiedDate":"2023-04-09"},{"lineNumber":370,"author":{"gitId":"nikhilo0"},"content":"        try {","lastModifiedDate":"2023-04-09"},{"lineNumber":371,"author":{"gitId":"nikhilo0"},"content":"            writeToFile(filePath,line2 );","lastModifiedDate":"2023-04-09"},{"lineNumber":372,"author":{"gitId":"nikhilo0"},"content":"        } catch (IOException e) {","lastModifiedDate":"2023-04-09"},{"lineNumber":373,"author":{"gitId":"nikhilo0"},"content":"            System.out.println(\"Something went wrong: \" + e.getMessage());","lastModifiedDate":"2023-04-09"},{"lineNumber":374,"author":{"gitId":"nikhilo0"},"content":"        }","lastModifiedDate":"2023-04-09"},{"lineNumber":375,"author":{"gitId":"nikhilo0"},"content":"","lastModifiedDate":"2023-04-09"},{"lineNumber":376,"author":{"gitId":"nikhilo0"},"content":"        System.out.println(\"Byeee!! See you Again!!\");","lastModifiedDate":"2023-02-11"},{"lineNumber":377,"author":{"gitId":"-"},"content":"    }","lastModifiedDate":"2019-07-29"},{"lineNumber":378,"author":{"gitId":"-"},"content":"}","lastModifiedDate":"2019-07-29"}],"authorContributionMap":{"nikhilo0":368,"-":10}},{"path":"src/main/java/duke/DukeException.java","fileType":"java","lines":[{"lineNumber":1,"author":{"gitId":"nikhilo0"},"content":"package duke;","lastModifiedDate":"2023-04-22"},{"lineNumber":2,"author":{"gitId":"nikhilo0"},"content":"public class DukeException extends Exception {","lastModifiedDate":"2023-04-09"},{"lineNumber":3,"author":{"gitId":"nikhilo0"},"content":"","lastModifiedDate":"2023-04-09"},{"lineNumber":4,"author":{"gitId":"nikhilo0"},"content":"    //public DukeException (String str)","lastModifiedDate":"2023-04-09"},{"lineNumber":5,"author":{"gitId":"nikhilo0"},"content":"    //{","lastModifiedDate":"2023-04-09"},{"lineNumber":6,"author":{"gitId":"nikhilo0"},"content":"","lastModifiedDate":"2023-04-09"},{"lineNumber":7,"author":{"gitId":"nikhilo0"},"content":"    //    super(str);","lastModifiedDate":"2023-04-09"},{"lineNumber":8,"author":{"gitId":"nikhilo0"},"content":"    //}","lastModifiedDate":"2023-04-09"},{"lineNumber":9,"author":{"gitId":"nikhilo0"},"content":"}","lastModifiedDate":"2023-04-09"}],"authorContributionMap":{"nikhilo0":9}},{"path":"src/main/java/duke/DukeException2.java","fileType":"java","lines":[{"lineNumber":1,"author":{"gitId":"nikhilo0"},"content":"package duke;","lastModifiedDate":"2023-04-22"},{"lineNumber":2,"author":{"gitId":"nikhilo0"},"content":"public class DukeException2 extends Exception {","lastModifiedDate":"2023-04-09"},{"lineNumber":3,"author":{"gitId":"nikhilo0"},"content":"","lastModifiedDate":"2023-04-09"},{"lineNumber":4,"author":{"gitId":"nikhilo0"},"content":"","lastModifiedDate":"2023-04-09"},{"lineNumber":5,"author":{"gitId":"nikhilo0"},"content":"}","lastModifiedDate":"2023-04-09"}],"authorContributionMap":{"nikhilo0":5}},{"path":"src/main/java/duke/Event.java","fileType":"java","lines":[{"lineNumber":1,"author":{"gitId":"nikhilo0"},"content":"package duke;","lastModifiedDate":"2023-04-22"},{"lineNumber":2,"author":{"gitId":"nikhilo0"},"content":"import java.time.format.DateTimeFormatter;","lastModifiedDate":"2023-04-09"},{"lineNumber":3,"author":{"gitId":"nikhilo0"},"content":"","lastModifiedDate":"2023-04-09"},{"lineNumber":4,"author":{"gitId":"nikhilo0"},"content":"public class Event extends Task {","lastModifiedDate":"2023-02-11"},{"lineNumber":5,"author":{"gitId":"nikhilo0"},"content":"","lastModifiedDate":"2023-04-09"},{"lineNumber":6,"author":{"gitId":"nikhilo0"},"content":"    protected String at;","lastModifiedDate":"2023-02-11"},{"lineNumber":7,"author":{"gitId":"nikhilo0"},"content":"","lastModifiedDate":"2023-02-11"},{"lineNumber":8,"author":{"gitId":"nikhilo0"},"content":"    public Event(String description, String at) {","lastModifiedDate":"2023-02-11"},{"lineNumber":9,"author":{"gitId":"nikhilo0"},"content":"        super(description);","lastModifiedDate":"2023-02-11"},{"lineNumber":10,"author":{"gitId":"nikhilo0"},"content":"        this.at\u003dat;","lastModifiedDate":"2023-02-11"},{"lineNumber":11,"author":{"gitId":"nikhilo0"},"content":"        this.isDone\u003dfalse;","lastModifiedDate":"2023-02-11"},{"lineNumber":12,"author":{"gitId":"nikhilo0"},"content":"    }","lastModifiedDate":"2023-02-11"},{"lineNumber":13,"author":{"gitId":"nikhilo0"},"content":"","lastModifiedDate":"2023-02-11"},{"lineNumber":14,"author":{"gitId":"nikhilo0"},"content":"    public void settime(String at) {","lastModifiedDate":"2023-02-11"},{"lineNumber":15,"author":{"gitId":"nikhilo0"},"content":"        this.at \u003d at;","lastModifiedDate":"2023-02-11"},{"lineNumber":16,"author":{"gitId":"nikhilo0"},"content":"    }","lastModifiedDate":"2023-02-11"},{"lineNumber":17,"author":{"gitId":"nikhilo0"},"content":"","lastModifiedDate":"2023-02-11"},{"lineNumber":18,"author":{"gitId":"nikhilo0"},"content":"    public String gettime() {","lastModifiedDate":"2023-02-11"},{"lineNumber":19,"author":{"gitId":"nikhilo0"},"content":"        return at;","lastModifiedDate":"2023-02-11"},{"lineNumber":20,"author":{"gitId":"nikhilo0"},"content":"    }","lastModifiedDate":"2023-02-11"},{"lineNumber":21,"author":{"gitId":"nikhilo0"},"content":"","lastModifiedDate":"2023-02-11"},{"lineNumber":22,"author":{"gitId":"nikhilo0"},"content":"","lastModifiedDate":"2023-02-11"},{"lineNumber":23,"author":{"gitId":"nikhilo0"},"content":"","lastModifiedDate":"2023-02-11"},{"lineNumber":24,"author":{"gitId":"nikhilo0"},"content":"    @Override","lastModifiedDate":"2023-02-11"},{"lineNumber":25,"author":{"gitId":"nikhilo0"},"content":"    public String toString() {","lastModifiedDate":"2023-02-11"},{"lineNumber":26,"author":{"gitId":"nikhilo0"},"content":"        return \"[E]\" + super.toString() + \" (at: \" + toDate(at).format(DateTimeFormatter.ofPattern(\"MMM d yyy\")) + \")\";","lastModifiedDate":"2023-04-09"},{"lineNumber":27,"author":{"gitId":"nikhilo0"},"content":"    }","lastModifiedDate":"2023-02-11"},{"lineNumber":28,"author":{"gitId":"nikhilo0"},"content":"}","lastModifiedDate":"2023-02-11"}],"authorContributionMap":{"nikhilo0":28}},{"path":"src/main/java/duke/Task.java","fileType":"java","lines":[{"lineNumber":1,"author":{"gitId":"nikhilo0"},"content":"package duke;","lastModifiedDate":"2023-04-22"},{"lineNumber":2,"author":{"gitId":"nikhilo0"},"content":"import java.time.LocalDate;","lastModifiedDate":"2023-04-09"},{"lineNumber":3,"author":{"gitId":"nikhilo0"},"content":"","lastModifiedDate":"2023-02-11"},{"lineNumber":4,"author":{"gitId":"nikhilo0"},"content":"public class Task {","lastModifiedDate":"2023-04-09"},{"lineNumber":5,"author":{"gitId":"nikhilo0"},"content":"    protected String description;","lastModifiedDate":"2023-02-11"},{"lineNumber":6,"author":{"gitId":"nikhilo0"},"content":"    protected boolean isDone;","lastModifiedDate":"2023-02-11"},{"lineNumber":7,"author":{"gitId":"nikhilo0"},"content":"","lastModifiedDate":"2023-02-11"},{"lineNumber":8,"author":{"gitId":"nikhilo0"},"content":"","lastModifiedDate":"2023-04-09"},{"lineNumber":9,"author":{"gitId":"nikhilo0"},"content":"","lastModifiedDate":"2023-04-09"},{"lineNumber":10,"author":{"gitId":"nikhilo0"},"content":"    public Task(String description) {","lastModifiedDate":"2023-02-11"},{"lineNumber":11,"author":{"gitId":"nikhilo0"},"content":"        this.description \u003d description;","lastModifiedDate":"2023-02-11"},{"lineNumber":12,"author":{"gitId":"nikhilo0"},"content":"        this.isDone \u003d false;","lastModifiedDate":"2023-02-11"},{"lineNumber":13,"author":{"gitId":"nikhilo0"},"content":"    }","lastModifiedDate":"2023-02-11"},{"lineNumber":14,"author":{"gitId":"nikhilo0"},"content":"","lastModifiedDate":"2023-02-11"},{"lineNumber":15,"author":{"gitId":"nikhilo0"},"content":"","lastModifiedDate":"2023-02-11"},{"lineNumber":16,"author":{"gitId":"nikhilo0"},"content":"    public String getDescription(){","lastModifiedDate":"2023-02-11"},{"lineNumber":17,"author":{"gitId":"nikhilo0"},"content":"        return description;","lastModifiedDate":"2023-02-11"},{"lineNumber":18,"author":{"gitId":"nikhilo0"},"content":"    }","lastModifiedDate":"2023-02-11"},{"lineNumber":19,"author":{"gitId":"nikhilo0"},"content":"","lastModifiedDate":"2023-02-11"},{"lineNumber":20,"author":{"gitId":"nikhilo0"},"content":"    public String getStatusIcon() {","lastModifiedDate":"2023-02-11"},{"lineNumber":21,"author":{"gitId":"nikhilo0"},"content":"        return (isDone ? \"X\" : \" \"); // mark done task with X","lastModifiedDate":"2023-02-11"},{"lineNumber":22,"author":{"gitId":"nikhilo0"},"content":"    }","lastModifiedDate":"2023-02-11"},{"lineNumber":23,"author":{"gitId":"nikhilo0"},"content":"","lastModifiedDate":"2023-02-11"},{"lineNumber":24,"author":{"gitId":"nikhilo0"},"content":"    public void markAsDone(){","lastModifiedDate":"2023-02-11"},{"lineNumber":25,"author":{"gitId":"nikhilo0"},"content":"        isDone\u003dtrue;","lastModifiedDate":"2023-02-11"},{"lineNumber":26,"author":{"gitId":"nikhilo0"},"content":"","lastModifiedDate":"2023-04-09"},{"lineNumber":27,"author":{"gitId":"nikhilo0"},"content":"","lastModifiedDate":"2023-04-09"},{"lineNumber":28,"author":{"gitId":"nikhilo0"},"content":"    }","lastModifiedDate":"2023-02-11"},{"lineNumber":29,"author":{"gitId":"nikhilo0"},"content":"","lastModifiedDate":"2023-02-11"},{"lineNumber":30,"author":{"gitId":"nikhilo0"},"content":"    public void markAsUndone(){","lastModifiedDate":"2023-02-11"},{"lineNumber":31,"author":{"gitId":"nikhilo0"},"content":"        isDone\u003dfalse;","lastModifiedDate":"2023-02-11"},{"lineNumber":32,"author":{"gitId":"nikhilo0"},"content":"        System.out.println(\"Alright! The task has been marked Undone!\\n\");","lastModifiedDate":"2023-02-11"},{"lineNumber":33,"author":{"gitId":"nikhilo0"},"content":"","lastModifiedDate":"2023-04-09"},{"lineNumber":34,"author":{"gitId":"nikhilo0"},"content":"    }","lastModifiedDate":"2023-02-11"},{"lineNumber":35,"author":{"gitId":"nikhilo0"},"content":"","lastModifiedDate":"2023-02-11"},{"lineNumber":36,"author":{"gitId":"nikhilo0"},"content":"    @Override","lastModifiedDate":"2023-02-11"},{"lineNumber":37,"author":{"gitId":"nikhilo0"},"content":"    public String toString() {","lastModifiedDate":"2023-02-11"},{"lineNumber":38,"author":{"gitId":"nikhilo0"},"content":"","lastModifiedDate":"2023-02-11"},{"lineNumber":39,"author":{"gitId":"nikhilo0"},"content":"        return \"[\"+ getStatusIcon()+\"] \"+ description;","lastModifiedDate":"2023-02-11"},{"lineNumber":40,"author":{"gitId":"nikhilo0"},"content":"    }","lastModifiedDate":"2023-02-11"},{"lineNumber":41,"author":{"gitId":"nikhilo0"},"content":"","lastModifiedDate":"2023-04-09"},{"lineNumber":42,"author":{"gitId":"nikhilo0"},"content":"    public LocalDate toDate(String da){","lastModifiedDate":"2023-04-09"},{"lineNumber":43,"author":{"gitId":"nikhilo0"},"content":"        LocalDate dat\u003d LocalDate.parse(da);","lastModifiedDate":"2023-04-09"},{"lineNumber":44,"author":{"gitId":"nikhilo0"},"content":"        return dat;","lastModifiedDate":"2023-04-09"},{"lineNumber":45,"author":{"gitId":"nikhilo0"},"content":"    }","lastModifiedDate":"2023-04-09"},{"lineNumber":46,"author":{"gitId":"nikhilo0"},"content":"}","lastModifiedDate":"2023-02-11"}],"authorContributionMap":{"nikhilo0":46}},{"path":"src/main/java/duke/Todo.java","fileType":"java","lines":[{"lineNumber":1,"author":{"gitId":"nikhilo0"},"content":"package duke;","lastModifiedDate":"2023-04-22"},{"lineNumber":2,"author":{"gitId":"nikhilo0"},"content":"public class Todo extends Task {","lastModifiedDate":"2023-02-11"},{"lineNumber":3,"author":{"gitId":"nikhilo0"},"content":"    //protected boolean isDone;","lastModifiedDate":"2023-04-09"},{"lineNumber":4,"author":{"gitId":"nikhilo0"},"content":"","lastModifiedDate":"2023-02-11"},{"lineNumber":5,"author":{"gitId":"nikhilo0"},"content":"    public Todo(String description) {","lastModifiedDate":"2023-02-11"},{"lineNumber":6,"author":{"gitId":"nikhilo0"},"content":"        super(description);","lastModifiedDate":"2023-02-11"},{"lineNumber":7,"author":{"gitId":"nikhilo0"},"content":"        isDone \u003d false;","lastModifiedDate":"2023-02-11"},{"lineNumber":8,"author":{"gitId":"nikhilo0"},"content":"    }","lastModifiedDate":"2023-02-11"},{"lineNumber":9,"author":{"gitId":"nikhilo0"},"content":"","lastModifiedDate":"2023-02-11"},{"lineNumber":10,"author":{"gitId":"nikhilo0"},"content":"","lastModifiedDate":"2023-02-11"},{"lineNumber":11,"author":{"gitId":"nikhilo0"},"content":"","lastModifiedDate":"2023-02-11"},{"lineNumber":12,"author":{"gitId":"nikhilo0"},"content":"    @Override","lastModifiedDate":"2023-02-11"},{"lineNumber":13,"author":{"gitId":"nikhilo0"},"content":"    public String toString() {","lastModifiedDate":"2023-02-11"},{"lineNumber":14,"author":{"gitId":"nikhilo0"},"content":"        return \"[T]\" + super.toString() ;","lastModifiedDate":"2023-02-11"},{"lineNumber":15,"author":{"gitId":"nikhilo0"},"content":"    }","lastModifiedDate":"2023-02-11"},{"lineNumber":16,"author":{"gitId":"nikhilo0"},"content":"}","lastModifiedDate":"2023-02-11"}],"authorContributionMap":{"nikhilo0":16}},{"path":"src/test/java/duke/DeadlineTest.java","fileType":"java","lines":[{"lineNumber":1,"author":{"gitId":"nikhilo0"},"content":"package duke;","lastModifiedDate":"2023-04-22"},{"lineNumber":2,"author":{"gitId":"nikhilo0"},"content":"","lastModifiedDate":"2023-04-22"},{"lineNumber":3,"author":{"gitId":"nikhilo0"},"content":"import org.junit.jupiter.api.Test;","lastModifiedDate":"2023-04-22"},{"lineNumber":4,"author":{"gitId":"nikhilo0"},"content":"import org.junit.jupiter.api.Assertions;","lastModifiedDate":"2023-04-22"},{"lineNumber":5,"author":{"gitId":"nikhilo0"},"content":"","lastModifiedDate":"2023-04-22"},{"lineNumber":6,"author":{"gitId":"nikhilo0"},"content":"","lastModifiedDate":"2023-04-22"},{"lineNumber":7,"author":{"gitId":"nikhilo0"},"content":"","lastModifiedDate":"2023-04-22"},{"lineNumber":8,"author":{"gitId":"nikhilo0"},"content":"public class DeadlineTest {","lastModifiedDate":"2023-04-22"},{"lineNumber":9,"author":{"gitId":"nikhilo0"},"content":"","lastModifiedDate":"2023-04-22"},{"lineNumber":10,"author":{"gitId":"nikhilo0"},"content":"","lastModifiedDate":"2023-04-22"},{"lineNumber":11,"author":{"gitId":"nikhilo0"},"content":"    @Test","lastModifiedDate":"2023-04-22"},{"lineNumber":12,"author":{"gitId":"nikhilo0"},"content":"    void setByTest() {","lastModifiedDate":"2023-04-22"},{"lineNumber":13,"author":{"gitId":"nikhilo0"},"content":"        Deadline deadline \u003d new Deadline(\"Submit application\", \"2023-07-20\");","lastModifiedDate":"2023-04-22"},{"lineNumber":14,"author":{"gitId":"nikhilo0"},"content":"        deadline.setBy(\"2023-07-20\");","lastModifiedDate":"2023-04-22"},{"lineNumber":15,"author":{"gitId":"nikhilo0"},"content":"        Assertions.assertEquals(\"2023-07-20\", deadline.getBy());","lastModifiedDate":"2023-04-22"},{"lineNumber":16,"author":{"gitId":"nikhilo0"},"content":"    }","lastModifiedDate":"2023-04-22"},{"lineNumber":17,"author":{"gitId":"nikhilo0"},"content":"}","lastModifiedDate":"2023-04-22"}],"authorContributionMap":{"nikhilo0":17}},{"path":"src/test/java/duke/DukeTest.java","fileType":"java","lines":[{"lineNumber":1,"author":{"gitId":"nikhilo0"},"content":"package duke;","lastModifiedDate":"2023-04-22"},{"lineNumber":2,"author":{"gitId":"nikhilo0"},"content":"","lastModifiedDate":"2023-04-22"},{"lineNumber":3,"author":{"gitId":"nikhilo0"},"content":"import org.junit.jupiter.api.Test;","lastModifiedDate":"2023-04-22"},{"lineNumber":4,"author":{"gitId":"nikhilo0"},"content":"","lastModifiedDate":"2023-04-22"},{"lineNumber":5,"author":{"gitId":"nikhilo0"},"content":"import static org.junit.jupiter.api.Assertions.assertEquals;","lastModifiedDate":"2023-04-22"},{"lineNumber":6,"author":{"gitId":"nikhilo0"},"content":"","lastModifiedDate":"2023-04-22"},{"lineNumber":7,"author":{"gitId":"nikhilo0"},"content":"","lastModifiedDate":"2023-04-22"},{"lineNumber":8,"author":{"gitId":"nikhilo0"},"content":"","lastModifiedDate":"2023-04-22"},{"lineNumber":9,"author":{"gitId":"nikhilo0"},"content":"public class DukeTest {","lastModifiedDate":"2023-04-22"},{"lineNumber":10,"author":{"gitId":"nikhilo0"},"content":"","lastModifiedDate":"2023-04-22"},{"lineNumber":11,"author":{"gitId":"nikhilo0"},"content":"    @Test","lastModifiedDate":"2023-04-22"},{"lineNumber":12,"author":{"gitId":"nikhilo0"},"content":"    public void dummyTest(){","lastModifiedDate":"2023-04-22"},{"lineNumber":13,"author":{"gitId":"nikhilo0"},"content":"        assertEquals(2, 2);","lastModifiedDate":"2023-04-22"},{"lineNumber":14,"author":{"gitId":"nikhilo0"},"content":"    }","lastModifiedDate":"2023-04-22"},{"lineNumber":15,"author":{"gitId":"nikhilo0"},"content":"","lastModifiedDate":"2023-04-22"},{"lineNumber":16,"author":{"gitId":"nikhilo0"},"content":"","lastModifiedDate":"2023-04-22"},{"lineNumber":17,"author":{"gitId":"nikhilo0"},"content":"}","lastModifiedDate":"2023-04-22"}],"authorContributionMap":{"nikhilo0":17}},{"path":"src/test/java/duke/TaskTest.java","fileType":"java","lines":[{"lineNumber":1,"author":{"gitId":"nikhilo0"},"content":"package duke;","lastModifiedDate":"2023-04-22"},{"lineNumber":2,"author":{"gitId":"nikhilo0"},"content":"","lastModifiedDate":"2023-04-22"},{"lineNumber":3,"author":{"gitId":"nikhilo0"},"content":"import org.junit.jupiter.api.Test;","lastModifiedDate":"2023-04-22"},{"lineNumber":4,"author":{"gitId":"nikhilo0"},"content":"","lastModifiedDate":"2023-04-22"},{"lineNumber":5,"author":{"gitId":"nikhilo0"},"content":"import static org.junit.jupiter.api.Assertions.assertEquals;","lastModifiedDate":"2023-04-22"},{"lineNumber":6,"author":{"gitId":"nikhilo0"},"content":"","lastModifiedDate":"2023-04-22"},{"lineNumber":7,"author":{"gitId":"nikhilo0"},"content":"","lastModifiedDate":"2023-04-22"},{"lineNumber":8,"author":{"gitId":"nikhilo0"},"content":"","lastModifiedDate":"2023-04-22"},{"lineNumber":9,"author":{"gitId":"nikhilo0"},"content":"public class TaskTest {","lastModifiedDate":"2023-04-22"},{"lineNumber":10,"author":{"gitId":"nikhilo0"},"content":"","lastModifiedDate":"2023-04-22"},{"lineNumber":11,"author":{"gitId":"nikhilo0"},"content":"    @Test","lastModifiedDate":"2023-04-22"},{"lineNumber":12,"author":{"gitId":"nikhilo0"},"content":"    public void testGetDescription() {","lastModifiedDate":"2023-04-22"},{"lineNumber":13,"author":{"gitId":"nikhilo0"},"content":"        Task task \u003d new Task(\"Test task\");","lastModifiedDate":"2023-04-22"},{"lineNumber":14,"author":{"gitId":"nikhilo0"},"content":"        assertEquals(\"Test task\", task.getDescription());","lastModifiedDate":"2023-04-22"},{"lineNumber":15,"author":{"gitId":"nikhilo0"},"content":"    }","lastModifiedDate":"2023-04-22"},{"lineNumber":16,"author":{"gitId":"nikhilo0"},"content":"}","lastModifiedDate":"2023-04-22"}],"authorContributionMap":{"nikhilo0":16}}]
