{"authorDailyContributionsMap":{"nikhilo0":[{"date":"2023-02-11","commitResults":[{"hash":"ecb88fa12352b39e7d9b4bfd14a364d45316eb27","isMergeCommit":false,"messageTitle":"Level 1 to 4","messageBody":"","fileTypesAndContributionMap":{"java":{"insertions":177,"deletions":0}}}]},{"date":"2023-04-09","commitResults":[{"hash":"8f6cf521e26875c68a30655cd9889b46eb64d5fb","isMergeCommit":false,"messageTitle":"Levels completed","messageBody":"","fileTypesAndContributionMap":{"java":{"insertions":359,"deletions":59}}}]},{"date":"2023-04-12","commitResults":[{"hash":"16197105e8c0fe44168ebc1202cf14b3780323c8","isMergeCommit":true,"messageTitle":"Merge commit \u0027556af3f47a96b32898ab4cdbd65b16486a4871e8\u0027","messageBody":"","fileTypesAndContributionMap":{}},{"hash":"5df529e328d90978bdb04ae8b947cd2c4fb42783","isMergeCommit":true,"messageTitle":"Merge branch \u0027Level5-9\u0027","messageBody":"","fileTypesAndContributionMap":{}}]},{"date":"2023-04-22","commitResults":[{"hash":"3d010f74b5ca9921de3a9cd0078a63f5b0d1dbeb","isMergeCommit":false,"messageTitle":"Gradle and Junit tests","messageBody":"","fileTypesAndContributionMap":{"gradle":{"insertions":1,"deletions":1},"java":{"insertions":60,"deletions":2}}},{"hash":"3bc8534e89e6768f84c1057fd1ad04b4b16c6c55","isMergeCommit":false,"messageTitle":"Individual Feature 1 and 2","messageBody":"","fileTypesAndContributionMap":{"java":{"insertions":14,"deletions":0}}},{"hash":"28309f01b2032d8991cf344d3062049352b3bc27","isMergeCommit":false,"messageTitle":"no message","messageBody":"","fileTypesAndContributionMap":{"java":{"insertions":6,"deletions":1}}}]}]},"authorFileTypeContributionMap":{"nikhilo0":{"java":554,"md":0,"fxml":0,"sh":0,"bat":0,"gradle":1,"txt":0}},"authorContributionVariance":{"nikhilo0":2007.9987},"authorDisplayNameMap":{"nikhilo0":"NIKH..NKAR"}}
